trial_name,subject_id,category,success,latency,reaction_time(ms),emg_channel,amplitude_mean(copOnset_postPeak),amplitude_mean(copOnset_stopPerceived),amplitude_mean(postPeak_frontPeak),amplitude_mean(preGreen_copOnset),amplitude_mean(stopPerceived_postPeak),average_peaks(copOnset_postPeak),average_peaks(copOnset_stopPerceived),average_peaks(postPeak_frontPeak),average_peaks(preGreen_copOnset),average_peaks(stopPerceived_postPeak),iEMG(copOnset_postPeak),iEMG(copOnset_stopPerceived),iEMG(postPeak_frontPeak),iEMG(preGreen_copOnset),iEMG(stopPerceived_postPeak)
ID_02_ri_YA_gaitinitiation_0_bl2_GO0003,02,YA,True,early,308.5,01_ri_soleus,0.2839183780686345,0.09170862407165635,0.21813320758997587,0.0974403351430035,0.09086194352607227,0.9993019805290768,0.9993019805290768,0.4114986999290958,0.9633720557788484,0.28317240383216996,153.8166155076132,621.8420626721247,124.3517419098299,118.06562704112721,34.059342804551136
ID_02_ri_YA_gaitinitiation_0_bl2_GO0003,02,YA,True,early,308.5,02_ri_gastroc_med,0.29242955429654094,0.029475353464588353,0.041809949883650034,0.02908828043473671,0.05267990786089627,0.9992378533425216,0.9992378533425216,0.10850575976010086,0.6669970873020528,0.4556525472799821,158.6898095594911,199.68319372394643,23.816290443520373,35.04928410240944,19.62944869432785
ID_02_ri_YA_gaitinitiation_0_bl2_GO0003,02,YA,True,early,308.5,03_ri_tib_ant,0.05903129073949126,0.03728303609502181,0.0004487573640042832,0.1972271107966692,0.054792167027076066,0.15957469821340783,0.9991636535651148,0.0011181400806896538,0.9991636535651148,0.15957469821340783,32.10536966034937,252.81253308808252,0.2565011619404245,240.0169276106639,20.63347063257683
ID_02_ri_YA_gaitinitiation_0_bl2_GO0003,02,YA,True,early,308.5,06_le_tib_ant,0.04859428190476236,0.015278567581299834,0.007955943270398462,0.061100040580996766,0.02585020312645258,0.12064410823121707,0.17613093587664477,0.013242545771403477,0.17613093587664477,0.09717001367206388,26.40082067785483,103.58286276604372,4.53442635689537,74.32996013147665,9.714462472962701
ID_02_ri_YA_gaitinitiation_0_bl2_GO0003,02,YA,True,early,308.5,07_le_soleus,0.36536963960547725,0.028986375893574275,0.050543653321211274,0.01533413448291348,0.1607276616809683,0.9995028637384846,0.9995028637384846,0.11660737257370038,0.3919298534890271,0.7951062761841216,198.48855829611531,196.19676963217606,28.790312386292655,18.44699784915117,60.28483078472828
ID_02_ri_YA_gaitinitiation_0_bl2_GO0003,02,YA,True,early,308.5,08_le_gastroc_med,0.32865336527960276,0.022585790439876692,0.013545619517977284,0.009473982865961761,0.11428407550715793,0.9994067022031471,0.9994067022031471,0.02324265951038211,0.35891772837472224,0.7512197868722921,178.57828595131468,152.80364377052845,7.721271161664214,11.334934765933687,42.796075513106324
ID_02_ri_YA_gaitinitiation_0_bl1_GO0004,02,YA,False,early,304.5,01_ri_soleus,0.2782624184543059,0.015972539236215923,0.29111323444545734,0.0089856797096755,0.367118902502272,0.9996817280279495,0.06571075350693427,0.8167012095981677,0.025501422614794884,0.9996817280279495,172.64266858705727,140.11850898169237,415.21776378693676,10.842546664460535,167.71396799655955
ID_02_ri_YA_gaitinitiation_0_bl1_GO0004,02,YA,False,early,304.5,02_ri_gastroc_med,0.4275448364146439,0.020419595195787753,0.43660422132532734,0.005405214394660438,0.4429397240074299,0.8543721330909809,0.8032028629941615,0.9995909625585494,0.03667017979075683,0.8543721330909809,265.5826224063353,178.73069889287802,623.127954280734,6.511735521445325,202.1238248078118
ID_02_ri_YA_gaitinitiation_0_bl1_GO0004,02,YA,False,early,304.5,03_ri_tib_ant,0.08781037609571098,0.02472287596779653,0.10258241969181696,0.16697625521955783,0.08959960926549519,0.15544873058649825,0.9991756246527087,0.25797027272324585,0.9991756246527087,0.15543261793705873,54.536649044458464,216.81603241098196,146.4152330535497,201.85872594736347,40.89246864479672
ID_02_ri_YA_gaitinitiation_0_bl1_GO0004,02,YA,False,early,304.5,06_le_tib_ant,0.1427273844853019,0.004592058919851216,0.17682161621676815,0.017066521065322356,0.15412315627105055,0.4518906045686976,0.20968065341681577,0.9992368475562591,0.04608329680786257,0.4518906045686976,88.55086258239365,40.18124298002599,252.27973872496636,20.624784715201923,70.2669044017438
ID_02_ri_YA_gaitinitiation_0_bl1_GO0004,02,YA,False,early,304.5,07_le_soleus,0.33439261636189377,0.005070199394676276,0.18113054304004875,0.0012744864769064386,0.4509629996420394,0.9994156949870188,0.17400064194426004,0.5168110019791525,0.009631820653793184,0.9994156949870188,208.01223078845555,44.37924125548624,258.57665264148375,1.5533646916851003,206.44468856226553
ID_02_ri_YA_gaitinitiation_0_bl1_GO0004,02,YA,False,early,304.5,08_le_gastroc_med,0.3573711293572537,0.008903877624909833,0.16712630345430568,0.0027802180216564627,0.48746242751705476,0.9995054843555387,0.10689747709842015,0.5813475008202514,0.016732782398251867,0.9995054843555387,222.26042257182556,78.05011403676016,238.47195950135276,3.370231109485362,223.15721961316217
ID_02_ri_YA_gaitinitiation_0_bl1_GO0010,02,YA,False,late,435.0,01_ri_soleus,0.10093892470097304,0.03709921180006233,0.3406638316770683,0.022183495432505244,0.1366704311196164,0.31544879540696324,0.11336581810392835,0.9990037273985504,0.07665683311027456,0.31544879540696324,60.901882868792484,265.79369989473474,510.35953462198063,32.5971916735096,42.02236231682167
ID_02_ri_YA_gaitinitiation_0_bl1_GO0010,02,YA,False,late,435.0,02_ri_gastroc_med,0.06138931913373373,0.00275940352554148,0.3043010515909886,0.0009421436543844505,0.08889389221422524,0.40549660207010907,0.06312519875247924,0.9994811754840145,0.003981405840699364,0.40549660207010907,36.93114630594063,19.758319894288004,455.8278500417307,1.385176989635992,27.243594296741307
ID_02_ri_YA_gaitinitiation_0_bl1_GO0010,02,YA,False,late,435.0,03_ri_tib_ant,0.28647652754598535,0.032357562839974444,0.2129724292703014,0.15563333983908667,0.5540829426392543,0.9991583587619836,0.7899250320203741,0.9315588421526456,0.7899250320203741,0.9991583587619836,173.14365281516405,231.85745010626835,319.0827429896507,228.7677076522497,171.0327094813499
ID_02_ri_YA_gaitinitiation_0_bl1_GO0010,02,YA,False,late,435.0,06_le_tib_ant,0.16331634180238164,0.006816686626908336,0.21989003607417243,0.02807515004920975,0.29812299471639914,0.44492560912524226,0.13192932180863326,0.9993891194718078,0.13192932180863326,0.44492560912524226,98.60403395284033,48.808940487239454,329.3940155550354,41.24599151544492,91.90192187009262
ID_02_ri_YA_gaitinitiation_0_bl1_GO0010,02,YA,False,late,435.0,07_le_soleus,0.24711982454986353,0.012016405284399562,0.18767321876850485,0.0009568544500816753,0.2756332492825336,0.4771916312856842,0.4771916312856842,0.9995437412750494,0.004453572037140067,0.43133241480644646,149.45846308393135,85.88523141382453,281.2644392806228,1.4146157561356318,84.89247113692024
ID_02_ri_YA_gaitinitiation_0_bl1_GO0010,02,YA,False,late,435.0,08_le_gastroc_med,0.25476498824152305,0.009772902277029087,0.23488734597148272,0.0010852635480867847,0.3157149946319318,0.5979848276522872,0.5972705249476571,0.9997793725249077,0.004453393114700389,0.5959262346231518,154.06555907514087,69.73299560778771,352.01981099484794,1.6033779254342064,97.18033576117809
ID_02_ri_YA_gaitinitiation_0_bl1_GO0014,02,YA,True,early,408.0,01_ri_soleus,0.5590060032362513,0.05701248348116826,0.07778784097417012,0.039306476321018614,0.5353594675795014,0.9988880595609055,0.725457790285688,0.1592387332516163,0.27193452969192156,0.9988880595609055,263.1520149619859,625.6439795976187,52.52266549212328,55.48990865799193,164.03693086334135
ID_02_ri_YA_gaitinitiation_0_bl1_GO0014,02,YA,True,early,408.0,02_ri_gastroc_med,0.3531364623846654,0.022218461587625003,0.07920758530053512,0.009638888620231632,0.12486072026241084,0.9992020365844173,0.9992020365844173,0.2428853906551205,0.29035742142281995,0.7302585001016999,166.14750531127896,243.5640338290621,53.494780181600426,13.482488039343822,37.93159583587267
ID_02_ri_YA_gaitinitiation_0_bl1_GO0014,02,YA,True,early,408.0,03_ri_tib_ant,0.3521473413422641,0.03496274857946879,0.02502188357423819,0.21796113456018668,0.33154134827169107,0.5521856471985533,0.9989726659564985,0.10447299521127625,0.9989726659564985,0.5518748378906636,165.65741264534975,383.6144038803385,16.857123576181657,308.4863708509609,101.44911313835597
ID_02_ri_YA_gaitinitiation_0_bl1_GO0014,02,YA,True,early,408.0,06_le_tib_ant,0.08792620367486667,0.0311156993163173,0.021182259498054627,0.2088543278501913,0.07667483911487061,0.1938079103496384,0.9987548983502027,0.07222049320463578,0.9987548983502027,0.11336068344613703,41.27550256546003,341.6262062760571,14.275992981967352,295.6351921338083,23.479599291760838
ID_02_ri_YA_gaitinitiation_0_bl1_GO0014,02,YA,True,early,408.0,07_le_soleus,0.3692329118985327,0.01725875883545994,0.06295019863294597,0.005125474752295815,0.16686403635793234,0.9990416714286177,0.9990416714286177,0.11990883233239544,0.22321374491618434,0.7647660532723094,173.75798794413998,189.09312760224427,42.5137816741865,7.130222141060795,50.806367006085274
ID_02_ri_YA_gaitinitiation_0_bl1_GO0014,02,YA,True,early,408.0,08_le_gastroc_med,0.407037520812343,0.012785508450631786,0.028874596867745628,0.0014815836892668646,0.24951804112112205,0.9994872273284798,0.9994872273284798,0.05297405161230392,0.1641215705458145,0.9535874494179308,191.606143298569,139.89847686866204,19.498875770117102,2.0035089436726112,76.10498653767519
ID_02_ri_YA_gaitinitiation_0_bl1_GO0016,02,YA,False,late,742.5,01_ri_soleus,0.08625260954745101,0.07477899850752442,0.6244935760063722,0.08064622795474818,0.04452209104198268,0.29300285339839766,0.356380654708241,0.999801428272623,0.356380654708241,0.29300285339839766,45.56892546361808,877.5713157501043,712.1900005160377,168.02570985934113,12.311299295953543
ID_02_ri_YA_gaitinitiation_0_bl1_GO0016,02,YA,False,late,742.5,02_ri_gastroc_med,0.10099613038897712,0.01620974989841633,0.5055777973459785,0.019901278291376053,0.04548280070309285,0.3396620858088431,0.318274657599177,0.9993451562111622,0.2532952944548317,0.3395472594313582,53.31499860016481,190.2429188243935,576.4959125483846,41.35818128546591,12.56131761500228
ID_02_ri_YA_gaitinitiation_0_bl1_GO0016,02,YA,False,late,742.5,03_ri_tib_ant,0.11711571147087858,0.027524657621011667,0.18041488594579014,0.1255691538096181,0.08652092273698564,0.2504155222249679,0.887972912163522,0.998990122759961,0.887972912163522,0.160325486399655,62.1473746760262,322.9444502361725,205.8278449715683,261.79473102874505,24.11742908190491
ID_02_ri_YA_gaitinitiation_0_bl1_GO0016,02,YA,False,late,742.5,06_le_tib_ant,0.17405040647693973,0.006672317993571503,0.24879704294630617,0.01669638711371935,0.1842126626519468,0.43178519583753683,0.4072981726255713,0.9992704108347414,0.0727820239352145,0.4312181481156555,92.18126028248139,78.10367689494122,283.64249844456145,34.804092205639215,51.14559456326235
ID_02_ri_YA_gaitinitiation_0_bl1_GO0016,02,YA,False,late,742.5,07_le_soleus,0.4569766147477206,0.015274529566235956,0.03762704551179099,0.006609832100126596,0.6127164923168851,0.999475810044393,0.44594142395488134,0.5725404443853084,0.04023322031759324,0.999475810044393,242.3223079532579,179.15222817751615,42.591578855120225,13.750900507602008,171.1499697813302
ID_02_ri_YA_gaitinitiation_0_bl1_GO0016,02,YA,False,late,742.5,08_le_gastroc_med,0.4297570262619629,0.01746591836375195,0.016983596761463795,0.0025880412639869873,0.26359075568950563,0.9993450727803387,0.9993450727803387,0.19149898713460034,0.018764650311655216,0.6044685012128533,228.08885056476487,204.65590896096407,19.263754399074788,5.38044591543837,73.38842603538905
ID_02_ri_YA_gaitinitiation_0_bl2_GO0009,02,YA,False,late,197.0,01_ri_soleus,0.10787801119635691,0.034394963344840684,0.37442543103079273,0.025843260747806553,0.11225765388968313,0.5387294929699242,0.37763508388327327,0.9995170923890212,0.05599123505690192,0.5387294929699242,95.61438340742679,448.2081747136822,452.2829032612641,25.66497143521477,27.73103634508099
ID_02_ri_YA_gaitinitiation_0_bl2_GO0009,02,YA,False,late,197.0,02_ri_gastroc_med,0.21175632144450177,0.020573235248724335,0.3141073300680352,0.0030991082543291152,0.08615036118896144,0.9989886524950256,0.9989886524950256,0.7957738016863365,0.007373691348984274,0.4614465276205194,188.00496964218556,268.02168096413266,379.470732916326,3.0783033462357494,21.188093261759448
ID_02_ri_YA_gaitinitiation_0_bl2_GO0009,02,YA,False,late,197.0,03_ri_tib_ant,0.4424526163141815,0.015503459767099805,0.03938145031736525,0.0193744044086783,0.848376585462626,0.9998386496934808,0.8289756909523869,0.30318973396974797,0.47055185343354006,0.9998386496934808,392.9182438081531,201.62890353036832,47.44652588415936,19.008010011531972,211.49502558926196
ID_02_ri_YA_gaitinitiation_0_bl2_GO0009,02,YA,False,late,197.0,06_le_tib_ant,0.12157179024164756,0.005462229314400689,0.2068183022234727,0.050979790631611385,0.3618282101420291,0.9111765757600179,0.29189775555268216,0.9989982704004718,0.29189775555268216,0.9111765757600179,107.6015142505026,71.19012763150556,249.58612830354892,50.654250399749,90.00126003552047
ID_02_ri_YA_gaitinitiation_0_bl2_GO0009,02,YA,False,late,197.0,07_le_soleus,0.2461459760386929,0.021594778620380912,0.09052372453210605,0.004467846789571221,0.245238391914816,0.9991805478689987,0.9991805478689987,0.29733950773077833,0.008979367230687822,0.5767624620208367,218.78834983588055,281.1363238799335,109.38351368220671,4.436191963530346,60.97443140223923
ID_02_ri_YA_gaitinitiation_0_bl2_GO0009,02,YA,False,late,197.0,08_le_gastroc_med,0.3037418382936568,0.014724188100599271,0.09604052355713927,0.002414069825994397,0.4431416891401151,0.9991974687538946,0.9991974687538946,0.3646447108548262,0.005347557206135513,0.5588985098754022,269.9030152791151,191.6064478723848,115.9696387751992,2.3975344095780224,110.37227291696004
ID_02_ri_YA_gaitinitiation_0_bl2_GO0015,02,YA,False,early,459.5,01_ri_soleus,0.07685445233044763,0.14474903818003435,0.2589672276147837,0.21273532965436776,0.11871903041013963,0.3315015907902287,0.9994333519267476,0.6366215908924108,0.9994333519267476,0.3315015907902287,28.84536065982136,1608.6921053367382,143.4086180399669,323.05908944070995,21.5247580143684
ID_02_ri_YA_gaitinitiation_0_bl2_GO0015,02,YA,False,early,459.5,02_ri_gastroc_med,0.08882597265957759,0.02992767728212885,0.0323621153583818,0.11966256292770966,0.02345486361361479,0.19566536735053772,0.9989469432421737,0.04551137217782396,0.9989469432421737,0.06177150364254084,33.491184707118585,332.5776406635414,17.925623788871953,181.6866205437473,4.24590371148707
ID_02_ri_YA_gaitinitiation_0_bl2_GO0015,02,YA,False,early,459.5,03_ri_tib_ant,0.07939179133658482,0.03768452858991681,0.0020326028023335634,0.24440765301227946,3.7176330751532444e-06,0.589496284115256,0.998865440646209,0.002830783767979205,0.998865440646209,0.002737791417648905,29.6952808102777,418.8282813896848,1.125795553392296,370.9368424375531,0.002392752084512617
ID_02_ri_YA_gaitinitiation_0_bl2_GO0015,02,YA,False,early,459.5,06_le_tib_ant,0.0740409790162557,0.017111248786715567,0.002943506169678184,0.09649818672005553,-0.011979160426956936,0.6315886133187465,0.9987788333032943,0.00446163040270929,0.9987788333032943,0.0035671129119706864,27.650690727970346,190.19172205710802,1.6307010687479235,146.24091819801083,-2.1760473310788226
ID_02_ri_YA_gaitinitiation_0_bl2_GO0015,02,YA,False,early,459.5,07_le_soleus,0.253022783110296,0.05488656527710798,0.07455386683138157,0.0507404808142891,0.036531657842174645,0.5986119409710657,0.5986119409710657,0.10923758485814676,0.2988233928528013,0.1840643396095073,95.475317790839,609.9006741818084,41.34116098106212,76.88709192581092,6.579358748593857
ID_02_ri_YA_gaitinitiation_0_bl2_GO0015,02,YA,False,early,459.5,08_le_gastroc_med,0.42172082472452077,0.01918841933855308,0.033577545401056126,0.029637316912007185,0.08198013247273489,0.9989513943639748,0.9989513943639748,0.06675042911491988,0.301274497849068,0.42666464315945696,159.25594076724084,213.02480400123346,18.632398312569617,44.85604485976923,14.782035290585208
ID_02_ri_YA_gaitinitiation_0_bl3_GO0003,02,YA,False,late,446.5,01_ri_soleus,0.0752393408317957,0.02776634350769734,0.19255052140719256,0.014019056451847376,0.1081254092782953,0.13551637606697903,0.07301288164135267,0.9993659644932784,0.05812317037115555,0.13551637606697903,33.62197611176263,308.9288277432365,288.57476450989105,20.881060933219203,22.94530976866038
ID_02_ri_YA_gaitinitiation_0_bl3_GO0003,02,YA,False,late,446.5,02_ri_gastroc_med,0.1935310723103418,0.01963452557731929,0.21395283295947692,0.011349006239194272,0.015564399970632673,0.5073821924170364,0.5073821924170364,0.9996425216982141,0.25072825427260004,0.1258942161106167,86.49652138033801,218.45345087767527,320.64625384644484,16.80410851920765,3.2115129633436164
ID_02_ri_YA_gaitinitiation_0_bl3_GO0003,02,YA,False,late,446.5,03_ri_tib_ant,0.5384781814076902,0.02808167293276465,0.1131353721847765,0.1436329970720534,0.6835380639034466,0.9466542184806679,0.9990173101779046,0.46312577203229754,0.9990173101779046,0.9246856339155322,241.0049043756792,312.02454174153286,169.32180699082,214.45550381439688,144.88159304077527
ID_02_ri_YA_gaitinitiation_0_bl3_GO0003,02,YA,False,late,446.5,06_le_tib_ant,0.03983110259364813,0.004774434765047574,0.20291151354053355,0.033519519879066796,0.07892209935378625,0.1437362040379215,0.11769231807726954,0.9993459566782328,0.11769231807726954,0.1437362040379215,17.757017742971538,53.12200353994377,304.08722610916635,50.03166766620426,16.72767696449099
ID_02_ri_YA_gaitinitiation_0_bl3_GO0003,02,YA,False,late,446.5,07_le_soleus,0.5260454281073409,0.022161303742139093,0.28816653390611574,0.006152491774545925,0.55329005929947,0.9995579038902465,0.999285655605887,0.992979748481258,0.04612172311930376,0.9964349753507149,235.55334884492206,246.09967678434944,431.78034039930924,9.154409809204614,117.26338147077476
ID_02_ri_YA_gaitinitiation_0_bl3_GO0003,02,YA,False,late,446.5,08_le_gastroc_med,0.44693421520104326,0.012799779945747705,0.38875256497625826,0.00046686360922410045,0.44131795208999636,0.7944720722852016,0.7944720722852016,0.9997232229012184,0.00810368933916836,0.693651841368872,199.963132360151,142.07610782138957,582.4028370663484,0.6892763498869137,93.38711905459293
ID_02_ri_YA_gaitinitiation_0_bl3_GO0004,02,YA,True,late,411.0,01_ri_soleus,0.4593784545578497,0.13553925205180625,0.5751119779160732,0.10391192896139752,0.5030457891622766,0.9123369011259992,0.6607135784183374,0.9997499973129178,0.31007937993902823,0.9123369011259992,274.8571649865102,1238.2198011243627,590.3799221483489,147.52753081488908,141.36542555588403
ID_02_ri_YA_gaitinitiation_0_bl3_GO0004,02,YA,True,late,411.0,02_ri_gastroc_med,0.13371830553583525,0.013916619707002732,0.41504080287302664,0.002382877269724732,-0.009652490172395578,0.47311393119779843,0.47311393119779843,0.9997096512776948,0.05732219487789002,0.02917966231360843,80.04514443610853,127.1695855435202,426.1000995440252,3.35403260326676,-2.7517361445292385
ID_02_ri_YA_gaitinitiation_0_bl3_GO0004,02,YA,True,late,411.0,03_ri_tib_ant,0.2701766316931024,0.018795858931922958,0.06021252928142611,0.0366957213438248,0.1581914256076505,0.7043685607642945,0.7043685607642945,0.43040792879037015,0.1646293808091517,0.4116816506040387,161.6346669878012,171.63501115272595,61.62726492549754,52.18988825555692,44.26259746656514
ID_02_ri_YA_gaitinitiation_0_bl3_GO0004,02,YA,True,late,411.0,06_le_tib_ant,0.2159456446917697,0.006657452399349136,0.33445271551465905,0.03442781366123649,0.42925866551611236,0.9993884968606814,0.18726258078435531,0.9789739402830626,0.18726258078435531,0.9993884968606814,128.85344003187436,60.801448593219405,342.98783837208083,48.95218576896399,120.5156250154246
ID_02_ri_YA_gaitinitiation_0_bl3_GO0004,02,YA,True,late,411.0,07_le_soleus,0.4592430196067143,0.030288843455476624,0.1829679456181192,0.0060570264108794885,0.35728341359304305,0.9994986606157912,0.9994986606157912,0.6295355930842907,0.03121634890492342,0.6331104952045452,274.80321370805336,276.46770622767576,187.58153299005755,8.613506349808416,100.12841864440595
ID_02_ri_YA_gaitinitiation_0_bl3_GO0004,02,YA,True,late,411.0,08_le_gastroc_med,0.3439619900702051,0.021364056107106674,0.04541427499958434,-0.0019369168358037956,0.08316498657410018,0.9992976920920841,0.9992976920920841,0.1171641079053107,0.006137470250362789,0.24973528757632027,205.96784856914553,195.10633506229718,46.577780986063445,-2.7618115419074876,23.258109573141617
ID_02_ri_YA_gaitinitiation_0_bl3_GO0007,02,YA,True,early,392.0,01_ri_soleus,0.1548109714922661,0.07051816091509312,0.0742751942682102,0.12114466319210265,0.035246523720490315,0.8753309267207132,0.9993665768731915,0.10479224695083726,0.9993665768731915,0.07006148472233822,68.88186865933451,490.4202082920534,35.16110878191487,167.1867671099693,9.741206194874263
ID_02_ri_YA_gaitinitiation_0_bl3_GO0007,02,YA,True,early,392.0,02_ri_gastroc_med,0.14021114123892373,0.02650667405808983,0.025179681659653202,0.08466781765769525,-0.007175816710722477,0.9033842881751241,0.9991598400152737,0.058446391515255346,0.9991598400152737,0.04119682809312975,62.32897227160885,184.35490750821077,11.901778260852808,116.71351249622819,-2.0067119619915026
ID_02_ri_YA_gaitinitiation_0_bl3_GO0007,02,YA,True,early,392.0,03_ri_tib_ant,0.08175275367476191,0.03568876660521696,0.0006727157094495118,0.15398272693324178,0.01053918143459266,0.24660678480471213,0.9994196542071613,0.0015592761817625714,0.9994196542071613,0.09891533946398666,36.5599621179421,248.1607250537927,0.3188928366529499,213.0475571791671,2.865937936848933
ID_02_ri_YA_gaitinitiation_0_bl3_GO0007,02,YA,True,early,392.0,06_le_tib_ant,0.10903107876560567,0.02665641316596363,0.0213458529229887,0.09024027426331079,0.062334322452633394,0.2246099113134888,0.36337707270740904,0.03323470271583569,0.36337707270740904,0.13832898335227123,48.728922937428706,185.32307745002007,10.10432702791124,124.78070555166998,17.189264710776087
ID_02_ri_YA_gaitinitiation_0_bl3_GO0007,02,YA,True,early,392.0,07_le_soleus,0.2810113392336676,0.037554006047317685,0.04994946107812077,0.044706143923651874,0.027449294473629048,0.9990806911111983,0.9990806911111983,0.08698926926812886,0.83503346939974,0.14372398473459985,125.41571375785028,261.09707311097424,23.619597315391403,61.42763180316883,7.479030006674591
ID_02_ri_YA_gaitinitiation_0_bl3_GO0007,02,YA,True,early,392.0,08_le_gastroc_med,0.25851155152418853,0.027638447337614332,0.0359985986128053,0.05695184417915614,0.028517170330950508,0.9994150096672672,0.9994150096672672,0.09570287960367649,0.9713505426119265,0.10175962591075587,115.27190632697831,192.16727758201725,17.004706323064134,78.32935765430535,7.794774823024646
ID_02_ri_YA_gaitinitiation_0_bl3_GO0012,02,YA,True,early,420.0,01_ri_soleus,0.44960553104428824,0.10746777802583081,0.118778351256229,0.14548170691570977,0.044565577613472254,0.9986990049722744,0.9986990049722744,0.22982513805121632,0.8148813633562743,0.175389706401444,139.09541643527282,1185.3479681362842,77.50690693080327,209.208504160682,5.192998334750338
ID_02_ri_YA_gaitinitiation_0_bl3_GO0012,02,YA,True,early,420.0,02_ri_gastroc_med,0.10062359067985222,0.020875660703894103,0.04443546481117126,0.1238257424532898,0.040923348119790356,0.19202329890459027,0.9990084509988998,0.07515930395815416,0.9990084509988998,0.09743417798200012,31.164202100147524,230.22602052459283,28.983002313439545,178.2834967360467,4.811457469575223
ID_02_ri_YA_gaitinitiation_0_bl3_GO0012,02,YA,True,early,420.0,03_ri_tib_ant,0.1473776215810099,0.020932001549025036,0.00028912839087179504,0.1241535330636333,-0.02546162918491345,0.8199979161860445,0.9989136225797797,0.0019931166437212973,0.9989136225797797,-0.011194690509482522,45.265146352150275,230.9174820811167,0.19348872785808463,178.35032534517964,-3.00802372039706
ID_02_ri_YA_gaitinitiation_0_bl3_GO0012,02,YA,True,early,420.0,06_le_tib_ant,0.20168749851150175,0.020300747068002462,0.002193052350769898,0.10133528775112186,-0.025281214337142515,0.9127733359744754,0.9990936317141301,0.0051371619100726105,0.9990936317141301,-0.015392430260131146,62.0616099793785,223.9449893732691,1.4380843854683247,145.4511351100593,-2.992842416563243
ID_02_ri_YA_gaitinitiation_0_bl3_GO0012,02,YA,True,early,420.0,07_le_soleus,0.4879929042928275,0.02679771262931039,0.044474862642856355,0.018966874968461573,0.07739697703024302,0.9990342941453951,0.9990342941453951,0.11747086321157729,0.3987651930278861,0.2967843339475377,151.077947639371,295.4337988704324,29.052155035516567,27.091097358749536,9.067296647724184
ID_02_ri_YA_gaitinitiation_0_bl3_GO0012,02,YA,True,early,420.0,08_le_gastroc_med,0.5141548809957711,0.018098805008739876,0.020332221975653375,0.025365696301855464,0.13097210644930615,0.9990729405191953,0.9990729405191953,0.04468845450951814,0.3257090984847387,0.40192649221292465,159.22227646546366,199.42503456006307,13.283667690912212,36.34842693817342,15.382470588710335
ID_02_ri_YA_gaitinitiation_0_bl4_GO0003,02,YA,True,early,377.5,01_ri_soleus,0.42665120702536596,0.07419555893275995,0.1944379080617521,0.051561824938537726,0.3011749985966698,0.999397708358811,0.999397708358811,0.33035301397641736,0.33251997333979344,0.7046114758320134,287.726178124278,958.3605402063072,99.30992234497303,69.67252082109812,152.55237543247785
ID_02_ri_YA_gaitinitiation_0_bl4_GO0003,02,YA,True,early,377.5,02_ri_gastroc_med,0.3451956726261357,0.025837980592313403,0.10171607467513606,0.07431850184778195,0.2245942073559139,0.9988041194990893,0.9988041194990893,0.29354309404762435,0.5332857298258943,0.734714780859806,232.7524135538562,333.48593328633325,51.83788995850543,100.59438077856792,113.55496031188923
ID_02_ri_YA_gaitinitiation_0_bl4_GO0003,02,YA,True,early,377.5,03_ri_tib_ant,0.10560812535225338,0.014949151523150664,0.0009597662808561202,0.10694746172801892,0.04929954043881758,0.7477217809773324,0.9988922929166935,0.002808279363776465,0.9988922929166935,0.11997990917935716,70.89328922454884,193.14380808917795,0.49101029421554615,144.51781257260646,25.014656888970393
ID_02_ri_YA_gaitinitiation_0_bl4_GO0003,02,YA,True,early,377.5,06_le_tib_ant,0.380849189206976,0.01048875592706019,0.003915907336381925,0.07901526041160696,0.4728717606250823,0.9988141051152155,0.5992046188616044,0.056138756032914704,0.5992046188616044,0.9988141051152155,256.8639709281252,135.49404170871372,1.969713706878673,106.88631290602068,240.14332842295929
ID_02_ri_YA_gaitinitiation_0_bl4_GO0003,02,YA,True,early,377.5,07_le_soleus,0.3173567766404771,0.02365809034135313,0.037293051019480244,0.011327510908507877,0.1980114362971048,0.9991341432698363,0.9991341432698363,0.052633812277354565,0.1355615855806076,0.8923757684385117,214.10908270422075,305.247231419993,19.06065139812592,15.265903159396657,100.1059205796831
ID_02_ri_YA_gaitinitiation_0_bl4_GO0003,02,YA,True,early,377.5,08_le_gastroc_med,0.32555733304395035,0.010555252428982727,0.04931051071459844,0.0037248670248288948,0.2206160482396759,0.999417399666662,0.999417399666662,0.05948538274271957,0.10729233145747155,0.9735414286270727,219.66514709007976,135.90103367871333,25.211621361448554,4.9829058373515025,111.55919418324363
ID_02_ri_YA_gaitinitiation_0_bl4_GO0006,02,YA,True,early,400.0,01_ri_soleus,0.3294019119586047,0.14984731755321615,0.260285645171564,0.1342106431859283,0.2335108094748653,0.7143633662920965,0.7143633662920965,0.328625336596109,0.6181545696134443,0.358170608007223,201.43849349979487,1645.490588898902,83.03031870211774,187.47615475611582,100.06492156685393
ID_02_ri_YA_gaitinitiation_0_bl4_GO0006,02,YA,True,early,400.0,02_ri_gastroc_med,0.2990274987933291,0.03476629993875614,0.03516068820429351,0.07493433265134597,0.08835973033314622,0.9993930402063379,0.9993930402063379,0.04276446314241167,0.5767288891986353,0.31936459719942045,182.97469044082575,381.6577718249899,11.214175590635858,104.58786493118883,37.80173193986716
ID_02_ri_YA_gaitinitiation_0_bl4_GO0006,02,YA,True,early,400.0,03_ri_tib_ant,0.1953487794221117,0.03668026052942053,0.002257377849690905,0.20817525843648987,0.04952989942823758,0.6597761213875704,0.9997602020733822,0.0027332058160809704,0.9997602020733822,0.40231655894515617,119.40551284499969,402.6456382254798,0.7201933906089049,291.0997910566607,21.08572712579792
ID_02_ri_YA_gaitinitiation_0_bl4_GO0006,02,YA,True,early,400.0,06_le_tib_ant,0.038942592683566465,0.022130462257927707,0.004779444315712097,0.14701050240319985,0.019996870555163797,0.10867033594852293,0.9992156067787878,0.006225426011810641,0.9992156067787878,0.07335973398495475,23.845008037656406,243.01893490211893,1.5242289144220191,205.7896734560195,8.557335887545193
ID_02_ri_YA_gaitinitiation_0_bl4_GO0006,02,YA,True,early,400.0,07_le_soleus,0.2489984180522635,0.04900009673353493,0.0455067939268965,0.06088769924385484,0.047140881815289304,0.9991639320928012,0.9991639320928012,0.06829606214692463,0.7270946004289409,0.18323969948150917,152.2159251826231,538.0429224956276,14.508548659145731,84.84382854716056,20.13345229909805
ID_02_ri_YA_gaitinitiation_0_bl4_GO0006,02,YA,True,early,400.0,08_le_gastroc_med,0.27296735482926576,0.018856470450711635,0.032116017677982486,0.02032639565495298,0.05792214814547452,0.99917584689327,0.99917584689327,0.05154439104076526,0.5474810278810739,0.3130550440314587,167.00700189827427,206.92450046359687,10.239133441065604,28.162625349110034,24.709365066801908
ID_02_ri_YA_gaitinitiation_0_bl4_GO0007,02,YA,False,late,435.5,01_ri_soleus,0.15914860443577727,0.038484891702502924,0.4377402749414362,0.02362230791995641,0.29000830870906735,0.6664230532215205,0.12369288844244557,0.9992451202266608,0.12369288844244557,0.6664230532215205,121.66135247557227,357.46614073613375,655.8674278258322,34.741436451540096,100.6744892662325
ID_02_ri_YA_gaitinitiation_0_bl4_GO0007,02,YA,False,late,435.5,02_ri_gastroc_med,0.12504757481876505,0.005706610184543627,0.300961272844746,0.0002283023640786997,0.13774104590703878,0.400084773352002,0.3089316766646023,0.9995382721130323,0.001101920387830654,0.400084773352002,95.62996854554714,52.9820324880123,450.89732007832663,0.33987123492100696,47.748628939473036
ID_02_ri_YA_gaitinitiation_0_bl4_GO0007,02,YA,False,late,435.5,03_ri_tib_ant,0.37232612025551937,0.030043520316786965,0.06514504769412546,0.13821355429262647,0.609670583151701,0.9996340238578,0.9395540980072152,0.25134048060687136,0.9395540980072152,0.9996340238578,285.0790810802032,278.66797567927256,97.61714257660906,203.21929610856844,211.72627762792183
ID_02_ri_YA_gaitinitiation_0_bl4_GO0007,02,YA,False,late,435.5,06_le_tib_ant,0.13750874422190873,0.004970675820197939,0.1476169720784296,0.022504856735548986,0.27026220715263927,0.4926364739877541,0.14118875230831934,0.9991047220518565,0.14118875230831934,0.4926364739877541,105.14683384771156,46.16377548480102,221.11553767588802,33.083227150660804,93.87871791403063
ID_02_ri_YA_gaitinitiation_0_bl4_GO0007,02,YA,False,late,435.5,07_le_soleus,0.3018697282362623,0.02219633455073006,0.020147072301072846,0.0032559710252743203,0.2528820071158321,0.9995479070000227,0.9995479070000227,0.08551690766748314,0.009326686639078022,0.8105515725121032,231.2242798358525,205.751909803085,30.147712535172857,4.78971973107534,87.57218652719885
ID_02_ri_YA_gaitinitiation_0_bl4_GO0007,02,YA,False,late,435.5,08_le_gastroc_med,0.37284567716365086,0.012579082587925453,0.06703400832791784,0.0014839445356254581,0.5230087799264694,0.9992113617952729,0.9992113617952729,0.42821246828920545,0.002887578479282021,0.9774870494154652,285.54726737915655,116.35070407318206,100.24811235897765,2.183145793267718,181.45901237675733
ID_02_ri_YA_gaitinitiation_0_bl4_GO0016,02,YA,True,late,399.5,01_ri_soleus,0.2416880471974348,0.10464227547406367,0.27030839687074887,0.1312900296120119,nan,0.7317434058859515,0.7361442425863263,0.7366177984765632,0.691691319089865,nan,64.66163378676454,1158.405096490698,276.3360941509854,183.62975628784548,0.0
ID_02_ri_YA_gaitinitiation_0_bl4_GO0016,02,YA,True,late,399.5,02_ri_gastroc_med,0.36917843046888354,0.021789971775411386,0.16698846696288283,0.05420904530094343,nan,0.9992801844980578,0.9992801844980578,0.9881769197601322,0.44137564124441975,nan,98.8354197054946,240.80776597540432,170.46651939853365,75.85888544055038,0.0
ID_02_ri_YA_gaitinitiation_0_bl4_GO0016,02,YA,True,late,399.5,03_ri_tib_ant,0.48553361969947145,0.04453939644929983,0.1502266524959278,0.2509381396674947,nan,0.9741748130170196,0.9995629092937216,0.8250192412908074,0.9995629092937216,nan,129.94675268297914,493.03952059789015,153.6572594539375,350.57032283993146,0.0
ID_02_ri_YA_gaitinitiation_0_bl4_GO0016,02,YA,True,late,399.5,06_le_tib_ant,0.4508193071028462,0.02421239982220864,0.21711066643386082,0.09389320272057816,nan,0.8480722871401796,0.8480722871401796,0.9991945347839704,0.7147086039489701,nan,120.87084604437185,268.0958829893102,222.2893504275919,130.98778233589388,0.0
ID_02_ri_YA_gaitinitiation_0_bl4_GO0016,02,YA,True,late,399.5,07_le_soleus,0.14940676834228558,0.015838077712117822,0.16177706946736148,0.024058896035525242,nan,0.7440317794171963,0.7901531676669433,0.999113190294271,0.176429808719825,nan,39.812605035460265,174.97155397699754,165.25526656213256,33.66449822501892,0.0
ID_02_ri_YA_gaitinitiation_0_bl4_GO0016,02,YA,True,late,399.5,08_le_gastroc_med,0.14892024366836823,0.01084548680638382,0.19657244090489576,0.038237318122777995,nan,0.7607661432383845,0.80542175808935,0.9993291467283075,0.32752480612410245,nan,39.679138709562245,119.68333302972104,200.86051836735203,53.509658730682446,0.0
ID_03_le_YA_gaitinitiation_0_bl2_GO0006,03,YA,False,early,4607.5,01_ri_soleus,0.39465816208666604,nan,0.17709871101333644,0.02919125075555326,0.4144548185508408,0.6218444070805316,nan,0.9992666171809088,0.27625672551544794,0.6218444070805316,188.94948203719423,0.0,251.6881956067637,286.45571910943886,141.44217178987572
ID_03_le_YA_gaitinitiation_0_bl2_GO0006,03,YA,False,early,4607.5,02_ri_gastroc_med,0.4431959761966935,nan,0.095527777115497,0.010621258911320654,0.571932953927478,0.9993143689058949,nan,0.6539091131725043,0.10168121606313558,0.9993143689058949,212.16415959138396,0.0,135.71484198393617,104.23486526300582,195.38208450518977
ID_03_le_YA_gaitinitiation_0_bl2_GO0006,03,YA,False,early,4607.5,03_ri_tib_ant,0.22950141538612806,nan,0.22588023092199416,0.04046094706005968,0.24145987587944945,0.5439009837887165,nan,0.9997613995803303,0.7945024322998085,0.5439009837887165,109.7088536964104,0.0,321.0774405106347,397.01128138232497,82.2883259677588
ID_03_le_YA_gaitinitiation_0_bl2_GO0006,03,YA,False,early,4607.5,06_le_tib_ant,0.033887585431713066,nan,0.11317645013437128,0.046121978610521586,0.020623038540018467,0.1340308919777645,nan,0.6009675214865637,0.9998872827515258,0.049113227020131385,16.153479195329144,0.0,160.89671980398793,452.6129847234854,7.022392487981336
ID_03_le_YA_gaitinitiation_0_bl2_GO0006,03,YA,False,early,4607.5,07_le_soleus,0.17898301357136553,nan,0.3012657220715697,0.020677576504505732,0.2552773919171981,0.5446198971997009,nan,0.9996503570819378,0.26876036608172804,0.5446198971997009,85.59132736278326,0.0,428.22717303599165,202.94465676141675,87.17424304152819
ID_03_le_YA_gaitinitiation_0_bl2_GO0006,03,YA,False,early,4607.5,08_le_gastroc_med,0.41182066669508555,nan,0.24837124066645214,0.011327893656947863,0.5829719136047595,0.999760004709495,nan,0.8470868430852627,0.09197014221006618,0.999760004709495,196.8240806696993,0.0,352.7556163113324,111.17771581216957,198.95598820333825
ID_03_le_YA_gaitinitiation_0_bl1_GO0005,03,YA,False,early,4426.5,01_ri_soleus,0.31375997757160173,nan,0.13408263186987082,0.02130272973159721,0.4249401636520677,0.9994237441484979,nan,0.5056494176641945,0.06850089884434515,0.9994237441484979,185.7668023479685,0.0,134.65507457736476,201.38038093942598,180.03455977088706
ID_03_le_YA_gaitinitiation_0_bl1_GO0005,03,YA,False,early,4426.5,02_ri_gastroc_med,0.41815974578527393,nan,0.11010499467041537,0.023308917587058185,0.5775839616094269,0.9994905736430362,nan,0.26308282802161553,0.10064014564295162,0.9994905736430362,247.4552653403412,0.0,110.4934917810168,220.34817233910096,244.67476360284653
ID_03_le_YA_gaitinitiation_0_bl1_GO0005,03,YA,False,early,4426.5,03_ri_tib_ant,0.3702925890788759,nan,0.21037179140597037,0.025308214301454055,0.18282699682084125,0.9996130755361137,nan,0.7659426219880241,0.9914183004036825,0.48611746453716576,218.5215102258074,0.0,211.22079537509066,238.73963938140352,77.0683327865303
ID_03_le_YA_gaitinitiation_0_bl1_GO0005,03,YA,False,early,4426.5,06_le_tib_ant,0.22977909383923062,nan,0.013715078893665345,0.034373595000118065,0.1445354156524077,0.8088644595953213,nan,0.02192490866535585,0.9993977860627256,0.22363552164980544,135.60307685780884,0.0,13.77123051487673,324.51429245895855,61.16178991186905
ID_03_le_YA_gaitinitiation_0_bl1_GO0005,03,YA,False,early,4426.5,07_le_soleus,0.10562910508768196,nan,0.33902046091388466,0.026309860743413627,0.14619008661081834,0.8072160736507801,nan,0.9991759403467494,0.06767359226922745,0.8072160736507801,62.11343612035355,0.0,340.2804275800207,248.68369501263604,61.56700794274406
ID_03_le_YA_gaitinitiation_0_bl1_GO0005,03,YA,False,early,4426.5,08_le_gastroc_med,0.17489581304250787,nan,0.3565769990493953,0.01057280951740361,0.2406217778646076,0.904926631234838,nan,0.9996658339829265,0.07031712013976811,0.904926631234838,103.07515581561886,0.0,357.8207573403557,99.93943118145714,101.56375756994791
ID_03_le_YA_gaitinitiation_0_bl1_GO0007,03,YA,False,late,4345.0,01_ri_soleus,0.39150197036081985,nan,0.3608503118111083,0.009672595192064861,0.5197304954637152,0.9994201401457836,nan,0.8283841230508905,0.025381797041454008,0.9994201401457836,289.3326943149798,0.0,360.3887154681519,89.85659923246712,237.58704344500438
ID_03_le_YA_gaitinitiation_0_bl1_GO0007,03,YA,False,late,4345.0,02_ri_gastroc_med,0.3235020932583584,nan,0.4417056210458229,0.012911215216913104,0.19333721936370238,0.9883318811435583,nan,0.9995892813377125,0.12296573864217328,0.6186220183511875,239.2001246057563,0.0,441.5025589098058,119.94831248909864,88.01947161151278
ID_03_le_YA_gaitinitiation_0_bl1_GO0007,03,YA,False,late,4345.0,03_ri_tib_ant,0.2335583244191498,nan,0.025575766778274493,0.016401609605739848,0.321589487218155,0.6785468784344612,nan,0.07149501499529995,0.4110141812160067,0.6785468784344612,172.7489885512096,0.0,25.54770421844563,152.32258440469116,147.10339877437988
ID_03_le_YA_gaitinitiation_0_bl1_GO0007,03,YA,False,late,4345.0,06_le_tib_ant,0.16949327437818337,nan,0.24755680448526407,0.02681649420850513,0.06846301709865205,0.594926768203804,nan,0.9990957332400446,0.6795179420362214,0.24630340336245005,125.04334964933814,0.0,247.44548901266023,248.84763904901072,31.247957150491608
ID_03_le_YA_gaitinitiation_0_bl1_GO0007,03,YA,False,late,4345.0,07_le_soleus,0.3141045279105878,nan,0.11615130445167746,0.013448995285133953,0.244680257969704,0.9992397657542869,nan,0.6718162324101458,0.04083197543790813,0.8820344091652205,232.4407691702861,0.0,115.79087838748671,124.95598827389783,111.59397257557936
ID_03_le_YA_gaitinitiation_0_bl1_GO0007,03,YA,False,late,4345.0,08_le_gastroc_med,0.362787619299572,nan,0.14941222638481994,0.013103852145762141,0.40681274448126536,0.9994914857878838,nan,0.8228666694568855,0.10574738324127408,0.9994914857878838,268.4697163634552,0.0,149.02962702770267,121.696191705328,185.8164790699277
ID_03_le_YA_gaitinitiation_0_bl1_GO0012,03,YA,False,early,4368.0,01_ri_soleus,0.2169375652437221,nan,0.18987517525603445,0.029248598133564417,0.20362855044448505,0.6102017219710907,nan,0.9144795958019414,0.1062344662796832,0.6102017219710907,155.9447898273473,0.0,223.09407567405955,273.01454165824225,115.9875019605859
ID_03_le_YA_gaitinitiation_0_bl1_GO0012,03,YA,False,early,4368.0,02_ri_gastroc_med,0.39517161435358006,nan,0.13519936462411566,0.004184553968616366,0.4242195428596217,0.9996905886709226,nan,0.5574444780466459,0.07141992159073099,0.9996905886709226,284.08530340711087,0.0,158.81695339971313,39.06833948410751,241.82243236871645
ID_03_le_YA_gaitinitiation_0_bl1_GO0012,03,YA,False,early,4368.0,03_ri_tib_ant,0.1787629812193422,nan,0.3589108726280292,0.021837979519798614,0.20110928931325267,0.4586436439557139,nan,0.9996398471182075,0.7649461637013351,0.4586436439557139,128.29824615936974,0.0,421.5243122083,203.77554917020112,114.69876286735355
ID_03_le_YA_gaitinitiation_0_bl1_GO0012,03,YA,False,early,4368.0,06_le_tib_ant,0.12751701785620123,nan,0.17775746681146037,0.0200966848362789,0.10422741410958342,0.45123078747048817,nan,0.9994753800540612,0.49083747844611725,0.45123078747048817,91.61097468678835,0.0,208.61740833820454,187.55594963112904,59.30358598214304
ID_03_le_YA_gaitinitiation_0_bl1_GO0012,03,YA,False,early,4368.0,07_le_soleus,0.24487745102665928,nan,0.2769589990186336,0.02156332954742575,0.30931604719034445,0.8156284075875021,nan,0.9993364120179764,0.0628840857698239,0.8156284075875021,176.04949025734578,0.0,325.4095580533408,201.30743925688938,176.6050031839923
ID_03_le_YA_gaitinitiation_0_bl1_GO0012,03,YA,False,early,4368.0,08_le_gastroc_med,0.44029926225625526,nan,0.21986426548599158,0.004399009344566932,0.5462541559681094,0.9995970090663648,nan,0.4932641619566476,0.0444667008982242,0.9995970090663648,316.30520187437867,0.0,258.0925162551619,41.04305732465859,311.6594850630167
ID_03_le_YA_gaitinitiation_0_bl1_GO0013,03,YA,False,late,4527.0,01_ri_soleus,0.19611351435936042,nan,0.1101269681932859,0.022408483582744165,0.28702237660928237,0.5509889486908468,nan,0.7867911431884316,0.07229209997819483,0.5509889486908468,96.89652794575817,0.0,105.65346215420045,216.30273867180023,83.65573656652249
ID_03_le_YA_gaitinitiation_0_bl1_GO0013,03,YA,False,late,4527.0,02_ri_gastroc_med,0.3676218659315606,nan,0.03678073245692883,0.00390180469515073,0.564459275024407,0.9992224515384173,nan,0.4193819578769397,0.03877800197126995,0.9992224515384173,181.62010453104298,0.0,35.19965170281251,37.68300720483278,164.57448093610557
ID_03_le_YA_gaitinitiation_0_bl1_GO0013,03,YA,False,late,4527.0,03_ri_tib_ant,0.11294839637497729,nan,0.3501961284857685,0.02962609331225804,0.06876405534872793,0.4531987627758401,nan,0.999152364445789,0.7303400842096543,0.32945030195735175,55.3864899034366,0.0,337.03072679231695,285.7718687711878,19.895763278300823
ID_03_le_YA_gaitinitiation_0_bl1_GO0013,03,YA,False,late,4527.0,06_le_tib_ant,0.11047689993548869,nan,0.013576790298997742,0.04606180258696965,0.025459866541500696,0.45059932081789417,nan,0.08288096440492242,0.9995110153130673,0.09648300314794797,54.33887573281266,0.0,13.02197305647796,444.44724110443326,7.379134311273286
ID_03_le_YA_gaitinitiation_0_bl1_GO0013,03,YA,False,late,4527.0,07_le_soleus,0.0579024504978559,nan,0.5357480375136732,0.021562806852964318,0.09836055560952836,0.4863729345017914,nan,0.9995995765326219,0.05833618979002784,0.4863729345017914,28.350041068058612,0.0,515.5892131022756,208.15394285618768,28.474019864202592
ID_03_le_YA_gaitinitiation_0_bl1_GO0013,03,YA,False,late,4527.0,08_le_gastroc_med,0.18140502706733735,nan,0.5265360002832895,0.002772963430398577,0.31054881387095,0.9478244664066124,nan,0.9995929364170986,0.029556555784412224,0.9478244664066124,89.13060846622294,0.0,506.4689450474689,26.76480400047184,90.21150153177052
ID_03_le_YA_gaitinitiation_0_bl2_GO0002,03,YA,False,early,4364.5,01_ri_soleus,0.18010465405752,nan,0.5852402353922002,0.011481695046347253,0.24593006703415024,0.8196053950041206,nan,0.999660934886435,0.0337947591371265,0.8196053950041206,95.39821261390306,0.0,511.1665842357243,107.10724216943032,95.99228536298442
ID_03_le_YA_gaitinitiation_0_bl2_GO0002,03,YA,False,early,4364.5,02_ri_gastroc_med,0.29096120432286043,nan,0.38905226666844167,0.0325252164120394,0.38216952681594074,0.9997820096202321,nan,0.9880551776321342,0.1826011763039175,0.9997820096202321,154.28720801774847,0.0,339.7227028776757,303.4117086276255,149.2944265176283
ID_03_le_YA_gaitinitiation_0_bl2_GO0002,03,YA,False,early,4364.5,03_ri_tib_ant,0.12337923433417838,nan,0.03537296717411263,0.04163758128500095,0.12272048603075209,0.2608467406596725,nan,0.08156353482592908,0.9998090526496025,0.2608467406596725,65.53851926414518,0.0,30.944248614407677,388.34139694068904,48.021402001509614
ID_03_le_YA_gaitinitiation_0_bl2_GO0002,03,YA,False,early,4364.5,06_le_tib_ant,0.15616827377905537,nan,0.3508051478721217,0.02207061553288664,0.14897303493792582,0.8018415895233442,nan,0.9994785487831022,0.5021505216361317,0.8018415895233442,82.49114716097316,0.0,306.43942368668496,205.71784082181088,57.95130306309604
ID_03_le_YA_gaitinitiation_0_bl2_GO0002,03,YA,False,early,4364.5,07_le_soleus,0.38543533936691077,nan,-0.0032733628326256656,0.033068964934736704,0.45558748986724446,0.9270365476841447,nan,0.046880397339132615,0.10832770515981427,0.9270365476841447,205.0584949979978,0.0,-2.8952655334481414,308.484401757107,178.30336170185984
ID_03_le_YA_gaitinitiation_0_bl2_GO0002,03,YA,False,early,4364.5,08_le_gastroc_med,0.41229911321655655,nan,-0.00448433683437018,0.025812090641936885,0.5384057860522238,0.9996165048501069,nan,0.0016404591669627819,0.16578625454684323,0.9996165048501069,219.37431433366694,0.0,-3.9065976078731346,240.81463632954382,210.91590087218628
ID_03_le_YA_gaitinitiation_0_bl2_GO0014,03,YA,False,late,4488.5,01_ri_soleus,0.38375569074237365,nan,0.30592905701647716,0.0212726802847311,0.16545794354507345,0.9992987752055148,nan,0.9325238054754902,0.25916805978484503,0.7683599197878241,182.59331275717867,0.0,276.5086189484455,203.6364022173221,46.7642835749464
ID_03_le_YA_gaitinitiation_0_bl2_GO0014,03,YA,False,late,4488.5,02_ri_gastroc_med,0.3396785762546509,nan,0.319219791839534,0.0315884576402539,0.28106751152055104,0.7582417573120679,nan,0.9994522279616065,0.6144140276880468,0.7570416303852959,161.67772544434138,0.0,288.40458293080394,302.50336739654847,79.73593634612462
ID_03_le_YA_gaitinitiation_0_bl2_GO0014,03,YA,False,late,4488.5,03_ri_tib_ant,0.15685346323088714,nan,0.2261485109272331,0.022611404147114857,0.22555476651500378,0.8379015270637009,nan,0.9997717945629306,0.5214501903973612,0.8379015270637009,74.13913330719919,0.0,203.99804411040887,216.4573063155512,63.858469434923315
ID_03_le_YA_gaitinitiation_0_bl2_GO0014,03,YA,False,late,4488.5,06_le_tib_ant,0.17147698562472197,nan,0.26323002816396385,0.03923540288904876,0.06858323102583082,0.36594006131704376,nan,0.9149909053781211,0.9996189665908227,0.23706475869523613,81.40870683075285,0.0,237.7523573176136,375.5726362522379,19.392578202410206
ID_03_le_YA_gaitinitiation_0_bl2_GO0014,03,YA,False,late,4488.5,07_le_soleus,0.17443758381393762,nan,0.3095132835743935,0.022334379924416385,0.29610864520818075,0.9509613446868361,nan,0.9995326323363752,0.3674320161758803,0.9509613446868361,82.54794837759363,0.0,279.2812247376079,213.88391391888848,83.92160073356861
ID_03_le_YA_gaitinitiation_0_bl2_GO0014,03,YA,False,late,4488.5,08_le_gastroc_med,0.40106564791474997,nan,0.2905844855197646,0.00736039988799106,0.6669811670815576,0.9998547123941608,nan,0.9666387201029748,0.07909405895072502,0.9998547123941608,190.40928308730582,0.0,262.20161285726005,70.48090643030685,189.5661031972745
ID_03_le_YA_gaitinitiation_0_bl2_GO0016,03,YA,False,late,4336.5,01_ri_soleus,0.3035070953369646,nan,0.2983560278648433,0.013999397188992874,0.16185692910379126,0.9992020866039276,nan,0.8031795713229597,0.08368427058513558,0.8193319964225367,206.37602600127752,0.0,217.42883557043487,129.7886476751613,75.0173230261624
ID_03_le_YA_gaitinitiation_0_bl2_GO0016,03,YA,False,late,4336.5,02_ri_gastroc_med,0.37699220582697807,nan,0.15847489716580165,0.03582172884375409,0.342364147625995,0.9997533796383514,nan,0.27512886049974317,0.2631313151550352,0.9997533796383514,256.36396515232263,0.0,115.42135959128433,332.1577714632324,159.0580206412045
ID_03_le_YA_gaitinitiation_0_bl2_GO0016,03,YA,False,late,4336.5,03_ri_tib_ant,0.19744903510490297,nan,0.18977691930727342,0.023961926466208608,0.23299336959336556,0.9932908399411939,nan,0.9993338450373737,0.5824014099070361,0.9932908399411939,133.54685707774973,0.0,137.81770289239552,221.97783112310677,108.08461703351489
ID_03_le_YA_gaitinitiation_0_bl2_GO0016,03,YA,False,late,4336.5,06_le_tib_ant,0.1419029272219012,nan,0.23934506791772717,0.03196578784201646,0.17179316447474355,0.4718187481374089,nan,0.6639101609862871,0.9994147837926659,0.4718187481374089,96.36256118556165,0.0,174.3368450869825,296.29174655660563,79.95059660567674
ID_03_le_YA_gaitinitiation_0_bl2_GO0016,03,YA,False,late,4336.5,07_le_soleus,0.4010754507887926,nan,0.23884863939466933,0.022524129431786548,0.44174355231972606,0.9995372809742398,nan,0.8820684195630228,0.2631822922039404,0.9995372809742398,272.2465845029492,0.0,173.69501469641472,208.7997615904787,205.35671275450386
ID_03_le_YA_gaitinitiation_0_bl2_GO0016,03,YA,False,late,4336.5,08_le_gastroc_med,0.5140825969237414,nan,0.21297074905331476,0.01848607371531448,0.5056952196782328,0.9998119927974723,nan,0.9699756644873428,0.13614441735129326,0.9998119927974723,349.01095424114976,0.0,154.7649013888633,171.32184154264303,234.9511761412834
ID_03_le_YA_gaitinitiation_0_bl3_GO0011,03,YA,False,early,4340.5,01_ri_soleus,0.4667338657235056,nan,0.1304541595788255,0.017665030662697843,0.525691216135291,0.9990703567326626,nan,0.5251675187796901,0.10690403354305791,0.9990703567326626,182.01752652323177,0.0,127.61582555036956,163.92324286180695,125.71238263842918
ID_03_le_YA_gaitinitiation_0_bl3_GO0011,03,YA,False,early,4340.5,02_ri_gastroc_med,0.4960228458995618,nan,0.051260419285103866,0.009359881509666736,0.595693563187078,0.9993494839011993,nan,0.16552992810997766,0.09224699667596921,0.9993494839011993,193.43074448237542,0.0,50.16479849249643,86.86303504260758,142.5334956644678
ID_03_le_YA_gaitinitiation_0_bl3_GO0011,03,YA,False,early,4340.5,03_ri_tib_ant,0.08604985438750197,nan,0.3060022351921818,0.012174471195780962,0.08198072585473537,0.3101015653082183,nan,0.999505215299324,0.40423165358196744,0.3101015653082183,33.329145872899325,0.0,299.4083774595453,112.92211517142064,19.500179906886167
ID_03_le_YA_gaitinitiation_0_bl3_GO0011,03,YA,False,early,4340.5,06_le_tib_ant,0.4645195129716479,nan,0.17086703987157173,0.07994905592393486,0.6690644192862714,0.999166576130912,nan,0.6389967171701915,0.9184956753228055,0.999166576130912,181.01373958469438,0.0,167.17258665278482,741.8781153367601,160.29808824862425
ID_03_le_YA_gaitinitiation_0_bl3_GO0011,03,YA,False,early,4340.5,07_le_soleus,0.06489548042089803,nan,0.3586451544541582,0.019070162264893352,0.09381003620235034,0.4214099872986604,nan,0.9996796175169699,0.1329886058325365,0.4214099872986604,25.076953966337847,0.0,350.8893141255226,176.97542312558483,22.29567165213346
ID_03_le_YA_gaitinitiation_0_bl3_GO0011,03,YA,False,early,4340.5,08_le_gastroc_med,0.20812723712891215,nan,0.4139026101147625,0.09636080581191157,0.05463333957235858,0.911718746234569,nan,0.9789540473950126,0.9995443520381098,0.3658560725849437,80.51001880555884,0.0,405.0151767579568,893.7425763083191,12.898265542072846
ID_03_le_YA_gaitinitiation_0_bl4_GO0005,03,YA,False,late,4334.5,01_ri_soleus,0.3450356210964552,nan,0.2071103163144339,0.018514246640667323,0.6004016741985908,0.9994299337324914,nan,0.5913153202058063,0.08776342495552283,0.9994299337324914,234.32782928834067,0.0,116.71618551747272,171.6048340168972,193.61128699578023
ID_03_le_YA_gaitinitiation_0_bl4_GO0005,03,YA,False,late,4334.5,02_ri_gastroc_med,0.45831667185394753,nan,0.2290870286707087,0.09868111787869355,0.4736608347860932,0.9142394799911753,nan,0.6063460621142502,0.32819482747030515,0.8239334806773282,311.3533178670431,0.0,129.12211504077197,914.660544633789,152.59698964266295
ID_03_le_YA_gaitinitiation_0_bl4_GO0005,03,YA,False,late,4334.5,03_ri_tib_ant,0.22911337655394637,nan,0.2287671891280445,0.03410792886822006,0.20151553419245907,0.7785857098880739,nan,0.6524823151116449,0.9995094096316699,0.7736744559285746,155.68584698023238,0.0,128.96485098034924,316.03617273372345,64.69815356109937
ID_03_le_YA_gaitinitiation_0_bl4_GO0005,03,YA,False,late,4334.5,06_le_tib_ant,0.4620175926854171,nan,0.16691378439934046,0.030032631507069522,0.6788948761886987,0.9995079216264109,nan,0.43437920903310034,0.7869078736552971,0.9995079216264109,313.65144344188343,0.0,94.10681951149098,278.048524151923,218.94220536051608
ID_03_le_YA_gaitinitiation_0_bl4_GO0005,03,YA,False,late,4334.5,07_le_soleus,0.21412159303670034,nan,0.48041739003320805,0.058602185809734766,0.009616657549516202,0.8377635379118663,nan,0.999643577028337,0.2249558435982318,0.20236329299175077,145.6224915918401,0.0,271.180780970179,543.1633779713136,2.998400049309917
ID_03_le_YA_gaitinitiation_0_bl4_GO0005,03,YA,False,late,4334.5,08_le_gastroc_med,0.27191933813817604,nan,0.2049769155235199,0.01350638028815215,0.07509656890070243,0.9993723031660912,nan,0.5713817351945083,0.129654196087364,0.5500136776384154,184.92647726954704,0.0,115.56500968988468,125.18736046651468,23.96669494048531
ID_03_le_YA_gaitinitiation_0_bl4_GO0007,03,YA,False,early,4585.5,01_ri_soleus,0.5305068616994677,nan,nan,0.010806847925614994,0.6807714351275087,0.9996126180582774,nan,nan,0.04436196725335744,0.9996126180582774,319.5166655329631,0.0,0.0,105.59826980502291,322.29290707589956
ID_03_le_YA_gaitinitiation_0_bl4_GO0007,03,YA,False,early,4585.5,02_ri_gastroc_med,0.42838079403204526,nan,nan,0.045097243123397246,0.5245052622372983,0.6853262466238422,nan,nan,0.18367160945581948,0.6853262466238422,257.9166428252554,0.0,0.0,440.5669838558317,248.27006605499406
ID_03_le_YA_gaitinitiation_0_bl4_GO0007,03,YA,False,early,4585.5,03_ri_tib_ant,0.062512492215271,nan,nan,0.028370336845026153,0.036555510365994894,0.17467009139451511,nan,nan,0.8129534464771693,0.11088144027397195,37.623330428737745,0.0,0.0,277.13521649553877,17.26912253666371
ID_03_le_YA_gaitinitiation_0_bl4_GO0007,03,YA,False,early,4585.5,06_le_tib_ant,0.6044799668999994,nan,nan,0.03803935778361603,0.5890667398797746,0.9995362363386546,nan,nan,0.7284060142084986,0.9995362363386546,364.2069204696103,0.0,0.0,371.5143568753914,278.5974085431533
ID_03_le_YA_gaitinitiation_0_bl4_GO0007,03,YA,False,early,4585.5,07_le_soleus,0.04976808848873731,nan,nan,0.05693890105224659,0.0032583588423743927,0.28667792441590445,nan,nan,0.37080632701614324,0.08653112206966929,29.88478429260891,0.0,0.0,556.2052779629824,1.4996739348101387
ID_03_le_YA_gaitinitiation_0_bl4_GO0007,03,YA,False,early,4585.5,08_le_gastroc_med,0.010375765328816908,nan,nan,0.006601754840078916,0.0037200765001396893,0.04462299158164362,nan,nan,0.03942368809673731,0.022708213163956558,6.24697446265825,0.0,0.0,64.48531809251675,1.7655030772478866
ID_03_le_YA_gaitinitiation_0_bl4_GO0008,03,YA,False,late,4450.5,01_ri_soleus,0.4104021977796465,0.020890255396851944,0.3129419538513665,0.0173043699708615,0.7432642769478068,0.9103557082367711,0.3453776427947758,0.9996304308235201,0.1868313857276979,0.9103557082367711,137.7840462650342,273.10052674933746,290.5404572416465,164.33926660522408,115.30744847975319
ID_03_le_YA_gaitinitiation_0_bl4_GO0008,03,YA,False,late,4450.5,02_ri_gastroc_med,0.4317855015261965,0.027618468047661205,0.22513327742259798,0.03089442194013706,0.6044028186133149,0.9225522943592178,0.9994447047355697,0.9906827576643075,0.9994447047355697,0.9225522943592178,144.6756594932658,361.1866575427314,208.90021602335352,293.15588410392877,93.69889195855906
ID_03_le_YA_gaitinitiation_0_bl4_GO0008,03,YA,False,late,4450.5,03_ri_tib_ant,0.27316602257716116,0.02326264575482337,0.2240710507206328,0.021780783482600825,0.10599067076508795,0.5225568809000669,0.612797516528228,0.9994305139202245,0.612797516528228,0.3008953247478683,91.95565955697366,304.1606993202428,208.38679685583986,206.83968489521462,16.37536996151974
ID_03_le_YA_gaitinitiation_0_bl4_GO0008,03,YA,False,late,4450.5,06_le_tib_ant,0.4959324083853143,0.03572135748639012,0.14544032603100895,0.04156224386094117,0.8712272816745974,0.9997584590379949,0.8896869517065523,0.9756227187177473,0.8896869517065523,0.9997584590379949,166.57651705489403,467.03042444624197,134.76479663420474,394.82073023459003,135.13938274024764
ID_03_le_YA_gaitinitiation_0_bl4_GO0008,03,YA,False,late,4450.5,07_le_soleus,0.27455570190505735,0.10857934630193292,0.2991045538274985,0.09595913714025266,0.03250760207826095,0.6071036253409019,0.9991205483725473,0.5617407593176775,0.6639071774645504,0.1810477549844157,92.32615561215722,1420.3322807921363,278.0741863670396,911.4652089042113,4.984259438123452
ID_03_le_YA_gaitinitiation_0_bl4_GO0008,03,YA,False,late,4450.5,08_le_gastroc_med,0.3598945650116541,0.05792682120966302,0.15251820998324253,0.014996240888138536,0.059355628559607555,0.7995564489514306,0.9996336456658561,0.4167359989172777,0.5231064178328998,0.23921685152525624,121.01591532195098,757.6667552742929,141.8438611124604,142.1972489514673,9.141147155246918
ID_04_le_YA_gaitinitiation_0_bl2_GO0009,04,YA,False,early,-2688.0,01_ri_soleus,0.011163038275585237,0.016831238453048895,0.2929055803703737,nan,0.007691483382947019,0.02246326713598302,0.03511925988890854,0.9993280369866403,nan,0.01868753132073641,5.32258824945414,130.5401679281822,409.119552971373,0.0,2.6413007980655325
ID_04_le_YA_gaitinitiation_0_bl2_GO0009,04,YA,False,early,-2688.0,02_ri_gastroc_med,0.004716273748344623,0.0012984757617460591,0.29763882986421286,nan,0.0019109290698630158,0.01762996606768714,0.01762996606768714,0.9996978338962131,nan,0.017316834211034665,2.260342838184921,10.062902732825707,415.73239496268394,0.0,0.6613621744460245
ID_04_le_YA_gaitinitiation_0_bl2_GO0009,04,YA,False,early,-2688.0,03_ri_tib_ant,0.04895880849843958,0.0384884022050131,0.12991057214761742,nan,0.06084322378818562,0.08830634752959474,0.8890084965939093,0.4944291636375572,nan,0.08830634752959474,23.321554421649815,298.5385003115657,181.4606568453547,0.0,20.90436846338199
ID_04_le_YA_gaitinitiation_0_bl2_GO0009,04,YA,False,early,-2688.0,06_le_tib_ant,0.028240761830298056,0.008908046956185677,0.18965197014845359,nan,0.016148127647242487,0.06110814407491979,0.12078644001013358,0.9995752998714782,nan,0.05527720031213788,13.44615311602391,69.07040402097975,264.94370447203084,0.0,5.532184009155777
ID_04_le_YA_gaitinitiation_0_bl2_GO0009,04,YA,False,early,-2688.0,07_le_soleus,0.02783996705416577,0.037662200218086805,0.16947616141096508,nan,0.033666417549692344,0.27880896922464804,0.08366261760959828,0.9993077050914433,nan,0.27880896922464804,13.121880862683522,292.12556714160587,236.44522227343845,0.0,11.423669406637655
ID_04_le_YA_gaitinitiation_0_bl2_GO0009,04,YA,False,early,-2688.0,08_le_gastroc_med,0.017660624307149694,0.0008087322227733981,0.10931261194187832,nan,0.023906643861895695,0.28174301489147346,0.005386019870902798,0.7322288138555546,nan,0.28174301489147346,8.27096995214953,6.272468859195211,152.4395084291948,0.0,8.070863878166245
ID_04_le_YA_gaitinitiation_0_bl1_GO0009,04,YA,False,early,1536.0,01_ri_soleus,0.31994404264429416,0.01054432364730903,0.20567067741064288,0.008884686248344919,0.40378604280627317,0.9997624677684568,0.1190788232425446,0.995462606659283,0.07366443202473064,0.9997624677684568,150.15465591947827,107.5457358973521,161.34522860466038,32.58192007860654,136.7539997268306
ID_04_le_YA_gaitinitiation_0_bl1_GO0009,04,YA,False,early,1536.0,02_ri_gastroc_med,0.3483224574011463,0.02562044430046463,0.44367280905031514,0.01836774930133779,0.20537043409836012,0.8257032522312844,0.8257032522312844,0.9999057341713877,0.5376080058878658,0.7061625957608261,163.4074305399114,261.1460183139798,348.8010802586071,67.15906886603474,69.2046645450429
ID_04_le_YA_gaitinitiation_0_bl1_GO0009,04,YA,False,early,1536.0,03_ri_tib_ant,0.3566611656306526,0.04874294792922715,0.05308157325562133,0.11143453845118327,0.3891508226979837,0.855536531220101,0.9997477638575456,0.12935383198182746,0.9997477638575456,0.855536531220101,167.90775987845637,497.01698787636485,41.7016344480912,409.1248327729946,131.984263228422
ID_04_le_YA_gaitinitiation_0_bl1_GO0009,04,YA,False,early,1536.0,06_le_tib_ant,0.23395994602907028,0.023023476873341636,0.30678044157713097,0.05223558521245711,0.30085898962125507,0.915770417874486,0.3589402418421728,0.9994584598957644,0.3589402418421728,0.915770417874486,109.6828881158279,234.87562980276803,240.95964484536188,191.7596279016077,101.79490733934792
ID_04_le_YA_gaitinitiation_0_bl1_GO0009,04,YA,False,early,1536.0,07_le_soleus,0.38876595628270405,0.019515432944298423,0.06380514243809603,0.011290806352171296,0.3117194621683763,0.9992780722085778,0.9622611753903098,0.1964155777033023,0.15378236051137875,0.9992780722085778,183.02319907207732,198.61985917896286,50.14995033765919,41.36767425419274,105.49829474052281
ID_04_le_YA_gaitinitiation_0_bl1_GO0009,04,YA,False,early,1536.0,08_le_gastroc_med,0.385406062813901,0.007636052535219883,0.03485824214396106,-2.033447595841243e-05,0.3090604571293175,0.9993154628704886,0.9679535673329187,0.16447099261949613,0.13763838229593042,0.9993154628704886,181.45541639857572,77.41969695047595,27.40242144443387,-0.1533971781421063,104.59861107510923
ID_04_le_YA_gaitinitiation_0_bl1_GO0010,04,YA,False,early,-626.0,01_ri_soleus,0.38719430656110937,0.022610542526738116,0.20413766022604973,nan,0.45066425679371835,0.9992750886351077,0.2564691589297478,0.5104376179452251,nan,0.9992750886351077,200.55725892567662,178.05764822854016,109.74409223948027,0.0,175.44915974619497
ID_04_le_YA_gaitinitiation_0_bl1_GO0010,04,YA,False,early,-626.0,02_ri_gastroc_med,0.491678979344223,0.030594397908378274,0.22271998667953524,nan,0.45536542896449417,0.9995472328134346,0.8137178973039431,0.6459419148373072,nan,0.9995472328134346,254.43873499098063,240.85446435528402,119.697540094626,0.0,177.12400194423827
ID_04_le_YA_gaitinitiation_0_bl1_GO0010,04,YA,False,early,-626.0,03_ri_tib_ant,0.36371048950511875,0.05333275335203492,0.03409641623300795,nan,0.26899587335784725,0.9992673020643601,0.9899430258099008,0.06202741064967261,nan,0.9992673020643601,188.63492628625053,419.60087924855793,18.354706989002263,0.0,104.39294566668545
ID_04_le_YA_gaitinitiation_0_bl1_GO0010,04,YA,False,early,-626.0,06_le_tib_ant,0.5389061598855306,0.013979355326545862,0.2730359420849374,nan,0.7124327991020244,0.9999584412050716,0.21091261277885093,0.821935098098904,nan,0.9999584412050716,279.260643121506,110.08746834237121,146.74870871134306,0.0,277.4050300574846
ID_04_le_YA_gaitinitiation_0_bl1_GO0010,04,YA,False,early,-626.0,07_le_soleus,0.326679159027663,0.039122184391460015,0.07010202671710654,nan,0.13687948119189497,0.9992841085825154,0.9992841085825154,0.3760633722229842,nan,0.6904761923768723,169.1554415408052,307.7906654475059,37.580232359361545,0.0,53.010930751999176
ID_04_le_YA_gaitinitiation_0_bl1_GO0010,04,YA,False,early,-626.0,08_le_gastroc_med,0.35675040200468644,0.016780733390018964,0.030041993569172934,nan,0.19822954492123068,0.9994580873806924,0.9994580873806924,0.1820284156723766,nan,0.9403502270319928,184.9193243159318,131.70237675737627,16.101811153493,0.0,76.8325339756873
ID_04_le_YA_gaitinitiation_0_bl1_GO0011,04,YA,False,late,348.5,01_ri_soleus,0.2262615585723406,0.0102631044271363,0.17404568183201166,0.020105395518364103,0.4732837470910142,0.9691082010582115,0.09535494719829087,0.9992493257898681,0.09535494719829087,0.9691082010582115,88.62723199848392,122.17216223718344,145.1813164019821,26.042590671856296,87.04886853532074
ID_04_le_YA_gaitinitiation_0_bl1_GO0011,04,YA,False,late,348.5,02_ri_gastroc_med,0.1342333234574852,0.011679647126548984,0.2564769470469587,0.037611590053662124,0.2126130882261108,0.6962397854457418,0.322464648903032,0.9993594829530739,0.322464648903032,0.6962397854457418,52.390861002311475,139.07755253692827,214.30173030617007,48.64496442637597,38.98875313196125
ID_04_le_YA_gaitinitiation_0_bl1_GO0011,04,YA,False,late,348.5,03_ri_tib_ant,0.461080966227951,0.04757469155264794,0.2362513791301475,0.24348977245492698,0.17679667900065932,0.9989138123858563,0.9989138123858563,0.9207694271672155,0.9603988313757135,0.4430535074770168,181.49074261487598,566.1797749338707,197.27655579610217,315.68235658426045,32.41781114329235
ID_04_le_YA_gaitinitiation_0_bl1_GO0011,04,YA,False,late,348.5,06_le_tib_ant,0.2501650187365243,0.0136725724930043,0.21303065331031074,0.09295801921852252,0.4791254175279495,0.9128360948760681,0.30766626038581485,0.9997043290624514,0.30766626038581485,0.9128360948760681,98.0358431241483,162.75468575579274,177.84198251702034,120.49715115077099,88.1462060428299
ID_04_le_YA_gaitinitiation_0_bl1_GO0011,04,YA,False,late,348.5,07_le_soleus,0.33511298915324617,0.026232034546117947,0.22201054353990513,0.011679107838683325,0.062119893899084795,0.7962729441138855,0.7962729441138855,0.9990351439415031,0.22054689847630896,0.2751293545901785,131.905771947387,312.1564148653495,185.82700962220775,15.018933140000543,11.337697261513796
ID_04_le_YA_gaitinitiation_0_bl1_GO0011,04,YA,False,late,348.5,08_le_gastroc_med,0.44569744326710886,0.0138438319684122,0.19190409124992178,0.0021216147836639904,0.12590463223811482,0.9901702066070257,0.9901702066070257,0.6637238374659639,0.21137053578134699,0.5014042240696422,175.49849620401656,164.55339579850423,160.57870794611037,2.6333547288180497,23.039600788219087
ID_04_le_YA_gaitinitiation_0_bl1_GO0015,04,YA,False,late,377.5,01_ri_soleus,0.12116493111748486,0.016540030659072075,0.2087210333299865,0.010171891125026861,0.22536381990986468,0.8547811861071791,0.15711948738684683,0.9993934212290618,0.020824211185880164,0.8547811861071791,86.55742264933204,102.70557625334587,204.08470436540637,13.777093721010337,59.0718286050075
ID_04_le_YA_gaitinitiation_0_bl1_GO0015,04,YA,False,late,377.5,02_ri_gastroc_med,0.09047598650433512,0.012575055526535064,0.2823524668851838,0.0008375735217224187,0.08395672120340444,0.5216184561405883,0.20020432128408383,0.9992215771577906,0.0032708915236416987,0.5216184561405883,64.6849726687751,78.08230812906655,276.4188718597344,1.1344840168033365,21.894491645985354
ID_04_le_YA_gaitinitiation_0_bl1_GO0015,04,YA,False,late,377.5,03_ri_tib_ant,0.22457325297134528,0.06179571790221976,0.10147887888022997,0.17881124686215188,0.2323961146054908,0.4349044950671444,0.6601439744955643,0.32783371469373873,0.6601439744955643,0.27818830908590375,160.99412458549983,383.5532811081397,99.20965129065519,242.17711523252973,61.07771208471337
ID_04_le_YA_gaitinitiation_0_bl1_GO0015,04,YA,False,late,377.5,06_le_tib_ant,0.1287792252259732,0.011405193333014142,0.24903527305863699,0.03567297378199367,0.29499666493057974,0.862921860397176,0.18763274126255705,0.9997150589865964,0.18763274126255705,0.862921860397176,91.9796374384745,70.81832237492519,243.6148289832755,48.29224943466881,77.4431798972506
ID_04_le_YA_gaitinitiation_0_bl1_GO0015,04,YA,False,late,377.5,07_le_soleus,0.2419293947451774,0.02565600136535518,0.0635515844677829,0.017199994756112127,0.5182460185233295,0.9991063810603625,0.7151216289284278,0.3551226544149425,0.03691470465967036,0.9991063810603625,173.7023813876775,158.9147302337928,62.10819377850255,23.29160775361293,136.43754357711853
ID_04_le_YA_gaitinitiation_0_bl1_GO0015,04,YA,False,late,377.5,08_le_gastroc_med,0.24294372872613643,0.008028460782428193,0.039010798790272666,0.00048002649240101866,0.4808507165153525,0.9991827781205952,0.8444952746022757,0.37490213261775723,0.002121771877134204,0.9991827781205952,174.4427160181937,49.41046107847078,38.05775620064567,0.6491720787011391,126.51339549093692
ID_04_le_YA_gaitinitiation_0_bl2_GO0004,04,YA,False,late,487.5,01_ri_soleus,0.023228636292762842,0.021084992062621877,0.28513686712274616,0.013424963541519798,-0.0059159716458388415,0.09594219350943074,0.09594219350943074,0.9992447872855944,0.07988410854652228,0.013120607621101139,12.724719028753745,174.11046886169157,376.6496035104401,21.0950830994149,-1.5925133472550133
ID_04_le_YA_gaitinitiation_0_bl2_GO0004,04,YA,False,late,487.5,02_ri_gastroc_med,0.02475849657429258,0.004476878291853295,0.25214039954825396,0.0020420493271686357,-0.017187268809385876,0.11291611001646071,0.11291611001646071,0.9993733147972421,0.05560362331766081,0.0022792416676314774,13.589182806201197,36.968069627931364,333.079338719146,3.186019036236596,-4.588254890069423
ID_04_le_YA_gaitinitiation_0_bl2_GO0004,04,YA,False,late,487.5,03_ri_tib_ant,0.2373301110666566,0.053304052308227885,0.17421984401116816,0.15718828533305568,0.2741237541266115,0.515075595086674,0.6543790549653624,0.6163900984493773,0.6543790549653624,0.515075595086674,130.4219026083582,439.93310031115806,229.82889626787696,247.47946583453555,72.92048991991629
ID_04_le_YA_gaitinitiation_0_bl2_GO0004,04,YA,False,late,487.5,06_le_tib_ant,0.02394933390972891,0.009013676457673097,0.2187375291699978,0.031633534280690476,0.007847249881732042,0.0726846671462428,0.1428247276765008,0.9995574105990747,0.1428247276765008,0.0726846671462428,13.107772918382837,74.42302225091274,288.902688887617,49.79965417283248,2.0416077902183005
ID_04_le_YA_gaitinitiation_0_bl2_GO0004,04,YA,False,late,487.5,07_le_soleus,0.2966669660328009,0.028758906867157097,0.10832537110604572,0.014850007580940823,0.6175714348163004,0.9993752495566912,0.14524063107922255,0.5422308428909026,0.02807456108234807,0.9993752495566912,162.8895066496964,237.45522365393327,142.68550678722153,23.372092449619466,164.59369806698393
ID_04_le_YA_gaitinitiation_0_bl2_GO0004,04,YA,False,late,487.5,08_le_gastroc_med,0.29185920690954636,0.0017233463676902777,0.0625023141974993,0.000962536706939345,0.6174965431144421,0.9991737556653272,0.020798210004167216,0.5842205283650521,0.0022065268600610457,0.9991737556653272,160.21431763489758,14.217195279052536,82.19660620635604,1.5145331845142533,164.54929211525342
ID_04_le_YA_gaitinitiation_0_bl2_GO0010,04,YA,False,late,1353.0,01_ri_soleus,0.2004656417997356,0.011303099372955901,0.25642412709508255,0.012615795633488056,0.382390420177029,0.9605392420582403,0.09949163364345952,0.9992128514420313,0.09949163364345952,0.9605392420582403,91.48260946945076,112.29676196552745,156.67656487433783,41.66124827873392,87.46721934425992
ID_04_le_YA_gaitinitiation_0_bl2_GO0010,04,YA,False,late,1353.0,02_ri_gastroc_med,0.20746848172475318,0.009681628572215651,0.46249295937408025,0.012545785583568081,0.2791901411699563,0.9139667016715164,0.3429832015381499,0.9995625416731613,0.3421983589882473,0.9139667016715164,94.58849111518265,96.2047221820406,282.95527964537234,41.30423603544001,63.7652464005131
ID_04_le_YA_gaitinitiation_0_bl2_GO0010,04,YA,False,late,1353.0,03_ri_tib_ant,0.4343065585453122,0.04485832806030247,0.11520417067703921,0.07592631735374787,0.3012354614595435,0.9993580502352237,0.9993580502352237,0.3121452578194185,0.6348638094801425,0.8779314625890079,199.29016581891233,445.20690205906,70.57112302765528,250.99642399546173,68.78755149776913
ID_04_le_YA_gaitinitiation_0_bl2_GO0010,04,YA,False,late,1353.0,06_le_tib_ant,0.17258685322328352,0.010335881182956785,0.44917054539560036,0.026508468518202138,0.344666596711708,0.6730927351418139,0.3065416396417565,0.9995967139589268,0.3065416396417565,0.6730927351418139,78.87355158063268,102.67673855522925,274.9918397568779,87.6329983410696,78.92298560348776
ID_04_le_YA_gaitinitiation_0_bl2_GO0010,04,YA,False,late,1353.0,07_le_soleus,0.42040680228587846,0.06785487834688939,0.04332692105873263,0.0440188267766164,0.1264669467238216,0.9992741457926065,0.9992741457926065,0.18193749883906124,0.18727641400414832,0.50164867297893,192.85098335035377,673.8433339609679,26.456045163405197,145.39790743578237,28.811555972939413
ID_04_le_YA_gaitinitiation_0_bl2_GO0010,04,YA,False,late,1353.0,08_le_gastroc_med,0.14213648673473891,0.006026223784703208,0.002396893222817032,0.000268594557463735,0.035152209993026165,0.3474871980278395,0.3474871980278395,0.027969276024398703,0.058236308376905674,0.16629423385969003,65.20954501789845,59.780678083231344,1.4575519513767698,0.8548410190772058,7.999350233256791
ID_04_le_YA_gaitinitiation_0_bl2_GO0011,04,YA,False,early,426.5,01_ri_soleus,0.29928783091997835,0.01977771035518926,0.11263962443575114,0.02438911627729204,0.3460268681704129,0.9993439293011649,0.15801821598317692,0.26840202489743975,0.15733646432300458,0.9993439293011649,264.05539994278075,237.63008670109633,76.34204258011003,35.348177969826054,248.994352142217
ID_04_le_YA_gaitinitiation_0_bl2_GO0011,04,YA,False,early,426.5,02_ri_gastroc_med,0.2673796310213363,0.001925423736882136,0.031978979165610794,0.003491949750521229,0.3189818055788307,0.9994796359656271,0.060850699647169104,0.1489369929911243,0.05896101592521573,0.9994796359656271,235.98455160840356,23.128873762637816,21.633311891569427,5.043535726909091,229.57977086396664
ID_04_le_YA_gaitinitiation_0_bl2_GO0011,04,YA,False,early,426.5,03_ri_tib_ant,0.1944973260306557,0.033289033026296384,0.13604824006998065,0.15760835763079836,0.1985926231708841,0.3925673554465628,0.784762226603269,0.8670697357203391,0.784762226603269,0.3925673554465628,171.63136367733375,399.8066336941663,91.87856732104004,228.9453173971206,142.74131298274534
ID_04_le_YA_gaitinitiation_0_bl2_GO0011,04,YA,False,early,426.5,06_le_tib_ant,0.3883682010867418,0.018561817096407265,0.03137032423917388,0.0829405485871531,0.3753579873900433,0.9996095564958101,0.5393912903489946,0.08056776540652519,0.31053274550118504,0.9996095564958101,342.7726663158464,222.79418476408316,21.275575316823634,120.3776265245609,269.9936555030121
ID_04_le_YA_gaitinitiation_0_bl2_GO0011,04,YA,False,early,426.5,07_le_soleus,0.19937868046182075,0.07488725974495401,0.3457595760133232,0.05557287684510054,0.23646553779370463,0.7261810490791897,0.14311179826690115,0.9134332448343156,0.09165930885845697,0.7261810490791897,176.02541407846155,899.7711661782544,234.73548017511138,80.68842945394763,170.23382289453164
ID_04_le_YA_gaitinitiation_0_bl2_GO0011,04,YA,False,early,426.5,08_le_gastroc_med,0.20251729064480983,0.00021180367473099993,0.07542853852880076,0.0006310237974923496,0.25317255891176205,0.9992304682628872,0.002241888692903462,0.2215369002060264,0.002241888692903462,0.9992304682628872,178.82295019401073,2.5642149627859165,51.19528380089334,0.9173294245353587,182.30300290925388
ID_04_le_YA_gaitinitiation_0_bl3_GO0003,04,YA,False,early,391.0,01_ri_soleus,0.3391875125091561,0.005315337720351038,0.134006783614844,0.007674990211900363,0.4749887799119169,0.9993150826610571,0.06451593929554557,0.7359153587010274,0.06451593929554557,0.9993150826610571,159.00055594742685,42.11097373443653,179.84446294406615,10.57542555111991,156.36345872809238
ID_04_le_YA_gaitinitiation_0_bl3_GO0003,04,YA,False,early,391.0,02_ri_gastroc_med,0.3657048836988055,0.023527451239328298,0.28377307386193534,0.07636624804861487,0.3439803150580583,0.8877238438680243,0.9989690310859073,0.988765174803541,0.9989690310859073,0.8085008894816598,171.07518882538318,186.36260429213377,381.24204622950714,105.0767932030616,113.14725801032507
ID_04_le_YA_gaitinitiation_0_bl3_GO0003,04,YA,False,early,391.0,03_ri_tib_ant,0.3354966464021429,0.025628402434989272,0.22487860253635464,0.0674823793603851,0.20835690644134872,0.7734982312219688,0.7734982312219688,0.9995674535282353,0.28975357100341614,0.685593823284431,157.45738543858835,202.67465979133607,302.3855683537566,93.10768946343335,68.33555154502277
ID_04_le_YA_gaitinitiation_0_bl3_GO0003,04,YA,False,early,391.0,06_le_tib_ant,0.2651589358586754,0.0689918512527701,0.19508969517041025,0.3255113533879223,0.31093139985820173,0.5583311205049879,0.9088689739603456,0.7989313438659962,0.9088689739603456,0.5583311205049879,124.18452680842036,546.49672014339,262.1090658386403,449.6901566472879,102.27497684003656
ID_04_le_YA_gaitinitiation_0_bl3_GO0003,04,YA,False,early,391.0,07_le_soleus,0.5254811622005063,0.03490970639981013,0.10774978312529972,0.05398898794295475,0.43718752555139007,0.9990864124860378,0.9990864124860378,0.49032539084605914,0.9189307398616411,0.8829317779943345,246.24719397939234,276.4102956071616,144.65142484343156,74.1335994521494,143.88618622921732
ID_04_le_YA_gaitinitiation_0_bl3_GO0003,04,YA,False,early,391.0,08_le_gastroc_med,0.2974579404986225,0.021603830619815446,0.07253171463715888,0.038339237750230376,0.07419476695110036,0.9992229060437927,0.9992229060437927,0.388494805270573,0.868431590375309,0.44549101214097675,139.31644135499317,170.90691056537506,97.5117788742557,52.53636437815936,24.21129285520622
ID_04_le_YA_gaitinitiation_0_bl3_GO0004,04,YA,False,early,355.5,01_ri_soleus,0.07068250751315497,0.010270515070866246,0.29281439741872645,0.008384587229977248,0.0807433497844883,0.4200001783047722,0.05412593322375109,0.9991976773960847,0.04496954345491798,0.4200001783047722,30.643139280203755,101.07361360435111,225.5144559358541,10.962348789707477,24.390031191137606
ID_04_le_YA_gaitinitiation_0_bl3_GO0004,04,YA,False,early,355.5,02_ri_gastroc_med,0.06745998238006179,0.010008166086986282,0.399855402837892,0.013194832594043745,0.022487038829975672,0.20998198135506185,0.20998198135506185,0.9994436927941696,0.1872292179348603,0.18292608229455926,29.282424145917954,98.4636675152359,308.18108644047777,17.198349576622437,6.712893217642161
ID_04_le_YA_gaitinitiation_0_bl3_GO0004,04,YA,False,early,355.5,03_ri_tib_ant,0.3316896149484771,0.03596417506116373,0.0812695260033703,0.20258154202126952,0.4401301520601657,0.6539552502530677,0.9996835660557946,0.15093076906114755,0.9996835660557946,0.6539552502530677,144.8683641774449,353.8607375182997,62.55844212147905,265.57937042973344,134.02840210009828
ID_04_le_YA_gaitinitiation_0_bl3_GO0004,04,YA,False,early,355.5,06_le_tib_ant,0.11546245583153655,0.009711984141980986,0.2970852481298837,0.05319997435533615,0.13653559172076477,0.639904691872173,0.13618179026155,0.9994169252437404,0.13618179026155,0.639904691872173,50.090445105579285,95.56235814699744,228.71277906846427,69.71267283643088,41.27706748219077
ID_04_le_YA_gaitinitiation_0_bl3_GO0004,04,YA,False,early,355.5,07_le_soleus,0.3889975331272942,0.014786762856401993,0.04950158966153199,0.008975703826494607,0.5396903291892913,0.9990040956677589,0.21799472837666528,0.27367087036564264,0.020500099948145178,0.9990040956677589,170.00490521055923,145.4175060754062,38.02790616209761,11.776492910083784,164.47718303911387
ID_04_le_YA_gaitinitiation_0_bl3_GO0004,04,YA,False,early,355.5,08_le_gastroc_med,0.39186261823122975,0.0009757880705743331,0.04453667238334542,-0.0015677001528956605,0.5362455104669485,0.8605096970652456,0.2486880341947189,0.3845883333717825,0.002165917010339211,0.8605096970652456,171.22835581812603,9.467795566000147,34.11194088133276,-2.038796348195363,163.38318846142647
ID_04_le_YA_gaitinitiation_0_bl3_GO0009,04,YA,False,late,340.0,01_ri_soleus,0.3337685885128647,0.01435476994097833,nan,0.022440862220392734,0.5761454649881389,0.9446172383603457,0.17572227212928493,nan,0.17572227212928493,0.9446172383603457,152.03437849881809,199.45684012976875,0.0,28.631608649469875,137.83806326530305
ID_04_le_YA_gaitinitiation_0_bl3_GO0009,04,YA,False,late,340.0,02_ri_gastroc_med,0.09333356184024519,0.003993126203603391,nan,0.02112894189473746,0.11922117207498986,0.2567523797558672,0.2397313064783936,nan,0.2397313064783936,0.2567523797558672,42.415131024831,55.49637574855955,0.0,26.93502916835896,28.48814315172141
ID_04_le_YA_gaitinitiation_0_bl3_GO0009,04,YA,False,late,340.0,03_ri_tib_ant,0.3253492842245009,0.026516416494422313,nan,0.13616556027938054,0.10804844931975016,0.7617321319355594,0.7617321319355594,nan,0.5211574249881378,0.3305086304792628,148.54900588972453,368.31758072717093,0.0,174.17815408700588,25.732157966000813
ID_04_le_YA_gaitinitiation_0_bl3_GO0009,04,YA,False,late,340.0,06_le_tib_ant,0.40701928615639416,0.012299584746586847,nan,0.08466075563114223,0.7234072916958494,0.9238880625790589,0.34656325625091966,nan,0.34656325625091966,0.9238880625790589,185.53405138931421,170.79735215566086,0.0,108.35503669405908,173.0222061742956
ID_04_le_YA_gaitinitiation_0_bl3_GO0009,04,YA,False,late,340.0,07_le_soleus,0.316172296942704,0.024391135154943268,nan,0.033085022085745326,0.0019017539892775986,0.9991355174088025,0.9991355174088025,nan,0.6512523092103291,0.09029894688863022,144.1384121292535,338.90271564815293,0.0,41.996406367038155,0.3988342337211681
ID_04_le_YA_gaitinitiation_0_bl3_GO0009,04,YA,False,late,340.0,08_le_gastroc_med,0.3274510702171097,0.013872828036741034,nan,0.031148127621138673,0.004335846448585109,0.9992731847524009,0.9992731847524009,nan,0.7560557922574295,0.13386889625597728,149.2484526168908,192.7133352143611,0.0,39.474324650193026,0.9674439001479249
ID_04_le_YA_gaitinitiation_0_bl3_GO0012,04,YA,False,late,324.0,01_ri_soleus,0.33556597500618973,0.013308098963873721,0.14241588460905452,0.01718912088484273,0.5569866149410305,0.9992756910622358,0.16039245029919397,0.6159680038917216,0.1596453984987073,0.9992756910622358,165.6976518062343,104.67102171871005,85.83767278186714,21.365348108772373,154.52188783081988
ID_04_le_YA_gaitinitiation_0_bl3_GO0012,04,YA,False,late,324.0,02_ri_gastroc_med,0.37412511025800105,0.02657408303519497,0.1404455042973265,0.07351876356500608,0.3828235295353617,0.9824068870830178,0.9990690500565286,0.4516547842390257,0.9990690500565286,0.6357261495727863,184.46342287401637,209.01354832622224,84.73910723042286,91.25173776921953,106.20268917296693
ID_04_le_YA_gaitinitiation_0_bl3_GO0012,04,YA,False,late,324.0,03_ri_tib_ant,0.34908486410119094,0.049309619656218315,0.04497331549470702,0.15518758579809427,0.045114235176535344,0.9993071013836594,0.9993071013836594,0.16286433176508516,0.4888063803692841,0.29439496973650126,172.58065690796877,387.6539409363702,27.107426890132942,193.47634282882174,12.363082920828722
ID_04_le_YA_gaitinitiation_0_bl3_GO0012,04,YA,False,late,324.0,06_le_tib_ant,0.21127682575239579,0.05291322064892392,0.154172470378147,0.28592258487088323,0.33811482873798715,0.7855810864068913,0.9995837500519219,0.7727477501786011,0.9995837500519219,0.7855810864068913,104.12557231071682,416.14851624703465,92.87221546252634,356.76118434345113,93.59632550532791
ID_04_le_YA_gaitinitiation_0_bl3_GO0012,04,YA,False,late,324.0,07_le_soleus,0.2423963851832359,0.03947564869867779,0.2331713106367811,0.05955239568868639,-0.0013560777415988694,0.9992483337140898,0.9992483337140898,0.7188841588405149,0.9194526272780916,0.02542884211885584,119.50589549507092,310.44687865659944,140.91287457699414,73.84354363627492,-0.40096981065363546
ID_04_le_YA_gaitinitiation_0_bl3_GO0012,04,YA,False,late,324.0,08_le_gastroc_med,0.28505255574345806,0.02454165261909633,0.09291666851024917,0.04733307715316849,0.03546113396590151,0.9992555537050176,0.9992555537050176,0.2459643878390084,0.9220254462554058,0.14597348942539906,140.62794728843588,192.94238360890085,56.17542843489821,58.598604719067744,9.783676129472129
ID_04_le_YA_gaitinitiation_0_bl4_GO0004,04,YA,False,late,479.5,01_ri_soleus,0.20612937348457577,0.008705335647709554,0.09332017083218687,0.0072653879751193055,0.2763876547625871,0.9991530623198888,0.015904457023357084,0.28628980979463864,0.012665989581844112,0.9991530623198888,173.19243371883636,88.59494037091672,89.33150102841353,11.317059658833927,171.75497290459234
ID_04_le_YA_gaitinitiation_0_bl4_GO0004,04,YA,False,late,479.5,02_ri_gastroc_med,0.22871487037476695,0.0016715424919866706,0.11864119412370919,0.003093933999113038,0.30268048621157057,0.9996036264716178,0.038135393354978495,0.5513863853825662,0.037874503904084554,0.9996036264716178,192.03550913610056,17.011422473619245,113.44418396243023,4.803127997910871,187.97134752188757
ID_04_le_YA_gaitinitiation_0_bl4_GO0004,04,YA,False,late,479.5,03_ri_tib_ant,0.09180030109661942,0.03943353071453529,0.06391486468104843,0.2002192964992476,0.06954688281032544,0.18597317270331656,0.9994844959643234,0.13138566390650225,0.9994844959643234,0.14814696496516158,77.09870131051872,401.2921227097893,61.23802880952448,312.0858240360632,43.147175365864925
ID_04_le_YA_gaitinitiation_0_bl4_GO0004,04,YA,False,late,479.5,06_le_tib_ant,0.24408659344518088,0.008479160714188087,0.04316525985511629,0.0415797116499372,0.317977634228813,0.9995191851317818,0.181284865880418,0.4564627870268751,0.181284865880418,0.9995191851317818,205.00685427425864,86.29495821836201,41.146122030332236,64.79937783238302,197.5295526902231
ID_04_le_YA_gaitinitiation_0_bl4_GO0004,04,YA,False,late,479.5,07_le_soleus,0.22861057326264184,0.017763534936985487,0.013656489100958506,0.013577013195668826,0.3089629937796395,0.9992524619517177,0.032495103552135286,0.1409630480849466,0.03210295089419978,0.9992524619517177,192.25391193445702,180.79164599010699,13.017343561975508,21.154688184347325,192.1718032043152
ID_04_le_YA_gaitinitiation_0_bl4_GO0004,04,YA,False,late,479.5,08_le_gastroc_med,0.24948371569832137,0.0003106946048483154,0.006086097387176032,0.000639852897105753,0.34062229463862775,0.9995071706458404,0.0018270579879808325,0.10336243029228001,0.0018270579879808325,0.9995071706458404,209.82640797544371,3.1774517663718935,5.792892528856445,0.9962325644687678,211.89404093639348
ID_04_le_YA_gaitinitiation_0_bl4_GO0006,04,YA,True,early,1286.5,01_ri_soleus,0.3891767307567815,0.008239745986508359,0.033796139962504815,0.0068124137864164006,0.5548921705533966,0.9996157145096906,0.09832708498859544,0.08737405262136984,0.07888318255251452,0.9996157145096906,234.19372410361296,64.04341086916915,22.149426055385582,21.572771681689403,221.3260500043275
ID_04_le_YA_gaitinitiation_0_bl4_GO0006,04,YA,True,early,1286.5,02_ri_gastroc_med,0.31810625729642716,0.020618766963170523,0.09984322173155548,0.014019805009687015,0.3400882998440914,0.5720609161469772,0.38787881933695717,0.2306521239640801,0.26774333458489935,0.5720609161469772,191.23795425600787,160.28901942601317,65.42645561671529,44.33652401097892,135.53775517720635
ID_04_le_YA_gaitinitiation_0_bl4_GO0006,04,YA,True,early,1286.5,03_ri_tib_ant,0.31537502850939664,0.030749830827632416,0.016923764304051372,0.032381266123463676,0.17161529103109138,0.9990620717064014,0.9990620717064014,0.04252873200791798,0.27249414453675097,0.8451745566932518,189.80887187305308,238.66930718759738,11.093202095759292,102.72007668252085,68.01605644083419
ID_04_le_YA_gaitinitiation_0_bl4_GO0006,04,YA,True,early,1286.5,06_le_tib_ant,0.09035905661368965,0.02055211135306363,0.012670296908774258,0.0407841204395306,0.11149608554144147,0.18448636025488532,0.3816758784124293,0.02009251162076827,0.3816758784124293,0.18448636025488532,54.36292138014126,159.7818593000147,8.306022033476085,129.3823236792861,44.44779635640087
ID_04_le_YA_gaitinitiation_0_bl4_GO0006,04,YA,True,early,1286.5,07_le_soleus,0.35187268374662806,0.04595387859552965,0.1000345525673148,0.026243702020906087,0.11935264871710465,0.9995115366158716,0.9995115366158716,0.2616252971493663,0.4512896198354393,0.4523566016477295,211.45537529224208,357.07921302806454,65.56626912492186,83.02010856598076,47.25174978322876
ID_04_le_YA_gaitinitiation_0_bl4_GO0006,04,YA,True,early,1286.5,08_le_gastroc_med,0.3133586926762473,0.02260253467263848,0.05930386472191549,0.003832114552821849,0.06622954532437673,0.9994059328785025,0.9994059328785025,0.11170121183972634,0.3933187993907957,0.4981572946852416,188.3986515054303,175.49114528459467,38.89625063158666,11.945961221337646,26.136376581292538
ID_04_le_YA_gaitinitiation_0_bl4_GO0007,04,YA,False,early,465.0,01_ri_soleus,0.3197452043974617,0.09467413411374623,0.06967588175413705,0.1384080594047868,0.21292662189625414,0.6750764236792876,0.9991982807354436,0.11213919341833958,0.9991982807354436,0.6750764236792876,147.71176243820088,762.9906361945767,37.42681841114976,211.4208133098946,69.91839581851214
ID_04_le_YA_gaitinitiation_0_bl4_GO0007,04,YA,False,early,465.0,02_ri_gastroc_med,0.08681613982949321,0.022150891930120577,0.06243804053016001,0.021938707260924287,0.07829797870384797,0.16230642853805324,0.19591307908674604,0.11515178414882958,0.19591307908674604,0.11865877203041628,40.05383792761857,178.5637300825698,33.490317353738654,33.47757957954856,25.74295026435604
ID_04_le_YA_gaitinitiation_0_bl4_GO0007,04,YA,False,early,465.0,03_ri_tib_ant,0.2672460023123316,0.05187494014377474,0.02142065973573311,0.16142578115879672,0.056657193750221255,0.9990723945670114,0.9990723945670114,0.02787376560352191,0.896134300286095,0.34371367872729863,123.2606400061663,418.0727230005338,11.5066729507538,246.5162125637911,18.49923705633225
ID_04_le_YA_gaitinitiation_0_bl4_GO0007,04,YA,False,early,465.0,06_le_tib_ant,0.10880271068782006,0.053145092135679334,0.12545153231155032,0.21802448079555575,0.08863426016073903,0.17166882879330592,0.9996723880617339,0.19468819946513036,0.9996723880617339,0.1577017942821459,50.24011323479147,428.422215036783,67.38947980096341,333.5013709316178,29.10508270601488
ID_04_le_YA_gaitinitiation_0_bl4_GO0007,04,YA,False,early,465.0,07_le_soleus,0.17016791167082618,0.032980514670382224,0.027444289623531872,0.09140367273051407,0.051565449508938536,0.8846322261111925,0.9995415109606155,0.04106923004217433,0.9995415109606155,0.08804204844095037,78.31231852499762,265.8656114416151,14.735001499937008,139.38542552015696,16.945722592158138
ID_04_le_YA_gaitinitiation_0_bl4_GO0007,04,YA,False,early,465.0,08_le_gastroc_med,0.16900487299805572,0.015793144734479164,0.11511645653997259,0.059815951728944015,0.13537654679223907,0.502016863624294,0.6274740699587301,0.14225864323472098,0.6274740699587301,0.2028767441943901,77.9186166872943,127.31185436903925,61.81167956011362,91.25637919106703,44.576007004473
ID_04_le_YA_gaitinitiation_0_bl4_GO0010,04,YA,False,late,2380.0,01_ri_soleus,0.3546910161315394,0.009514908861990062,0.10635624326521681,0.008759085198115996,0.6221312089222826,0.999202896371491,0.06013786513615862,0.4107251782154118,0.045614849243746695,0.999202896371491,177.1018182013921,113.95700845817396,90.71615131654382,46.9225714217783,173.31646248992035
ID_04_le_YA_gaitinitiation_0_bl4_GO0010,04,YA,False,late,2380.0,02_ri_gastroc_med,0.41556299167179245,0.0181182082184071,0.42978397007582264,0.016345471495117316,0.49344902496284576,0.997449957230432,0.7623834897804768,0.9999582043497703,0.7620609581770107,0.997449957230432,206.90118410967148,217.08185012219514,366.96691157597536,87.22931819925675,137.1817682325754
ID_04_le_YA_gaitinitiation_0_bl4_GO0010,04,YA,False,late,2380.0,03_ri_tib_ant,0.4516129705346593,0.03983643625304924,0.08128629570968936,0.05103648856765423,0.24485942154191734,0.9990774255144258,0.9990774255144258,0.17666608814569557,0.6793275319617528,0.4385372070340516,225.6221171499658,477.0454172406919,69.41741669776499,273.433508270732,68.02396259184383
ID_04_le_YA_gaitinitiation_0_bl4_GO0010,04,YA,False,late,2380.0,06_le_tib_ant,0.4728800164725621,0.014036645468619843,0.0770285412084245,0.02438763164772242,0.7865019376067526,0.9996962082036154,0.3754336122793671,0.4115706672078403,0.21889179318768165,0.9996962082036154,236.21677805678829,167.96978391736118,65.6412435565193,130.71062576528215,219.0109926479955
ID_04_le_YA_gaitinitiation_0_bl4_GO0010,04,YA,False,late,2380.0,07_le_soleus,0.300068569964298,0.032599003343334015,0.03944540870782827,0.022514094720582696,0.016505671566281705,0.9991744545475869,0.9991744545475869,0.11099797235568512,0.6228379218180974,0.08986789010765317,149.69288084650267,390.5019327783981,33.69803192777364,120.33843163379751,4.54561939818345
ID_04_le_YA_gaitinitiation_0_bl4_GO0010,04,YA,False,late,2380.0,08_le_gastroc_med,0.3505723555465767,0.015314268014789365,0.026196161712898448,0.0024919358546797985,0.036162508837999166,0.999281295988076,0.999281295988076,0.08980628258085104,0.32661071641175354,0.360380716365864,175.1083863960201,183.280556005922,22.375306004333076,13.179263091114269,9.896112246389693
ID_05_le_YA_gaitinitiation_0_bl2_GO0011,05,YA,False,early,356.5,01_ri_soleus,0.5668836952497208,0.011763149538860061,0.272164613892812,0.0023726525429818186,0.5404488463538074,0.9992953059649766,0.9797369479053174,0.5927782154594167,0.14727300338274524,0.9992953059649766,182.97929238190056,138.8260024830039,250.25964439001288,3.0277533212712155,103.23248749655846
ID_05_le_YA_gaitinitiation_0_bl2_GO0011,05,YA,False,early,356.5,02_ri_gastroc_med,0.6249877169876031,0.012145956786922577,0.22880101321637214,0.008315230438285451,0.5606379903713398,0.9994378929124286,0.9994378929124286,0.34936693497561266,0.24333839280441164,0.9866289083384583,201.61031856453832,143.35912935374273,210.26199457081202,10.776313164384312,107.02279080357816
ID_05_le_YA_gaitinitiation_0_bl2_GO0011,05,YA,False,early,356.5,03_ri_tib_ant,0.32987457036213275,0.03709191804197076,0.31559915584877657,0.31079043718546784,0.5037160384110564,0.8245701492289943,0.8903877903978563,0.9996779681895476,0.8903877903978563,0.8245701492289943,106.0399798815941,439.2614661874162,289.927532573678,407.9732042944306,96.24034210816187
ID_05_le_YA_gaitinitiation_0_bl2_GO0011,05,YA,False,early,356.5,06_le_tib_ant,0.19030499903545628,0.03914780504169727,0.09026280059988454,0.2832301025714725,0.21073439513398606,0.2578873340075686,0.9995763905962528,0.2887020106648769,0.9995763905962528,0.2578873340075686,61.315938255261656,463.54228654245054,82.94404528872784,371.81470901101477,40.257257186604335
ID_05_le_YA_gaitinitiation_0_bl2_GO0011,05,YA,False,early,356.5,07_le_soleus,0.0548568490882046,0.025012683420520338,0.2747547665078014,0.03328824351629498,0.0809033986325433,0.341713063812014,0.08912528165289538,0.9995533055881165,0.08912528165289538,0.341713063812014,17.519366764433222,296.2371658418163,252.55979709121016,43.679734088187516,15.349418907764248
ID_05_le_YA_gaitinitiation_0_bl2_GO0011,05,YA,False,early,356.5,08_le_gastroc_med,0.18070142085571328,0.15934087810812747,0.41602338100384745,0.20869126837032992,0.21361046291495833,0.4615286514065586,0.5847643960693272,0.9991943319310035,0.5847643960693272,0.4615286514065586,58.04406713954289,1887.1069730432564,382.28849138886414,273.8490638379576,40.71681988804599
ID_05_le_YA_gaitinitiation_0_bl1_GO0002,05,YA,False,late,396.0,01_ri_soleus,0.39108766785262994,0.012366847813011407,0.2128777388033591,-0.0014090277830593701,0.4106340755772333,0.9992950187353908,0.9889752410603927,0.5628592796384853,0.0029270628343365953,0.9992950187353908,187.74875985541414,98.71993841032041,164.73973975889172,-1.943255281594315,101.75684084632617
ID_05_le_YA_gaitinitiation_0_bl1_GO0002,05,YA,False,late,396.0,02_ri_gastroc_med,0.4540973086629414,0.013974475014433245,0.3514822181692469,-0.001146485387118755,0.5066163792663162,0.9994430251865308,0.984876601606404,0.5135103625183929,0.006734101146449288,0.9994430251865308,217.96703694334815,111.62020079549667,271.87159951126705,-1.5803998934117884,125.63452319937478
ID_05_le_YA_gaitinitiation_0_bl1_GO0002,05,YA,False,late,396.0,03_ri_tib_ant,0.43946172191946287,0.056908860230473396,0.11368758744012218,0.24009769492321983,0.3838731019059733,0.8666684746440303,0.9997295221762468,0.8501305304604504,0.9997295221762468,0.8666684746440303,210.08261124123771,456.5564974259386,87.56066407666611,333.78649116312374,95.13249846986608
ID_05_le_YA_gaitinitiation_0_bl1_GO0002,05,YA,False,late,396.0,06_le_tib_ant,0.26852521591648076,0.05983039387904694,0.21527660239935995,0.2574850181864971,0.2855250219824677,0.6003853250940885,0.9997014014200445,0.8298827745267019,0.9997014014200445,0.6003853250940885,128.44661148004585,479.8419946933462,166.28818219017862,358.2838145456959,70.61660841564128
ID_05_le_YA_gaitinitiation_0_bl1_GO0002,05,YA,False,late,396.0,07_le_soleus,0.26940256832904574,0.03231524297623221,0.23919896093638146,0.03153341258371126,0.45520531300982336,0.9992033287031985,0.11298537962520223,0.994470967269321,0.07588052987157184,0.9992033287031985,128.773741621299,259.2444341167292,184.57618070547835,43.83968815166462,112.8405685492682
ID_05_le_YA_gaitinitiation_0_bl1_GO0002,05,YA,False,late,396.0,08_le_gastroc_med,0.22771723362265206,0.11932663072516717,0.45287215438152906,0.12107941656471817,0.2819902321971391,0.4612633690924451,0.24597743020279944,0.9992987430995178,0.24165799080653566,0.4612633690924451,108.97224796183974,957.2426429339203,350.1222666089565,168.3640145812596,69.9465175499532
ID_05_le_YA_gaitinitiation_0_bl1_GO0003,05,YA,False,late,258.0,01_ri_soleus,0.4978376655631771,0.009318134434125418,0.12916174266627078,-0.0013257597326072805,0.5864428426342932,0.9993588260312007,0.932910590426312,0.714444143712525,0.006402181475051044,0.9993588260312007,185.17400083863072,127.07756213333514,185.5679885916996,-1.4791172758701439,116.19939070527026
ID_05_le_YA_gaitinitiation_0_bl1_GO0003,05,YA,False,late,258.0,02_ri_gastroc_med,0.5112718423727154,0.010683911070496502,0.23208010366226284,-0.0024932835629383372,0.5661100956347084,0.9994099139083759,0.963023023324669,0.5353340273357922,0.007115624976694257,0.9994099139083759,190.16768213063182,145.76319554819537,333.4673107984615,-2.7905674390265824,112.14652863165601
ID_05_le_YA_gaitinitiation_0_bl1_GO0003,05,YA,False,late,258.0,03_ri_tib_ant,0.4128346564277209,0.0281008305237964,0.23784977688396677,0.3124456746005814,0.6362342060609719,0.9994009495016529,0.7118067065273396,0.9557896320882462,0.7118067065273396,0.9994009495016529,152.86682075226392,384.62313132765104,341.18054660467,348.4651108180498,126.07406494003044
ID_05_le_YA_gaitinitiation_0_bl1_GO0003,05,YA,False,late,258.0,06_le_tib_ant,0.13635942425925776,0.030238313120110025,0.07498441923464283,0.32193440170219934,0.149444720094291,0.16897040164423105,0.999715640513194,0.37239983438934243,0.999715640513194,0.16897040164423105,50.566031960742876,413.87249067389007,107.6685535322318,359.1999373274922,29.59883445288735
ID_05_le_YA_gaitinitiation_0_bl1_GO0003,05,YA,False,late,258.0,07_le_soleus,0.10460458785084126,0.025695352976461295,0.20805665254513953,0.037356401710316206,0.183196822813614,0.6004353103628737,0.11249025375508562,0.99953946719718,0.11249025375508562,0.6004353103628737,38.57492162728964,351.7328950109648,298.64402277990825,41.65387460350139,36.14239985771946
ID_05_le_YA_gaitinitiation_0_bl1_GO0003,05,YA,False,late,258.0,08_le_gastroc_med,0.11980767543655096,0.0937861996390531,0.41020860748691923,0.11574709492078923,0.14404660140553924,0.4329074411928013,0.2746005523851175,0.9993190523530094,0.2746005523851175,0.4329074411928013,44.27681773217348,1283.7624882796317,589.1577179579909,129.06176309551904,28.401436613756903
ID_05_le_YA_gaitinitiation_0_bl1_GO0008,05,YA,False,early,398.0,01_ri_soleus,0.5030362192984196,0.009793249774243937,nan,0.0007157545081830198,0.6175261941536214,0.9993389290095311,0.6601299392750823,nan,0.011961580297869057,0.9993389290095311,189.126237652514,77.26324928768523,0.0,0.9900090464810303,152.1694327616392
ID_05_le_YA_gaitinitiation_0_bl1_GO0008,05,YA,False,early,398.0,02_ri_gastroc_med,0.514560944347568,0.009331987074676891,nan,0.0009764347976888334,0.6009413761035637,0.9993714857054403,0.7359927393752456,nan,0.026546018415193114,0.9993714857054403,193.45433107507665,73.57326700264878,0.0,1.3405905997027387,148.0457511960785
ID_05_le_YA_gaitinitiation_0_bl1_GO0008,05,YA,False,early,398.0,03_ri_tib_ant,0.4968670454234954,0.053276967490869624,nan,0.27865000753992464,0.6493395695258329,0.9991699769051957,0.7898129109451789,nan,0.7898129109451789,0.9991699769051957,186.37982789893746,422.14859633902074,0.0,388.82878641373856,160.03835406083442
ID_05_le_YA_gaitinitiation_0_bl1_GO0008,05,YA,False,early,398.0,06_le_tib_ant,0.2584681606361753,0.048280688625334627,nan,0.21933847797152323,0.23066976011342072,0.5200086354895899,0.6162691506499643,nan,0.6162691506499643,0.5200086354895899,96.75537681051858,382.4810034379736,0.0,306.0340282261427,56.561275664179504
ID_05_le_YA_gaitinitiation_0_bl1_GO0008,05,YA,False,early,398.0,07_le_soleus,0.23005024547867428,0.01973759894231617,nan,0.03778891389150934,0.35868740632789736,0.9795708744439962,0.2044414187057341,nan,0.2044414187057341,0.9795708744439962,85.99866303862143,156.4255406980155,0.0,52.73914278932394,88.1147908185704
ID_05_le_YA_gaitinitiation_0_bl1_GO0008,05,YA,False,early,398.0,08_le_gastroc_med,0.2728097019253329,0.08149444022392394,nan,0.13867551734231723,0.3845520315533478,0.9888057774959489,0.6444582006497669,nan,0.6444582006497669,0.9888057774959489,102.03022736080752,645.7931975590932,0.0,193.50680033181118,94.46938580030697
ID_05_le_YA_gaitinitiation_0_bl1_GO0011,05,YA,False,early,369.0,01_ri_soleus,0.41265840458376707,0.003972128715077252,0.2295699400306661,0.00031688062534137565,0.5902333511143422,0.9991384161691034,0.18568173456172768,0.79505633029449,0.005828751496978622,0.9991384161691034,167.9437585722655,23.19432450014584,298.39204056111873,0.4426584138727263,164.53939552688172
ID_05_le_YA_gaitinitiation_0_bl1_GO0011,05,YA,False,early,369.0,02_ri_gastroc_med,0.42353031067986596,0.01569993711906676,0.2700651088473179,0.004642278927116945,0.59609591755589,0.999171224556053,0.2399307056357277,0.47094606128854083,0.024350232078944142,0.999171224556053,172.37249379067998,91.95927663976445,351.03596348489623,6.2230310512923905,166.14947061124593
ID_05_le_YA_gaitinitiation_0_bl1_GO0011,05,YA,False,early,369.0,03_ri_tib_ant,0.5380282721630992,0.08828579138410791,0.15030123793916036,0.3458816112891766,0.607110199138068,0.9141605602880191,0.9997728215004479,0.7317961428710671,0.9997728215004479,0.9141605602880191,218.35762996230991,517.7046657077603,194.9664737438907,462.5442476852811,168.82811200522968
ID_05_le_YA_gaitinitiation_0_bl1_GO0011,05,YA,False,early,369.0,06_le_tib_ant,0.060262107140195836,0.052334325609695774,0.07842031531385228,0.21985101971909318,0.055316842468609385,0.13806251165953726,0.9995012768858602,0.2841948689460049,0.9995012768858602,0.13806251165953726,24.412390251933203,306.9623700137012,101.87209861248404,294.1183412222651,15.330336935834703
ID_05_le_YA_gaitinitiation_0_bl1_GO0011,05,YA,False,early,369.0,07_le_soleus,0.29874341832789075,0.02353210196851994,0.13841430600073196,0.025462823323079385,0.4356908030185472,0.9967844719220686,0.03644725470123183,0.99944282776333,0.03644725470123183,0.9967844719220686,121.0821189087463,138.02882887957043,179.43116961553733,34.049351176800776,121.05912295601684
ID_05_le_YA_gaitinitiation_0_bl1_GO0011,05,YA,False,early,369.0,08_le_gastroc_med,0.29218101380802647,0.09963280131207984,0.2140805285825842,0.10941822557213288,0.38857765376799525,0.9940993114938536,0.21471976189891478,0.9995348685787958,0.21471976189891478,0.9940993114938536,118.36495097521173,584.3720119083625,277.762333460733,146.2973587852374,107.88675097397673
ID_05_le_YA_gaitinitiation_0_bl2_GO0002,05,YA,False,early,308.0,01_ri_soleus,0.13008850804491326,0.003037757597864317,0.24705469792093238,0.0008877082556093318,0.19468691355943063,0.25216290901469707,0.08662669673043691,0.9993594212110498,0.004491683189098086,0.25216290901469707,44.7007808387667,35.63304439825639,220.05230886589186,1.08173222961007,41.56071482499847
ID_05_le_YA_gaitinitiation_0_bl2_GO0002,05,YA,False,early,308.0,02_ri_gastroc_med,0.5115744766647131,0.01792718928253804,0.38934039483600885,0.005220179715223176,0.7455813502005606,0.9682607202292773,0.4076196955526944,0.999465692895335,0.027587091313203103,0.9682607202292773,175.8283668458895,210.34704514283655,346.63295144421977,6.3497495474566925,159.16132536602936
ID_05_le_YA_gaitinitiation_0_bl2_GO0002,05,YA,False,early,308.0,03_ri_tib_ant,0.38440741714612553,0.0308324423344399,0.19655607432261146,0.26752500025428805,0.49086161531417233,0.9992712276994983,0.8981876624579808,0.9862605201250076,0.8981876624579808,0.9992712276994983,131.59428408081604,362.0876822093065,174.6310442043352,325.165354759127,104.4770536883385
ID_05_le_YA_gaitinitiation_0_bl2_GO0002,05,YA,False,early,308.0,06_le_tib_ant,0.07228509652035778,0.025824248680044327,0.2350479251223692,0.23058577038828276,0.06136216087429587,0.11291846737901216,0.9994669466017623,0.49132123138152933,0.9994669466017623,0.08295714623834688,24.764798354123585,303.28961087856925,209.36287452589605,280.3335368704389,13.047242936751612
ID_05_le_YA_gaitinitiation_0_bl2_GO0002,05,YA,False,early,308.0,07_le_soleus,0.07080483477073912,0.023798659921455287,0.28501046477331266,0.04508815421872326,0.1093120521364875,0.45113818316998405,0.19309269095248036,0.9993946190139548,0.19309269095248036,0.45113818316998405,24.108686128888692,279.5293909625573,253.56516934275174,54.80765792102075,23.154204369195604
ID_05_le_YA_gaitinitiation_0_bl2_GO0002,05,YA,False,early,308.0,08_le_gastroc_med,0.11881433946706395,0.10778829238123942,0.39980006074026064,0.15232490055428058,0.13492561426077063,0.4150270754231542,0.4826060416435288,0.9993455759875829,0.4826060416435288,0.4150270754231542,40.598087742324815,1265.9938937829172,355.82309086489704,185.12316455802733,28.6143413356791
ID_05_le_YA_gaitinitiation_0_bl2_GO0012,05,YA,False,late,341.5,01_ri_soleus,0.6219371434831015,0.01602200892479231,0.1901100756077262,0.00021175348842013034,0.5981399972395764,0.9992495824689293,0.9992495824689293,0.4843562973535824,0.07616974175543385,0.8950537826969815,191.94116558098483,157.60896965563865,188.00238618761583,0.22404736437783068,74.71739942994577
ID_05_le_YA_gaitinitiation_0_bl2_GO0012,05,YA,False,late,341.5,02_ri_gastroc_med,0.6791686398975537,0.01595489763126255,0.32368133973669994,0.0007576489396739917,0.7355463734475994,0.9992980070425895,0.9992980070425895,0.7449314316606299,0.08576294812675014,0.9387094685528765,209.49027580013876,156.92960252344668,320.0068233937941,0.9176041677301314,91.88129254632828
ID_05_le_YA_gaitinitiation_0_bl2_GO0012,05,YA,False,late,341.5,03_ri_tib_ant,0.2985829172469222,0.0568908103819887,0.11760208397486882,0.38947858458595663,0.3550227486614469,0.45871797947556214,0.9996454766260673,0.44209408444151704,0.9996454766260673,0.45595350082910036,91.80517072423888,561.1925993870517,116.19404713621302,499.46641824001097,44.416287873694465
ID_05_le_YA_gaitinitiation_0_bl2_GO0012,05,YA,False,late,341.5,06_le_tib_ant,0.12626325676847353,0.052717348482770605,0.08298575730231117,0.3387471042321596,0.08438624698957058,0.17255698974277855,0.9996196308239238,0.20895505950099008,0.9996196308239238,0.13303821696804513,38.920246272378975,520.0393043558255,82.12182801236803,434.5387515300516,10.54168230735995
ID_05_le_YA_gaitinitiation_0_bl2_GO0012,05,YA,False,late,341.5,07_le_soleus,0.04822391306574679,0.052615392662168275,0.4230793941115733,0.07986094814914509,0.04017255718287279,0.11013676184489965,0.2696604043388032,0.9995596037738392,0.2696604043388032,0.11013676184489965,14.806403402178,519.0601950963,418.68957200426627,102.40483963641707,4.983765602826206
ID_05_le_YA_gaitinitiation_0_bl2_GO0012,05,YA,False,late,341.5,08_le_gastroc_med,0.16970230047202772,0.18347734110078412,0.6442702028278479,0.26406302921038294,0.18209408738089047,0.18626654830143294,0.8650963649516884,0.9997183352383671,0.8650963649516884,0.18626654830143294,52.288365733240504,1810.0027878519927,637.3723082069246,338.63811325337224,22.767685950241297
ID_05_le_YA_gaitinitiation_0_bl2_GO0016,05,YA,False,late,340.5,01_ri_soleus,0.6272350036597071,0.021698635160166194,0.011835633171811563,0.008140089960598722,0.38211525710871164,0.999184085744696,0.999184085744696,0.06865524578952245,0.3107622466140165,0.7319443619553044,167.25498633423956,169.72809830363133,9.038249454031064,10.253888833971557,40.84247718794383
ID_05_le_YA_gaitinitiation_0_bl2_GO0016,05,YA,False,late,340.5,02_ri_gastroc_med,0.6298521127098945,0.020614781950026122,0.011344782534805564,0.01240976706199825,0.32528042305519206,0.999320586658528,0.999320586658528,0.04678967991620912,0.4293642801385501,0.6575350448039542,167.90623316757234,161.26804769532785,8.679659385418624,15.66370841947053,34.75535295812279
ID_05_le_YA_gaitinitiation_0_bl2_GO0016,05,YA,False,late,340.5,03_ri_tib_ant,0.3812522424827647,0.05050794211567142,0.33201053183425283,0.2823983913012339,0.6968802724091026,0.9132564255584855,0.7253002552574808,0.9995969494691102,0.7253002552574808,0.9132564255584855,101.24194355441936,395.7768161472052,254.47537923893492,361.66177755770553,74.59121024412055
ID_05_le_YA_gaitinitiation_0_bl2_GO0016,05,YA,False,late,340.5,06_le_tib_ant,0.18039098832587216,0.04086312877238832,0.11568621708794831,0.20666669692022305,0.15952849557039872,0.2309658829657208,0.9994380708553766,0.2800436642270764,0.9994380708553766,0.19345244131601982,48.034529878451366,320.2669017224531,88.76929415260983,264.6774745658916,17.05834710909802
ID_05_le_YA_gaitinitiation_0_bl2_GO0016,05,YA,False,late,340.5,07_le_soleus,0.3680794407818557,0.03544402866752177,0.2280879463073758,0.048639291862521444,0.7495731440089209,0.995924477132272,0.3562757616525527,0.9992366356064061,0.15969964727558572,0.995924477132272,97.77364367432675,277.67302686750276,174.65264721416415,62.2878193539339,80.25919885073563
ID_05_le_YA_gaitinitiation_0_bl2_GO0016,05,YA,False,late,340.5,08_le_gastroc_med,0.36318726460513406,0.16155555217048698,0.3621266003288559,0.20830547348272627,0.6327204016516403,0.942061305832893,0.6231526900456809,0.9993177696422956,0.6231526900456809,0.942061305832893,96.42519815168573,1266.368013399759,277.5398704371006,266.69511994556086,67.69811521478174
ID_05_le_YA_gaitinitiation_0_bl3_GO0003,05,YA,False,late,318.5,01_ri_soleus,0.2732575055182985,0.04503312675836627,0.026381863327100154,-0.0009462172527544403,0.08849077154347576,0.9991679981063453,0.9991679981063453,0.07758691295264593,0.007547594651489515,0.3844402255870726,202.18474112536512,177.6703252646302,12.69491124297686,-1.1584822524389238,37.539531875291985
ID_05_le_YA_gaitinitiation_0_bl3_GO0003,05,YA,False,late,318.5,02_ri_gastroc_med,0.32643549149668943,0.05239052579748729,0.020890536892994447,0.0008392218721533544,0.14783601553662612,0.999403598971034,0.999403598971034,0.1023461246331729,0.014535006937113256,0.4696503961493672,241.51634671740283,206.690377991239,10.03506807683066,1.0413477665949982,62.82607054878625
ID_05_le_YA_gaitinitiation_0_bl3_GO0003,05,YA,False,late,318.5,03_ri_tib_ant,0.24715536585002945,0.09783983293596506,0.06755875119926405,0.26192011324366354,0.2976384884065271,0.5469313424854458,0.9997572690652688,0.20882755747519394,0.9997572690652688,0.3249439655601339,182.50920425301655,386.3519996472066,32.52190874191256,323.7135423535702,126.8698419564806
ID_05_le_YA_gaitinitiation_0_bl3_GO0003,05,YA,False,late,318.5,06_le_tib_ant,0.2793677173026001,0.12231553610854293,0.04407444199970915,0.2659633391677714,0.15667930477870678,0.5407477869714746,0.9996840411767465,0.06430579458538059,0.9996840411767465,0.4444143270532187,206.4969630046636,482.9124454282582,21.23960158157794,328.79140392144143,66.64086066895811
ID_05_le_YA_gaitinitiation_0_bl3_GO0003,05,YA,False,late,318.5,07_le_soleus,0.31701278617846324,0.050018480371739414,0.1313735553900142,0.05522519152703815,0.4985643458422725,0.9992230771126097,0.1711443895489344,0.19807310654915602,0.1453882263279043,0.9992230771126097,234.46694053535302,197.4613286638546,63.337112856194324,68.23827456265826,212.72826775858277
ID_05_le_YA_gaitinitiation_0_bl3_GO0003,05,YA,False,late,318.5,08_le_gastroc_med,0.34622841571293994,0.2700590988957016,0.3308058785411554,0.33316149122334876,0.43558145046103885,0.5047169348118355,0.9995307661693189,0.47228873236805724,0.9995307661693189,0.49603223870148155,255.70917846449393,1066.4888481903913,159.4139247984995,411.7408624296506,185.62537584657937
ID_05_le_YA_gaitinitiation_0_bl3_GO0006,05,YA,False,early,339.5,01_ri_soleus,0.39313417397309897,0.02824481738392704,0.031093504349903458,0.01998260020696995,0.2525438369590261,0.9994448468713534,0.9994448468713534,0.07539159852424387,0.5495185074757447,0.8244164700734482,226.50217605886547,163.5569663875011,28.372255423811012,25.26108568136965,113.18092089656687
ID_05_le_YA_gaitinitiation_0_bl3_GO0006,05,YA,False,early,339.5,02_ri_gastroc_med,0.480891725073013,0.030362363952244308,0.043866317549446594,0.022431960096895142,0.36438114377456615,0.9994222759401985,0.9994222759401985,0.13080078909685477,0.5588042314621411,0.857647512711924,277.10568471806437,175.8367200851958,40.02685654440583,28.3885426822129,163.46652200994956
ID_05_le_YA_gaitinitiation_0_bl3_GO0006,05,YA,False,early,339.5,03_ri_tib_ant,0.1400146127076947,0.09025130392120166,0.007282014872820116,0.39534301941285777,0.1583004434046262,0.20626935155577106,0.9997646122821043,0.06590362112237862,0.9997646122821043,0.20626935155577106,80.66243605686446,523.9615226028185,6.6189824827908765,505.55015143301836,71.16294317801571
ID_05_le_YA_gaitinitiation_0_bl3_GO0006,05,YA,False,early,339.5,06_le_tib_ant,0.06032541612962999,0.04793611831696642,0.020879968753145007,0.20108794144735861,0.044706910783911556,0.13129981254228962,0.9993930407739562,0.07229966658633644,0.9993930407739562,0.09657457286954396,34.728964979496396,278.26535085760713,19.044153425839117,257.1480424452821,20.031893197603843
ID_05_le_YA_gaitinitiation_0_bl3_GO0006,05,YA,False,early,339.5,07_le_soleus,0.393469547368985,0.07816633813208126,0.22112095087753375,0.10894420185511898,0.48912505871382117,0.9994999820022876,0.3391383058168014,0.3780948752032457,0.3391383058168014,0.9994999820022876,226.90518745175459,453.77223388971436,201.9504462502237,139.27015151681343,219.98785688728861
ID_05_le_YA_gaitinitiation_0_bl3_GO0006,05,YA,False,early,339.5,08_le_gastroc_med,0.4256719811696255,0.25244971077468553,0.32351233909985305,0.3263294120183177,0.46904402166708087,0.633854335813355,0.9993294891161069,0.4238618818718528,0.9993294891161069,0.633854335813355,245.29785707489927,1465.4657499382438,295.31122814452925,417.1556362505673,210.70783454739762
ID_05_le_YA_gaitinitiation_0_bl3_GO0015,05,YA,False,late,363.5,01_ri_soleus,0.2951464240166533,0.023637217553793645,0.033635340362948206,-0.00045131381998743554,0.12673269510864243,0.9991331477125357,0.9991331477125357,0.0771586108379443,0.0532701287312084,0.8358703495389722,173.51128270862262,139.63567082201646,16.64232665717305,-0.6340972658634918,48.86586804382247
ID_05_le_YA_gaitinitiation_0_bl3_GO0015,05,YA,False,late,363.5,02_ri_gastroc_med,0.29511022700400263,0.021857615705774738,0.004134640164507808,-0.001843462918967198,0.11473474067807571,0.9992358478888599,0.9992358478888599,0.009668368626387576,0.06828377767750528,0.8002571555513542,173.48111787227305,129.10812124216238,2.046017531511483,-2.4885730789140226,44.214958113958566
ID_05_le_YA_gaitinitiation_0_bl3_GO0015,05,YA,False,late,363.5,03_ri_tib_ant,0.5906677861170321,0.08289644955917629,0.08217314230905157,0.32087023185952773,0.7408893969378666,0.9995432028665336,0.8746127342764201,0.4330783791344941,0.8746127342764201,0.9995432028665336,346.80588999954915,490.94470277577886,40.45100298358246,425.5080366615923,287.67911097615956
ID_05_le_YA_gaitinitiation_0_bl3_GO0015,05,YA,False,late,363.5,06_le_tib_ant,0.17592208676088308,0.08163627316398764,0.029808195040873415,0.333931242466159,0.1917422418867577,0.31920620380259934,0.999852606834453,0.18769195821483234,0.999852606834453,0.31920620380259934,103.26212975594359,483.7277970140376,14.653576502195607,443.0452524046555,74.44048837560376
ID_05_le_YA_gaitinitiation_0_bl3_GO0015,05,YA,False,late,363.5,07_le_soleus,0.36410912851626315,0.06424393292425594,0.1169745866870217,0.06821238385122316,0.4874074801926679,0.9994064051548863,0.41049844909236183,0.24089849596450508,0.09837901900830599,0.9994064051548863,214.03957159919293,380.45882531482164,57.84889682485611,90.4596029210476,189.34958302673323
ID_05_le_YA_gaitinitiation_0_bl3_GO0015,05,YA,False,late,363.5,08_le_gastroc_med,0.5410370149437433,0.3173468509071567,0.43852976309665737,0.3617280368686264,0.6502654297508605,0.8947989143769369,0.8145481713656707,0.6991741391977947,0.8145481713656707,0.8947989143769369,317.64732704775304,1880.1880001856264,216.56586118470494,479.73033228583404,252.3474199359135
ID_05_le_YA_gaitinitiation_0_bl3_GO0016,05,YA,False,early,337.5,01_ri_soleus,0.38737839438005833,0.018115881625965443,0.007980553581993132,0.043012757732415675,0.20627284325455714,0.9992077483240518,0.9992077483240518,0.0988120075877285,0.8802224506765997,0.4266367882202703,183.10667206073435,213.80659046525295,8.207175604679872,54.384517624267104,68.61543680284377
ID_05_le_YA_gaitinitiation_0_bl3_GO0016,05,YA,False,early,337.5,02_ri_gastroc_med,0.5467329541132294,0.014959741561739815,0.02910524933518171,0.03748665849010692,0.40009731081589534,0.9995224504968012,0.9995224504968012,0.23516716803932228,0.8240401129627146,0.6308818535025187,258.5997648101313,176.4195306612469,30.002742307722166,47.36867537756407,133.18415128481845
ID_05_le_YA_gaitinitiation_0_bl3_GO0016,05,YA,False,early,337.5,03_ri_tib_ant,0.08524835279699022,0.04150392646621463,0.05653441685679261,0.3613067611093983,0.09648853716359776,0.17291439807191225,0.9998365967380842,0.08180027819888559,0.9998365967380842,0.17291439807191225,40.346755902469695,490.30390404523996,58.47186156853047,460.6205577859214,32.14469030091013
ID_05_le_YA_gaitinitiation_0_bl3_GO0016,05,YA,False,early,337.5,06_le_tib_ant,0.15562101588394817,0.034522205332884595,0.02155983037844115,0.2620872626466282,0.11024952388783224,0.27032204141766336,0.9993487007232369,0.05929266592628374,0.9993487007232369,0.2550171772796977,73.62636997142948,407.75115657103515,22.29766604711395,334.0318009610827,36.68595691468642
ID_05_le_YA_gaitinitiation_0_bl3_GO0016,05,YA,False,early,337.5,07_le_soleus,0.20576138718717574,0.1748818074277715,0.3979790338144841,0.1702517025727188,0.17174919480287074,0.3370144984035635,0.3370144984035635,0.9993000875867393,0.21431082222180073,0.31508579465965797,97.31062525621934,2065.979459290279,411.6525025705746,216.89953923187124,57.06952778564881
ID_05_le_YA_gaitinitiation_0_bl3_GO0016,05,YA,False,early,337.5,08_le_gastroc_med,0.38321027191193624,0.38829981058224267,0.45687639104390504,0.406833294297778,0.41702134980543687,0.4762760244569117,0.5622380206494649,0.5510779716932117,0.5622380206494649,0.4762760244569117,181.26551351860795,4587.379905103655,472.47174440297937,518.3383362981137,138.90959618464433
ID_05_le_YA_gaitinitiation_0_bl4_GO0006,05,YA,False,early,375.0,01_ri_soleus,0.33790734980715414,0.030696566635142346,0.09226680793008066,0.025360797351803313,0.16288856157081838,0.9993806019383324,0.9993806019383324,0.13659650087651806,0.618602528244683,0.7976068373706126,170.28606571619983,179.73597104707795,58.91965383778048,33.90494964650276,62.43609109380233
ID_05_le_YA_gaitinitiation_0_bl4_GO0006,05,YA,False,early,375.0,02_ri_gastroc_med,0.5679656375812261,0.02169007270513135,0.5330744167531399,0.02270966283754073,0.5600789188196235,0.9993655299139041,0.9575439001943332,0.8165945163657895,0.16133676118826776,0.9993655299139041,286.6055671109697,126.81223434261443,340.25737491648465,30.555335321264206,215.57966120594804
ID_05_le_YA_gaitinitiation_0_bl4_GO0006,05,YA,False,early,375.0,03_ri_tib_ant,0.48324474298688874,0.08218744064548177,0.019533055600069776,0.344756526078292,0.6128033841710318,0.8431729895361482,0.9994829026514139,0.1578182529589948,0.9994829026514139,0.8431729895361482,243.94891857216433,482.2391646880329,12.393343438884756,465.4173203662625,236.33433978799314
ID_05_le_YA_gaitinitiation_0_bl4_GO0006,05,YA,False,early,375.0,06_le_tib_ant,0.20697993101109932,0.059289900003324264,0.1354485121150969,0.23037440823928018,0.24088273019071252,0.5979518656961293,0.9995133464834971,0.5734130106249443,0.9995133464834971,0.5979518656961293,104.17569401587068,347.9392259269441,86.2517642750028,310.9453298675168,92.65775147011752
ID_05_le_YA_gaitinitiation_0_bl4_GO0006,05,YA,False,early,375.0,07_le_soleus,0.450806917747056,0.07809764993134174,0.31500915897672477,0.10600967175607705,0.5798364247138944,0.9995420672685311,0.32599796892923566,0.5061229028921754,0.32599796892923566,0.9995420672685311,227.38646845595048,458.30328208468666,200.94326215611613,143.05123278522882,223.55404190427038
ID_05_le_YA_gaitinitiation_0_bl4_GO0006,05,YA,False,early,375.0,08_le_gastroc_med,0.46361356086590194,0.33424467926012746,0.586110347744358,0.40396515425024343,0.5214028381060186,0.7376598570594115,0.9603189137556534,0.6121047979244715,0.9603189137556534,0.7376598570594115,233.68013979957018,1961.4153435162862,373.94618484374496,545.0265688302835,200.862821394661
ID_05_le_YA_gaitinitiation_0_bl4_GO0009,05,YA,False,late,309.0,01_ri_soleus,0.3215791773278735,0.02359606468609665,0.009085040715137063,0.017527614721102824,0.07503387460711748,0.9990731568549078,0.9990731568549078,0.023302421563684766,0.37181174432210284,0.5614885337028026,155.43712651633635,324.9139702936979,6.062904169436534,21.130506938072507,23.63578452879621
ID_05_le_YA_gaitinitiation_0_bl4_GO0009,05,YA,False,late,309.0,02_ri_gastroc_med,0.32875760758839845,0.03335369613920208,0.0009510954329137231,0.01961031754927396,0.07391945954025435,0.999201311585818,0.999201311585818,0.002713075560242445,0.43754673786335296,0.5568696078040226,158.87956642400704,459.40926362701816,0.635797378004197,23.62226363272107,23.28516771176844
ID_05_le_YA_gaitinitiation_0_bl4_GO0009,05,YA,False,late,309.0,03_ri_tib_ant,0.5206261681572256,0.019063428189539634,0.12342997902528162,0.1807731990093771,0.6921577249084823,0.9995949181754558,0.5433239825703432,0.2506162823368209,0.42449712597655864,0.9995949181754558,251.83291741762753,262.46416157617426,82.3069534528694,220.158417212564,220.38071504399105
ID_05_le_YA_gaitinitiation_0_bl4_GO0009,05,YA,False,late,309.0,06_le_tib_ant,0.38299935609280034,0.027229105945901028,0.09843355108103365,0.23315370242533512,0.4823186188423277,0.7953593083381849,0.9995085071377385,0.6335627564484279,0.9995085071377385,0.7953593083381849,184.94874518059456,375.2257083994408,65.42307641828587,283.8822963195785,153.46138047633355
ID_05_le_YA_gaitinitiation_0_bl4_GO0009,05,YA,False,late,309.0,07_le_soleus,0.46889350463048346,0.058991564902417776,0.15899972504975884,0.08723333929929514,0.6556338498967713,0.9995283844114475,0.3543618116939173,0.3181291872466262,0.2643380957768345,0.9995283844114475,226.8504296107738,812.8611756038526,106.07034252341874,106.21607771810443,208.86648822195008
ID_05_le_YA_gaitinitiation_0_bl4_GO0009,05,YA,False,late,309.0,08_le_gastroc_med,0.5635903369214024,0.33821540490456187,0.4843474908683849,0.41716965542801243,0.6773770455262451,0.8203757268428067,0.9995368084815983,0.8660178172359702,0.9995368084815983,0.8203757268428067,272.16812372738354,4661.237264197783,322.9491277585956,507.7440736048511,215.44961456955093
ID_05_le_YA_gaitinitiation_0_bl4_GO0015,05,YA,False,early,309.0,01_ri_soleus,0.31568924897901834,0.026226141896449166,0.011824594817266778,0.03523686705727354,0.11206457428423089,0.9992682493219419,0.9992682493219419,0.031023733504427532,0.6829996725008487,0.7292842706520549,146.43250710203966,307.424338124143,6.58593361673296,42.55170786671662,38.391174307000085
ID_05_le_YA_gaitinitiation_0_bl4_GO0015,05,YA,False,early,309.0,02_ri_gastroc_med,0.2960095968436946,0.038784308185426365,0.005776799673443034,0.06388645481712243,0.08678824055804543,0.9995175459123204,0.9995175459123204,0.013584971881607313,0.8738533635769755,0.6076945541967584,137.19281134863195,454.8848936962444,3.2226201073870016,77.34296529309262,29.70880193412859
ID_05_le_YA_gaitinitiation_0_bl4_GO0015,05,YA,False,early,309.0,03_ri_tib_ant,0.7248263695345825,0.036613439030510696,0.1880423394623202,0.31354694153874224,0.8886763607436663,0.9998273225024823,0.963066288421145,0.7095407649470286,0.963066288421145,0.9998273225024823,336.67108600193785,429.4321101316583,104.56627139321188,381.88669325404794,306.8194962282903
ID_05_le_YA_gaitinitiation_0_bl4_GO0015,05,YA,False,early,309.0,06_le_tib_ant,0.2799123634893443,0.03157660559795953,0.09806726711972588,0.2623194115464332,0.3339121401616953,0.6137256702339149,0.9997576576950126,0.515730839535456,0.9997576576950126,0.6137256702339149,129.81105702579103,370.5717484648626,54.45261976489878,319.416987513733,115.22669878997576
ID_05_le_YA_gaitinitiation_0_bl4_GO0015,05,YA,False,early,309.0,07_le_soleus,0.4393175367619055,0.05509059328303884,0.14601298310145103,0.08345857965415622,0.5770749582502452,0.9993440736043551,0.26683543553013656,0.23274707920569965,0.26683543553013656,0.9993440736043551,204.21052034900183,646.4971721707147,81.35942996895724,101.62420548784519,199.52199803925208
ID_05_le_YA_gaitinitiation_0_bl4_GO0015,05,YA,False,early,309.0,08_le_gastroc_med,0.5861632164089149,0.26163475763185284,0.380889231286834,0.343844758786019,0.710482830674182,0.9994952158598884,0.9387947422036923,0.6549966344915138,0.9387947422036923,0.9994952158598884,272.12440806355835,3070.547553714767,212.06661576491985,418.5637506004722,245.3570637884876
ID_05_le_YA_gaitinitiation_0_bl4_GO0016,05,YA,False,late,317.0,01_ri_soleus,0.36558486489925335,0.024401384502314945,0.06364662121832661,0.014401162311318685,0.15082934581128357,0.9990521156424987,0.9990521156424987,0.17345689898257083,0.19022877651509135,0.7809551893077946,163.68213040720966,336.3495228501041,44.87927681115053,17.635591164908213,41.985300700348674
ID_05_le_YA_gaitinitiation_0_bl4_GO0016,05,YA,False,late,317.0,02_ri_gastroc_med,0.36211527634691426,0.028323815522666478,0.021435638200972412,0.0331363125506766,0.12665811013762204,0.9990847696054187,0.9990847696054187,0.08708187257819644,0.24286859847065584,0.7158415367804941,162.09929805594078,390.5144789630662,15.12141111800901,40.704062888428645,35.224390270245536
ID_05_le_YA_gaitinitiation_0_bl4_GO0016,05,YA,False,late,317.0,03_ri_tib_ant,0.6012673783361809,0.02814331957052613,0.17970795578763232,0.2707087504586595,0.8151045093549293,0.9995272775657549,0.6314551709460349,0.6916935449175672,0.6297313446285349,0.9995272775657549,268.9695592535202,388.08479036149345,126.34397035503972,333.9981234616517,228.37688790949778
ID_05_le_YA_gaitinitiation_0_bl4_GO0016,05,YA,False,late,317.0,06_le_tib_ant,0.11636375595015876,0.022546441327184048,0.01806576122971029,0.2130662382505491,0.15432117262086537,0.18179492050116422,0.9993823480364432,0.09298243423226665,0.9993823480364432,0.18179492050116422,52.06108243994575,311.11190520665224,12.686557788674426,262.9011456168507,43.26379295129237
ID_05_le_YA_gaitinitiation_0_bl4_GO0016,05,YA,False,late,317.0,07_le_soleus,0.6013173951375996,0.0629053820246408,0.15314875948065507,0.0863667713494918,0.715032766303885,0.9996235182906897,0.862949530759753,0.3233352106694084,0.2761874962197582,0.9996235182906897,269.19320015947335,867.6883593266697,107.77385354984234,106.52121991775807,200.31292568359692
ID_05_le_YA_gaitinitiation_0_bl4_GO0016,05,YA,False,late,317.0,08_le_gastroc_med,0.5864022231423442,0.2848427429001608,0.5100330010536717,0.38960677154641676,0.5890422565049221,0.8346171997000612,0.9996059227152119,0.9228273214086851,0.9996059227152119,0.8346171997000612,262.1161912691367,3930.56915763858,358.986984172554,480.4680218983092,164.68543985043857
ID_06_ri_YA_gaitinitiation_0_bl1_GO0002,06,YA,False,late,306.0,01_ri_soleus,0.15327790554541537,0.012861062047584205,0.3508809973704297,0.03256196785992388,0.18594828315811718,0.9502841833785676,0.1798592721625825,0.9994866020698829,0.1798592721625825,0.9502841833785676,112.01709837427626,150.9895259539711,333.14351167332217,39.45430135636959,112.20471703168403
ID_06_ri_YA_gaitinitiation_0_bl1_GO0002,06,YA,False,late,306.0,02_ri_gastroc_med,0.10203603241744554,0.010183382177528946,0.4015543067319762,0.03286502158397417,0.1190294190998692,0.7201119430308323,0.21327625694628605,0.9996412152853769,0.21327625694628605,0.7201119430308323,74.50159668777466,119.54638586716744,381.42621779295405,39.80782526169536,71.75245083405657
ID_06_ri_YA_gaitinitiation_0_bl1_GO0002,06,YA,False,late,306.0,03_ri_tib_ant,0.1449523192183731,0.028661478505962727,0.6436410818001305,0.2509712112376542,0.15646232535461999,0.29599249108567477,0.6910015739630678,0.9994412693626034,0.6910015739630678,0.29599249108567477,106.10046094202542,336.4803170445949,611.6518115728662,304.0331144441103,94.65736992360232
ID_06_ri_YA_gaitinitiation_0_bl1_GO0002,06,YA,False,late,306.0,06_le_tib_ant,0.40955276511802713,0.04829083813815256,0.019543136676715245,0.411276658391718,0.406366098845236,0.6720456430246883,0.9998537451679919,0.20607001285170976,0.9998537451679919,0.6720456430246883,300.2044132087436,566.7365008976701,18.47182017962526,498.1717025554995,245.94502661509125
ID_06_ri_YA_gaitinitiation_0_bl1_GO0002,06,YA,False,late,306.0,07_le_soleus,0.2592319270466996,0.0011813477608973583,0.013898874654474865,0.0008403262374915065,0.31702368740775033,0.999276594351932,0.005818039365564439,0.03227536605262267,0.0016881543588548986,0.999276594351932,190.28779884690002,13.87708588662809,13.225996245068867,1.0202807534360683,192.13377416810732
ID_06_ri_YA_gaitinitiation_0_bl1_GO0002,06,YA,False,late,306.0,08_le_gastroc_med,0.24276653428818668,0.0014265928982952528,0.013409716901322172,0.002816304679488612,0.297918090548106,0.9991097897081858,0.013496314371860793,0.03168265198341552,0.006728567136502314,0.9991097897081858,178.19902632858526,16.760272146695787,12.756826528026066,3.414522091527926,180.5567389106395
ID_06_ri_YA_gaitinitiation_0_bl1_GO0009,06,YA,False,late,303.0,01_ri_soleus,0.358380789819953,0.012321263261689886,0.28810155502653034,0.014619645522488537,0.4399653948924273,0.8457796988444107,0.1939140603176355,0.5800630641637173,0.17134696555417248,0.8457796988444107,294.1952932650237,170.09780863305906,381.0786482721619,17.536861488820307,272.91635474129544
ID_06_ri_YA_gaitinitiation_0_bl1_GO0009,06,YA,False,late,303.0,02_ri_gastroc_med,0.26578170847663296,0.003164218828016688,0.11916856722366838,0.005487161792681248,0.3382506374218275,0.999361669571069,0.07117993394082532,0.6809139176440935,0.06540413199793235,0.999361669571069,218.07766693574857,43.67024109988501,157.39340121398502,6.582499034798866,209.68818543518918
ID_06_ri_YA_gaitinitiation_0_bl1_GO0009,06,YA,False,late,303.0,03_ri_tib_ant,0.10531722387330104,0.03226700465835137,0.1488355916362894,0.3276890498213685,0.07919258371927519,0.3717864766683519,0.9995288136373679,0.5316962249568049,0.9995288136373679,0.3717864766683519,86.26584697094464,445.4488230213116,196.76736716740118,395.08233001399935,48.9227262451965
ID_06_ri_YA_gaitinitiation_0_bl1_GO0009,06,YA,False,late,303.0,06_le_tib_ant,0.41040108662817754,0.023122262466494518,0.016300796946444308,0.17460977966199187,0.37748252703074586,0.999368873692872,0.6995026132535075,0.46976095634204834,0.6993968548422351,0.999368873692872,336.74385200224765,319.1687999141968,21.32856539689932,210.2293718975336,234.08158821834292
ID_06_ri_YA_gaitinitiation_0_bl1_GO0009,06,YA,False,late,303.0,07_le_soleus,0.3388767520154672,0.0023647601296404607,0.03396402459161442,-0.00036453047357267295,0.4177187543626359,0.9993255176619853,0.4790116419356408,0.08871158182968254,0.0022912392883823905,0.9993255176619853,278.58076189998985,32.39259422963869,44.96030531342346,-0.4242281191270465,259.15110978690643
ID_06_ri_YA_gaitinitiation_0_bl1_GO0009,06,YA,False,late,303.0,08_le_gastroc_med,0.2680638331084557,0.001872197383598236,0.038211293093056216,0.00012295735430757886,0.3274077434914364,0.6148726117303799,0.357453008205897,0.07305724634052274,0.0027571321518478696,0.6148726117303799,220.36275094977447,25.657726201041477,50.576141917188586,0.15703417774739376,203.13340975533532
ID_06_ri_YA_gaitinitiation_0_bl1_GO0012,06,YA,False,late,382.5,01_ri_soleus,0.32211478225548984,0.007567065208905987,0.12431933056037131,0.019249669602000034,0.4148212177367631,0.9994307778796123,0.14664102576393917,0.38765735971490717,0.14664102576393917,0.9994307778796123,206.23179781690206,59.904242578277234,146.12199245920507,26.230613149961574,203.48802867107662
ID_06_ri_YA_gaitinitiation_0_bl1_GO0012,06,YA,False,late,382.5,02_ri_gastroc_med,0.32844164293322076,0.007503852717038559,0.21067923213917242,0.03091478742634368,0.41561382480064024,0.9990500568798252,0.28526351213426676,0.9941018215594359,0.28526351213426676,0.9990500568798252,209.9591503792136,59.39715053403138,247.46599929203433,42.125374864563945,203.5707964433562
ID_06_ri_YA_gaitinitiation_0_bl1_GO0012,06,YA,False,late,382.5,03_ri_tib_ant,0.0970211503517334,0.05266999621382581,0.2100581966128595,0.25909709387301505,0.045700858758662706,0.4764134328468653,0.9169841025515334,0.9992798538791939,0.9169841025515334,0.153934556144034,61.862446041594126,416.8177880314905,247.10656144185333,353.4153572265064,22.295345496176022
ID_06_ri_YA_gaitinitiation_0_bl1_GO0012,06,YA,False,late,382.5,06_le_tib_ant,0.3581434201293125,0.02397184778098483,0.041677689625557034,0.093467795976329,0.3590445199271541,0.9991998020293142,0.8350933255590999,0.4300841148349909,0.3844435232590384,0.9991998020293142,229.33056986212154,189.30386879895397,48.83553740030814,127.56219517471703,175.6362378479267
ID_06_ri_YA_gaitinitiation_0_bl1_GO0012,06,YA,False,late,382.5,07_le_soleus,0.5374832032188166,0.024941574629274703,0.03940207022844371,0.01916985314764302,0.4399398858440982,0.9991606529880862,0.9591209863984604,0.15530017413416639,0.5577648502779382,0.9991606529880862,344.1362859457037,197.03414035488993,46.2764483987688,25.8691060647949,215.5449057470138
ID_06_ri_YA_gaitinitiation_0_bl1_GO0012,06,YA,False,late,382.5,08_le_gastroc_med,0.4996319824722226,0.028033135723515287,0.05400232466350689,0.020593755659029715,0.3925979946620421,0.9481716574291067,0.9481716574291067,0.21710474891583242,0.5488207328840742,0.8575513035016957,319.90385158299443,221.49602127512054,63.48903262931473,27.81926539871674,192.3164507031031
ID_06_ri_YA_gaitinitiation_0_bl2_GO0011,06,YA,False,late,313.5,01_ri_soleus,0.3800631665715269,0.014367503938748239,0.17802032103213908,0.035946812422449875,0.44289687933548333,0.9994106127246509,0.34290893595775956,0.23462394227567734,0.2384103115032668,0.9994106127246509,242.02264613848536,197.2739061782882,145.28832521100054,44.123821442602015,230.0172662813912
ID_06_ri_YA_gaitinitiation_0_bl2_GO0011,06,YA,False,late,313.5,02_ri_gastroc_med,0.5716350344813095,0.024961347048452903,0.39917341060307737,0.06427437035257337,0.6870821605729802,0.9380832936268415,0.3886111468719875,0.6063004603537285,0.3886111468719875,0.9380832936268415,363.83278428483453,342.9509630123221,325.6795704876026,78.86206972265427,356.8756393988034
ID_06_ri_YA_gaitinitiation_0_bl2_GO0011,06,YA,False,late,313.5,03_ri_tib_ant,0.05589290431292895,0.03524320983075502,0.023319229455704592,0.36336551920124505,0.04311414185092256,0.2542214711877634,0.9998683661008856,0.04946251130916218,0.9998683661008856,0.11697970742647945,35.465934007482076,484.3773130671945,19.038392083178287,445.7123628695569,22.411916150525308
ID_06_ri_YA_gaitinitiation_0_bl2_GO0011,06,YA,False,late,313.5,06_le_tib_ant,0.2482874498168094,0.03102527490335297,0.0011842920096359216,0.30062593305166124,0.20403480170949104,0.6770400057351681,0.999439950855427,0.005052451155565397,0.999439950855427,0.4968562071774622,157.80866319430572,426.30749947133506,0.9666305804380904,368.51519419046406,105.99526205090433
ID_06_ri_YA_gaitinitiation_0_bl2_GO0011,06,YA,False,late,313.5,07_le_soleus,0.3098658903499208,0.004251510012996259,0.001968334346707213,0.0016139940979492335,0.36309819493907136,0.9994163260377371,0.2604148732007085,0.009213716949178804,0.02074761471122329,0.9994163260377371,197.40331096999063,58.28732730844079,1.611550937759381,1.9851200267685947,188.66852840016284
ID_06_ri_YA_gaitinitiation_0_bl2_GO0011,06,YA,False,late,313.5,08_le_gastroc_med,0.2991349383886519,0.01059763535241005,0.009028901240818272,0.0116814312492156,0.3497598499528333,0.9993021163491111,0.25284847442613023,0.033161737848096964,0.06272676928954299,0.9993021163491111,190.5627544314996,145.51040472025454,7.377483464459022,14.31418893005742,181.7347864372266
ID_06_ri_YA_gaitinitiation_0_bl2_GO0013,06,YA,False,late,375.0,01_ri_soleus,0.39790973815342756,0.014263093683953738,0.27671113604682585,0.04951790341600445,0.5139800496754725,0.9998049797897515,0.464364044092714,0.4839962273618137,0.3599404932552373,0.9998049797897515,270.1912090400781,141.49653224223178,201.75474741827017,66.86469275299197,252.0984948648088
ID_06_ri_YA_gaitinitiation_0_bl2_GO0013,06,YA,False,late,375.0,02_ri_gastroc_med,0.44508282728098125,0.0238876547782913,0.2929965718038439,0.11774307755750113,0.59271037607147,0.9995544557688978,0.9011123062856452,0.3692872975061396,0.9011123062856452,0.9995544557688978,302.09052708823987,237.21558446465224,213.56870294939677,158.96525263807678,290.6990727837329
ID_06_ri_YA_gaitinitiation_0_bl2_GO0013,06,YA,False,late,375.0,03_ri_tib_ant,0.23151555783358363,0.022005733904430152,0.3922938603328977,0.1511249307897392,0.31372977208339614,0.5529780097861906,0.4395258989303151,0.5099604766419201,0.4395258989303151,0.5529780097861906,156.92383927202633,218.6902833145985,285.9045234340726,203.98716804273695,153.79414680597566
ID_06_ri_YA_gaitinitiation_0_bl2_GO0013,06,YA,False,late,375.0,06_le_tib_ant,0.49137342094269587,0.04999212331610119,0.20856901298668334,0.29521791255689056,0.4880945702149264,0.9994477178462455,0.906458356445347,0.36481830362727546,0.906458356445347,0.9994477178462455,333.0851889292946,496.76644744906685,152.01986587815688,398.12832000643357,239.45809441284788
ID_06_ri_YA_gaitinitiation_0_bl2_GO0013,06,YA,False,late,375.0,07_le_soleus,0.205837770698705,0.0075866161115887235,0.03353288577812518,0.002123563588342884,0.2186881816280354,0.8156882964982406,0.5828071850400491,0.39096935525911775,0.009206424493064,0.8156882964982406,139.7775982716982,75.08958805205887,24.271472565280714,2.8778133822149066,107.06633527439655
ID_06_ri_YA_gaitinitiation_0_bl2_GO0013,06,YA,False,late,375.0,08_le_gastroc_med,0.25463388944133275,0.02214075498226611,0.05670478074363263,0.012595927590925968,0.2529525154849289,0.9991738264981217,0.8005693475293854,0.38007242207188013,0.03818617174331797,0.9991738264981217,172.90854536776388,219.61810553713443,41.19264659930699,17.00373380630648,123.7757285305009
ID_06_ri_YA_gaitinitiation_0_bl2_GO0014,06,YA,False,late,330.5,01_ri_soleus,0.5706895433288246,0.023520478842715565,0.47392640951376025,0.03314327023094575,0.7285246213684241,0.9302834466088921,0.8403401032737458,0.9808050358371853,0.16897745681906723,0.9302834466088921,357.0890727715217,184.83394225695085,306.90660396450903,41.805575988023065,298.08480867694726
ID_06_ri_YA_gaitinitiation_0_bl2_GO0014,06,YA,False,late,330.5,02_ri_gastroc_med,0.4545584627558175,0.01012432801564234,0.193483232101964,0.012996362037748878,0.6375121568344739,0.999662749712644,0.3124903278814789,0.3116338756997479,0.07511516870636109,0.999662749712644,284.44249870158285,79.58878663408973,125.30349054919635,16.383835446904918,261.1097234721358
ID_06_ri_YA_gaitinitiation_0_bl2_GO0014,06,YA,False,late,330.5,03_ri_tib_ant,0.1137061594995935,0.05218851828275818,0.11265640847643799,0.3007787932839059,0.12688837207943868,0.35392490023818396,0.9995260604142375,0.3381367928420184,0.9995260604142375,0.35392490023818396,70.91566563645961,411.0493320184058,72.93094098458829,379.1864169805523,51.814247494030646
ID_06_ri_YA_gaitinitiation_0_bl2_GO0014,06,YA,False,late,330.5,06_le_tib_ant,0.3105746770195368,0.01463954236262657,0.19202446784154567,0.08176083981144601,0.45039763184364096,0.9995053317703837,0.2400224111111783,0.6193908311344762,0.2400224111111783,0.9995053317703837,194.05480440308884,115.29573942361549,124.27772113010849,103.06049653464184,184.31776110128567
ID_06_ri_YA_gaitinitiation_0_bl2_GO0014,06,YA,False,late,330.5,07_le_soleus,0.3688986009885728,0.021376714816375063,-0.0014711905230811702,0.0011843221781347795,0.2019139792537374,0.9997286884061867,0.9997286884061867,0.00396081578581122,0.11741828348501673,0.9630311175632956,230.86187907383942,167.89511199905982,-0.9579316272594811,1.4255434966075713,82.29796939120531
ID_06_ri_YA_gaitinitiation_0_bl2_GO0014,06,YA,False,late,330.5,08_le_gastroc_med,0.35358116764575376,0.02747121975193583,0.001297342099902678,0.0039022215468705462,0.19906536635424846,0.9996058780493392,0.9996058780493392,0.013870486406330906,0.08606679513647397,0.9697904782345897,221.2880860271616,215.8996394099642,0.831432917812461,4.867315837962399,81.1244691305157
ID_06_ri_YA_gaitinitiation_0_bl3_GO0005,06,YA,False,late,297.0,01_ri_soleus,0.3142087774838868,0.006318171464786286,0.1339711366775314,0.010646154737157713,0.43722718135962146,0.9995315149107779,0.04426583419990785,0.22260212053623576,0.04426583419990785,0.9995315149107779,217.0469968605996,87.10781696566079,103.81056828517937,12.705984593637444,218.55746394921673
ID_06_ri_YA_gaitinitiation_0_bl3_GO0005,06,YA,False,late,297.0,02_ri_gastroc_med,0.26718386207173866,0.0012673721415529383,0.032407997159350985,0.0025185208933004802,0.37085852721101203,0.9992404625417795,0.010080032416704934,0.05387918763082187,0.008895869189273223,0.9992404625417795,184.60854989578567,17.483322862877834,25.10919727026747,3.004135408271301,185.4287188746465
ID_06_ri_YA_gaitinitiation_0_bl3_GO0005,06,YA,False,late,297.0,03_ri_tib_ant,0.07919442126257763,0.03661748193451022,0.19471534552884404,0.37415372576457634,0.07601919717790295,0.2544494531738236,0.9998833120455037,0.35513164268948955,0.9998833120455037,0.2544494531738236,54.498641426993686,504.7538374212062,150.82909425990374,446.6406540972653,37.86535800455593
ID_06_ri_YA_gaitinitiation_0_bl3_GO0005,06,YA,False,late,297.0,06_le_tib_ant,0.3213274304298722,0.027603330346327167,0.09217122234375855,0.2854132058541545,0.37865952445341533,0.9994258930289386,0.6759302411583595,0.444303902723834,0.6759302411583595,0.9994258930289386,221.5566705072556,380.505357633352,71.23335848756241,340.5428023409084,189.08161870074812
ID_06_ri_YA_gaitinitiation_0_bl3_GO0005,06,YA,False,late,297.0,07_le_soleus,0.3662901859474851,0.004575533804137183,-0.0008782422112345304,-0.0006183602951282916,0.4430474879492556,0.9997094485156419,0.572605078622636,0.025852999755224787,0.003173977750419169,0.9997094485156419,253.12790582508163,62.772204660742375,-0.6901169174024192,-0.7244374081793338,221.2260931735026
ID_06_ri_YA_gaitinitiation_0_bl3_GO0005,06,YA,False,late,297.0,08_le_gastroc_med,0.39671357547136776,0.01175117903078484,0.007810288300196557,0.002427030649338076,0.44316096001048527,0.9997459873227958,0.7616144141815979,0.07732235216355443,0.009683386724161925,0.9997459873227958,274.1367992781144,161.59596839431416,6.017183969315921,2.905019775443141,221.1830231601093
ID_06_ri_YA_gaitinitiation_0_bl3_GO0007,06,YA,False,late,323.0,01_ri_soleus,0.5882699674905172,0.01576798271435289,0.4020785364678842,0.026851291926115434,0.7170122639903272,0.9995863077885291,0.28181087403969984,0.7571195498980006,0.1504284593569987,0.9995863077885291,329.21575975188216,153.78493970364045,368.31093560928,33.458478258359705,317.25876756490834
ID_06_ri_YA_gaitinitiation_0_bl3_GO0007,06,YA,False,late,323.0,02_ri_gastroc_med,0.49462624901928526,0.004566542801854046,0.19883750277640794,0.017545126069238463,0.6161927312073363,0.9996825719411435,0.12851567646897072,0.3436913461679197,0.1282260015941141,0.9996825719411435,276.88417669930504,44.51757006272228,182.1276958006634,21.86645481474544,272.79287098054266
ID_06_ri_YA_gaitinitiation_0_bl3_GO0007,06,YA,False,late,323.0,03_ri_tib_ant,0.027588952183789338,0.04211148425043485,0.004306667727190626,0.32143694857467375,0.035084554261132106,0.08502365839800646,0.9997895273541866,0.03799014842011026,0.9997895273541866,0.08502365839800646,15.42820138933672,411.13226355338867,3.926032418869535,400.5081843881031,15.520573425078835
ID_06_ri_YA_gaitinitiation_0_bl3_GO0007,06,YA,False,late,323.0,06_le_tib_ant,0.12107320569465868,0.03818778475453827,0.002776156768103718,0.28774640768030735,0.12675142804230574,0.1691461240340938,0.9996427317103989,0.05185904402911277,0.9996427317103989,0.1691461240340938,67.6989033912686,372.7887581403153,2.5170358260808428,358.45821104719585,56.08356980080642
ID_06_ri_YA_gaitinitiation_0_bl3_GO0007,06,YA,False,late,323.0,07_le_soleus,0.42925213604970147,0.0047533404361696655,0.00901358546364115,-0.0006610526305915065,0.504055012618331,0.9996525175175723,0.364806480381366,0.04740435140675065,0.005528924265182291,0.9996525175175723,240.40058829219814,46.210739443992395,8.271494329766563,-0.8244638821537267,223.1164516478437
ID_06_ri_YA_gaitinitiation_0_bl3_GO0007,06,YA,False,late,323.0,08_le_gastroc_med,0.41598052609993164,0.012919951420911065,0.007538521970338083,0.006278593684477793,0.4840718661829991,0.9995770347881132,0.3898013247032169,0.02791867526519793,0.02379714744192671,0.9995770347881132,232.96244900025152,125.92623958171357,6.916247901850815,7.812271792623388,214.24608207992665
ID_06_ri_YA_gaitinitiation_0_bl3_GO0009,06,YA,False,late,291.0,01_ri_soleus,0.2907756411525369,0.009926377854761114,0.23511810599133448,0.011122443138129873,0.44129202904842185,0.6663205369116743,0.037706176370177466,0.4393696050936402,0.037706176370177466,0.6663205369116743,181.50774968323495,77.32019258991738,219.98104633457476,13.140881138430842,183.78875551272864
ID_06_ri_YA_gaitinitiation_0_bl3_GO0009,06,YA,False,late,291.0,02_ri_gastroc_med,0.3336227542923298,0.004571182388955698,0.18939762327490017,0.0032407252953619435,0.5013947698015375,0.999236676560675,0.013402420177072816,0.3882888656242033,0.011065462431904153,0.999236676560675,208.30394187246137,35.61121245075033,177.18965836810546,3.8245186441880867,208.87670239168023
ID_06_ri_YA_gaitinitiation_0_bl3_GO0009,06,YA,False,late,291.0,03_ri_tib_ant,0.1309645279908791,0.04174504082430533,0.10671168673114834,0.2531090861753118,0.15905164272909794,0.36591311287020123,0.6577695449458013,0.4781207147929096,0.6577695449458013,0.36591311287020123,81.69800583590765,325.19403371642403,99.73945758914267,299.0809255842408,66.26309673487432
ID_06_ri_YA_gaitinitiation_0_bl3_GO0009,06,YA,False,late,291.0,06_le_tib_ant,0.28698225926955495,0.048285045233831446,0.038390286216133385,0.2771320070744309,0.3280129015169247,0.8838495972410003,0.9994029744836459,0.5667044917916986,0.9994029744836459,0.8838495972410003,178.94059900685548,376.07018545659855,35.65401744972732,327.44887101312816,136.40860070338283
ID_06_ri_YA_gaitinitiation_0_bl3_GO0009,06,YA,False,late,291.0,07_le_soleus,0.3324616758306984,0.0065943958370277365,-0.0003889559566931797,0.0005930715038304925,0.4336749282561004,0.9993499307895479,0.5197426460387813,0.004581808732032932,0.007304343037434947,0.9993499307895479,207.8137928959745,51.09537748547933,-0.35251418828403597,0.712499405306973,180.5771305542945
ID_06_ri_YA_gaitinitiation_0_bl3_GO0009,06,YA,False,late,291.0,08_le_gastroc_med,0.3248955903631218,0.016879133484544128,0.007671020885957115,0.006552232551676326,0.41329567753042845,0.9992419836603634,0.5460709463569114,0.03346266205999535,0.016906718144097287,0.9992419836603634,203.07409424195777,131.19900592528808,7.189582362955435,7.748556748112335,172.05709886041404
ID_06_ri_YA_gaitinitiation_0_bl3_GO0016,06,YA,False,late,392.5,01_ri_soleus,0.15485336249551188,0.012260128096895213,0.231958747111312,0.01290072733758626,0.1950620959498089,0.9994029601458033,0.04331267792329961,0.9602923023461563,0.04331267792329961,0.9994029601458033,105.58646150244036,146.22139396876463,307.75371294061836,17.859172064950208,105.42938310715131
ID_06_ri_YA_gaitinitiation_0_bl3_GO0016,06,YA,False,late,392.5,02_ri_gastroc_med,0.11484331114597239,0.0014159378903728435,0.17366147200925794,0.0008702650118353355,0.14059024028301648,0.9481986587794895,0.01820122475075938,0.9993139225108191,0.010127035191663584,0.9481986587794895,78.1797449975535,16.87880078932735,230.27015888372097,1.1993648568298898,75.84891089009984
ID_06_ri_YA_gaitinitiation_0_bl3_GO0016,06,YA,False,late,392.5,03_ri_tib_ant,0.11527818676752417,0.02483948370628693,0.4022533364645115,0.16878688104302597,0.06874623921740432,0.31153262716078534,0.5273849087405209,0.8890855304269175,0.5273849087405209,0.2766390761734009,78.67555976081928,296.116351117767,534.229572602201,233.60874638282434,37.05597750142207
ID_06_ri_YA_gaitinitiation_0_bl3_GO0016,06,YA,False,late,392.5,06_le_tib_ant,0.23119629288290164,0.030318706201326182,0.11387867138275774,0.23610417900441122,0.24399466393529945,0.8153382605412057,0.9992174001955731,0.8698829910611409,0.9992174001955731,0.8153382605412057,157.67689639390736,361.5844442425787,150.92001920257036,326.7234740446678,132.04579734653163
ID_06_ri_YA_gaitinitiation_0_bl3_GO0016,06,YA,False,late,392.5,07_le_soleus,0.5119944381542717,0.007636737875843716,0.05567369314971779,-0.00039323153743365304,0.5266445687697617,0.9993609081136476,0.8760506766147114,0.24854628698278294,0.06588487758702122,0.9993609081136476,350.53547433125834,90.63257471847639,73.84368432420112,-0.5851941208821447,285.3753605820999
ID_06_ri_YA_gaitinitiation_0_bl3_GO0016,06,YA,False,late,392.5,08_le_gastroc_med,0.4972808295083767,0.00918916662404302,0.07689047975654148,0.0024760164141623938,0.4792913054645363,0.9993177968525728,0.9531381860278163,0.27397239274813817,0.13027452578230045,0.9993177968525728,340.4805788936453,109.11417901489645,102.07454967212527,3.3545777470439266,259.6885030014926
ID_06_ri_YA_gaitinitiation_0_bl4_GO0002,06,YA,False,late,414.5,01_ri_soleus,0.003853264949956842,0.007954326791640537,nan,0.009604167758571158,0.0033840125210514876,0.03279327668482327,0.036397910819131504,nan,0.036397910819131504,0.03279327668482327,3.363642358637633,95.9400850324909,0.0,13.711490551488895,2.1686833351753125
ID_06_ri_YA_gaitinitiation_0_bl4_GO0002,06,YA,False,late,414.5,02_ri_gastroc_med,0.013077878953818138,0.005010588776116724,nan,0.005659702306845351,0.012619818489144721,0.0522784539040634,0.0474333487948554,nan,0.01526800081342337,0.0522784539040634,11.479073322938001,60.41963297773417,0.0,8.083615727144805,8.118205613589158
ID_06_ri_YA_gaitinitiation_0_bl4_GO0002,06,YA,False,late,414.5,03_ri_tib_ant,0.13689370255790398,0.022714041607452093,nan,0.1316034786732942,0.07772829803211997,0.47850641259121174,0.4807946952962016,nan,0.4807114734492822,0.4082229627623525,120.01501319620641,273.9390913185999,0.0,187.82037529344169,50.04277919199912
ID_06_ri_YA_gaitinitiation_0_bl4_GO0002,06,YA,False,late,414.5,06_le_tib_ant,0.09605278283045048,0.009630332083325062,nan,0.04247627615911219,0.05057514609637996,0.28459684736852936,0.28459684736852936,nan,0.18968307935985926,0.11468086201588593,84.42733363662816,116.10121352136358,0.0,60.60169035231024,32.660942303785795
ID_06_ri_YA_gaitinitiation_0_bl4_GO0002,06,YA,False,late,414.5,07_le_soleus,0.27878989484891914,0.001100059648987643,nan,0.0007607811765460925,0.37999815706625234,0.9995671210550692,0.002416064885676959,nan,0.0015822220410920368,0.9995671210550692,245.31258599079084,13.27705691851811,0.0,1.0856590478542667,245.84598697428777
ID_06_ri_YA_gaitinitiation_0_bl4_GO0002,06,YA,False,late,414.5,08_le_gastroc_med,0.2821866573813791,0.000768336058352882,nan,0.0009187140110943439,0.38435793490135567,0.9995228691626694,0.0033268240992646325,nan,0.00299872985453769,0.9995228691626694,248.3130736879275,9.275446839914189,0.0,1.3108367518962567,248.6780716859892
ID_06_ri_YA_gaitinitiation_0_bl4_GO0006,06,YA,False,late,381.0,01_ri_soleus,0.2827407039951226,0.0031914086650453558,0.0010597371594036529,0.0025065650931704033,0.35599404884112157,0.9992292737386395,0.008067115959528196,0.16395106708429869,0.0053986096600434075,0.9992292737386395,176.61669965425614,37.951368389441676,0.5797766964576211,3.4109505546008636,176.48219275043127
ID_06_ri_YA_gaitinitiation_0_bl4_GO0006,06,YA,False,late,381.0,02_ri_gastroc_med,0.29308943897393136,0.003289909924540514,-0.0002971924345312738,0.0024341286953005006,0.3654397622980876,0.9992572343594363,0.017779304860522847,0.15763622653369488,0.010437152073092095,0.9992572343594363,183.08365397996812,39.1154226108664,-0.27765703131050723,3.307163888918698,181.16205560474808
ID_06_ri_YA_gaitinitiation_0_bl4_GO0006,06,YA,False,late,381.0,03_ri_tib_ant,0.13217329761164892,0.029264616700882894,0.018003744559956035,0.2284715888034977,0.1502382456845136,0.4252149221075158,0.7295019696657378,0.26876497582531744,0.7295019696657378,0.4252149221075158,82.40426622616428,347.963440690786,11.271880507610488,311.1162029824587,74.35330830390039
ID_06_ri_YA_gaitinitiation_0_bl4_GO0006,06,YA,False,late,381.0,06_le_tib_ant,0.45427755947750886,0.04166763861334937,0.009670101097373505,0.301680485854553,0.4315324981851668,0.85737454472788,0.999635146959367,0.18911542349789745,0.999635146959367,0.85737454472788,283.63382010279366,495.09200746584634,6.02901595540763,410.7020686477732,213.55856350761184
ID_06_ri_YA_gaitinitiation_0_bl4_GO0006,06,YA,False,late,381.0,07_le_soleus,0.5116239689545686,0.0071299877312774335,-0.003035092010775467,-0.0005005404781460018,0.5511013604834422,0.9996205511934908,0.760774788654874,0.0011413561493692937,0.02938794654598504,0.9996205511934908,319.7570703420627,84.38526422357947,-1.911035695225145,-0.703922153036133,272.9601457299037
ID_06_ri_YA_gaitinitiation_0_bl4_GO0006,06,YA,False,late,381.0,08_le_gastroc_med,0.4235156858112773,0.009983695450993386,-0.0016797553935215188,0.000338856798740969,0.4347305374736458,0.9993508551058479,0.8056317955522871,0.0007131930300560994,0.029263906858134903,0.9993508551058479,264.6840375227229,118.29382807400393,-1.05686460977292,0.43778890890785593,215.2121855022317
ID_06_ri_YA_gaitinitiation_0_bl4_GO0008,06,YA,False,late,306.0,01_ri_soleus,0.0641534110117799,0.0054264991151044915,0.35453812519289907,0.0073603380930842835,0.0934764658396973,0.3073902898943759,0.033986729113976835,0.9995879747861552,0.033986729113976835,0.3073902898943759,30.496044991742046,31.352055878452628,495.67918189063346,8.90509411236159,29.106450725558567
ID_06_ri_YA_gaitinitiation_0_bl4_GO0008,06,YA,False,late,306.0,02_ri_gastroc_med,0.08576416078069202,0.002733947322324495,0.4587222917077609,0.003184140667450885,0.11192689632025701,0.3989585616007236,0.0387129398809553,0.9993056609331357,0.03243997875879624,0.3989585616007236,40.77083692145939,15.775269203914625,641.2466236801725,3.8426865940322243,34.80654958049822
ID_06_ri_YA_gaitinitiation_0_bl4_GO0008,06,YA,False,late,306.0,03_ri_tib_ant,0.22497840964546886,0.08115397232208524,0.03257356910075336,0.2972694074525661,0.04313149445284186,0.9222086249447136,0.9997580939955487,0.10623463464830833,0.9997580939955487,0.20173411758026544,107.05069915686815,468.71434129883073,45.55082678183838,359.81774086605054,13.372031532547535
ID_06_ri_YA_gaitinitiation_0_bl4_GO0008,06,YA,False,late,306.0,06_le_tib_ant,0.40973557263143773,0.07327149790757072,0.28499191786747174,0.24958754133352823,0.26804579566770703,0.9675765375740777,0.9996054683615888,0.7108313791986418,0.9996054683615888,0.8495343990789188,195.67861624464527,422.84948382400114,398.63209752884546,302.389291515092,83.3983171115866
ID_06_ri_YA_gaitinitiation_0_bl4_GO0008,06,YA,False,late,306.0,07_le_soleus,0.3298818819053625,0.01776814950858257,0.08199466396262464,0.011765725501543827,0.3374716642901301,0.8068476942871483,0.41129345906420384,0.6736455927317011,0.26746000532205183,0.8068476942871483,157.1887790398419,102.5918097709157,114.25167898891411,14.117008092698512,105.2226675504109
ID_06_ri_YA_gaitinitiation_0_bl4_GO0008,06,YA,False,late,306.0,08_le_gastroc_med,0.2882026965565616,0.019397891046436418,0.07133964048112443,0.01012996298401963,0.3252511077103099,0.7264547837830837,0.2912593086094804,0.526848744163634,0.19542765728209982,0.7264547837830837,137.37775828043624,112.02792306465919,99.43815619213257,12.169598606683527,101.49148166130486
ID_06_ri_YA_gaitinitiation_0_bl4_GO0011,06,YA,False,late,346.0,01_ri_soleus,0.5167848249790904,0.012098332999418768,0.1810505830060077,0.0072929349920317615,0.5505001697710338,0.9997774615301755,0.923801328235004,0.3058244385821715,0.06953875200711032,0.9997774615301755,280.55133615887377,167.2476524614217,141.07314207642753,9.41046267309282,204.26391994988734
ID_06_ri_YA_gaitinitiation_0_bl4_GO0011,06,YA,False,late,346.0,02_ri_gastroc_med,0.4300863735912448,0.008660138300750624,0.14688053945794516,0.005636168502922325,0.43578535247251005,0.9995404023079815,0.9129300675571793,0.2061594374241016,0.05798978253998173,0.9995404023079815,233.45650880752927,119.58945280058745,114.41148066416564,7.275424279880878,161.57121915577824
ID_06_ri_YA_gaitinitiation_0_bl4_GO0011,06,YA,False,late,346.0,03_ri_tib_ant,0.04286082362357098,0.020069317479257342,0.006459855254308981,0.193390153595157,0.05411635716141494,0.10473039906635462,0.9992860174193352,0.014701492502466948,0.9992860174193352,0.10473039906635462,23.254506400252005,278.2110597446576,5.0296642566143674,249.841480862605,20.120779965882964
ID_06_ri_YA_gaitinitiation_0_bl4_GO0011,06,YA,False,late,346.0,06_le_tib_ant,0.4216421223347374,0.03725451103299818,0.06814345089424109,0.3697120986099244,0.5423359914671254,0.8728461237450634,0.999666903875098,0.1553400711540056,0.999666903875098,0.8728461237450634,228.73910515810644,516.3015192337448,53.04358469987771,477.5308700337876,201.50959588466077
ID_06_ri_YA_gaitinitiation_0_bl4_GO0011,06,YA,False,late,346.0,07_le_soleus,0.3376576438794286,0.01890471676602204,0.016430176812434288,0.021497013310965585,0.12384530759687773,0.9994792658060069,0.9994792658060069,0.0748421446294468,0.3135106293051566,0.8035856184778248,183.17418986659175,261.65581355883637,12.777509599860323,27.58636644067874,45.65384048016879
ID_06_ri_YA_gaitinitiation_0_bl4_GO0011,06,YA,False,late,346.0,08_le_gastroc_med,0.3237521676861752,0.029457883416601764,0.02915251195465143,0.047805027788770466,0.09574158705551314,0.9994135516328738,0.9994135516328738,0.16349274240926798,0.356396064184331,0.6985050502163342,175.599198957332,408.0037800789277,22.65580896427064,61.51166528727866,35.24876228673764
ID_07_le_YA_gaitinitiation_1_bl2_GO_10009,07,YA,False,late,432.0,01_ri_soleus,0.3312363569126939,0.014745532702567742,0.09308302282619785,0.013250495470960978,0.6298218426156678,0.9992752410963941,0.2510136438250868,0.9911808521894139,0.02607722605586041,0.9992752410963941,145.90370962126408,193.01740869924998,138.99666453222164,19.38806524699404,129.7396949708977
ID_07_le_YA_gaitinitiation_1_bl2_GO_10009,07,YA,False,late,432.0,02_ri_gastroc_med,0.41753918921299343,0.004064416597990996,0.06907694360608159,0.0022717078741051606,0.8128170409185422,0.9996680537471704,0.3841073117779251,0.9132493246639642,0.0037493718103546103,0.9996680537471704,184.09325320597296,53.03384485952056,103.02246132057046,3.331243334167941,167.57961336063983
ID_07_le_YA_gaitinitiation_1_bl2_GO_10009,07,YA,False,late,432.0,03_ri_tib_ant,0.32569952436634836,0.0523347589635758,0.2164681000816663,0.33053136507028397,0.06728214565255831,0.7372468991730508,0.9997233241487697,0.7171817595444685,0.9997233241487697,0.13358614729904966,143.54287965310493,685.4543204562973,324.4384355018843,483.5212091187637,13.810221414439543
ID_07_le_YA_gaitinitiation_1_bl2_GO_10009,07,YA,False,late,432.0,06_le_tib_ant,0.0028996898576020844,0.33037003503668605,0.003035162672854069,0.18316130856533006,0.0031314393725680074,0.004083746639424441,0.9998706160471537,0.013273620633482313,0.9371914475000068,0.003974634608512622,1.2785423556672137,4327.515283052508,4.548673741432166,267.68833449866815,0.6454071567908156
ID_07_le_YA_gaitinitiation_1_bl2_GO_10009,07,YA,False,late,432.0,07_le_soleus,0.009555458105235245,0.04467289677091981,0.3998729448036874,0.052991560967847406,0.007922263216564744,0.012779200896863916,0.10950589447786699,0.6957351690670933,0.10950589447786699,0.011371584457828918,4.2190794729617025,585.1611756278173,599.2862685877703,77.55624638025118,1.6334378250605701
ID_07_le_YA_gaitinitiation_1_bl2_GO_10009,07,YA,False,late,432.0,08_le_gastroc_med,0.05911219026056546,0.06874722073710783,0.22886543872014717,0.06762171699238972,0.049437930730738835,0.07088975850451348,0.1264423023022684,0.9993857785508398,0.090155722605846,0.06070540037930396,26.078386225334448,900.4593515986024,343.0107540516743,98.92450357506922,10.185653086557595
ID_07_le_YA_gaitinitiation_1_bl1_GO_10003,07,YA,False,late,303.0,01_ri_soleus,0.25517521341335203,0.014120436997793286,0.1114965035018122,0.015507772521891014,0.41006590231950446,0.9996123485874169,0.04230861400834034,0.8604848269660472,0.026443649382480866,0.9996123485874169,181.2310421715971,40.9461050931604,166.6856919104045,18.68621890746621,170.54282641290604
ID_07_le_YA_gaitinitiation_1_bl1_GO_10003,07,YA,False,late,303.0,02_ri_gastroc_med,0.16705653633999087,0.0019205539418065635,0.07751998928649191,0.0019964946767288146,0.28341378353175195,0.9992074649293894,0.003967962707987495,0.9750321245391455,0.0025463962250541513,0.9992074649293894,118.44845638771547,5.572894872925739,115.70170013333438,2.405760644121039,117.6912383670506
ID_07_le_YA_gaitinitiation_1_bl1_GO_10003,07,YA,False,late,303.0,03_ri_tib_ant,0.3838524203559099,0.13022160892569462,0.15823927378924715,0.1585545513703498,0.21770733544139415,0.7090188012525807,0.7090188012525807,0.8312083961550354,0.5544611289054187,0.5595242547782255,273.0261415908778,377.4889075931128,237.1870691621418,190.9506885839671,90.48969231421161
ID_07_le_YA_gaitinitiation_1_bl1_GO_10003,07,YA,False,late,303.0,06_le_tib_ant,0.12261322133674499,0.19035035047295873,0.10533849173093414,0.3927967938451632,0.022564843484361417,0.5017493078290748,0.9997474798008227,0.3144228786598857,0.9997474798008227,0.0469829149856046,87.041657247662,552.1811078615101,157.87539517853435,473.4587387121292,9.379166942709668
ID_07_le_YA_gaitinitiation_1_bl1_GO_10003,07,YA,False,late,303.0,07_le_soleus,0.0039339680236852624,0.010722245455451192,0.2347921134246653,0.01826671549936528,0.0020274815234556107,0.012714950462670325,0.045097121558591344,0.9993802021524185,0.045097121558591344,0.003219202839946234,2.7953663649207416,31.101458171294848,351.9004365497824,22.021606132500438,0.8452181889763107
ID_07_le_YA_gaitinitiation_1_bl1_GO_10003,07,YA,False,late,303.0,08_le_gastroc_med,0.0825927741476249,0.0870753420817259,0.26389328952049274,0.08139215594424642,0.08670225985116808,0.1061672639089668,0.1182916157329428,0.9991880057746881,0.08895522749669235,0.1061672639089668,58.72588867338397,252.51588322931846,395.4611022526826,98.07887011505306,36.065328825597035
ID_07_le_YA_gaitinitiation_1_bl1_GO_10004,07,YA,False,late,278.5,01_ri_soleus,0.3090420669610785,0.013664057592140018,0.011575768415671438,0.01840467778995746,0.39307881847296244,0.9991758696926244,0.03844640097139333,0.03111345082540824,0.032480617602703196,0.9991758696926244,238.56256217425448,119.24909420658442,13.080640275997805,21.27793410486983,235.82248501505262
ID_07_le_YA_gaitinitiation_1_bl1_GO_10004,07,YA,False,late,278.5,02_ri_gastroc_med,0.33813245670589004,0.00865824171967167,0.002581157599615932,0.004858862844196066,0.4360278938534288,0.9997407429219486,0.05560191135041194,0.0057355065442551735,0.007232188445139747,0.9997407429219486,261.05231624974147,75.56215117466874,2.93072846153358,5.6196053952675165,261.614430481603
ID_07_le_YA_gaitinitiation_1_bl1_GO_10004,07,YA,False,late,278.5,03_ri_tib_ant,0.4278736719587522,0.05636155368678877,0.10676768105934967,0.3244451501991212,0.3992936562966088,0.9996146960025178,0.8880216788830222,0.9920127575739901,0.8880216788830222,0.9996146960025178,329.54842818513913,491.68294358047115,120.25287155260708,375.1090765250888,238.78217706022568
ID_07_le_YA_gaitinitiation_1_bl1_GO_10004,07,YA,False,late,278.5,06_le_tib_ant,0.05405172628588384,0.043353670581573946,0.04346966805028268,0.30980252166161704,0.04963414516880455,0.1080698833049818,0.9997461589149417,0.1503841894970902,0.9997461589149417,0.1080698833049818,41.62542289512764,378.3540655110255,49.10821056605047,358.39286038390287,29.69953451970145
ID_07_le_YA_gaitinitiation_1_bl1_GO_10004,07,YA,False,late,278.5,07_le_soleus,0.044139446689814545,0.014221244587448643,0.24300087125449,0.02421061836606719,0.055153452616189584,0.6681985648016144,0.06167278331052049,0.9991522494853646,0.04897052892552654,0.6681985648016144,33.71754343992991,124.12349430624977,274.38877401270867,28.00120646319112,32.73710637279899
ID_07_le_YA_gaitinitiation_1_bl1_GO_10004,07,YA,False,late,278.5,08_le_gastroc_med,0.23184705932157582,0.23546666176215303,0.4911594177860556,0.21995654964677763,0.23865988916362166,0.5525930251435737,0.4218780584952492,0.9997050899601438,0.2497799256833706,0.5525930251435737,178.59008563339705,2055.183075656315,554.9453001902841,254.25698225988913,142.80094822993345
ID_07_le_YA_gaitinitiation_1_bl1_GO_10006,07,YA,False,late,327.5,01_ri_soleus,0.0005353801244615312,0.7017990728770429,2.2020278611949415e-05,0.6735633422938088,0.0004156522580030665,0.0014964312972305387,0.9999543400490383,5.0843759637688236e-05,0.9998392852270344,0.0011011552281642452,0.41964948068857527,3392.4966187483724,0.027131656279978333,844.8373218644396,0.25176301752232944
ID_07_le_YA_gaitinitiation_1_bl1_GO_10006,07,YA,False,late,327.5,02_ri_gastroc_med,0.22716126644468848,0.003952419907352294,0.0023661380089158215,0.00445245929541665,0.29349372103790905,0.8839851830224965,0.008684191788003373,0.005489335791816225,0.007909237922975945,0.8839851830224965,178.32928756452642,19.111533767396523,2.930380276754976,5.5819991264900715,177.8765708348489
ID_07_le_YA_gaitinitiation_1_bl1_GO_10006,07,YA,False,late,327.5,03_ri_tib_ant,0.45972670195948695,0.09044053073347305,0.13722504435562713,0.22558218508624533,0.3570458649519142,0.9995549936152409,0.8498624767167462,0.9922343104402568,0.8498624767167462,0.9995549936152409,360.0449785053002,436.77552698630035,168.83561427112093,282.7630571056226,215.4590742977117
ID_07_le_YA_gaitinitiation_1_bl1_GO_10006,07,YA,False,late,327.5,06_le_tib_ant,0.08953154881582322,0.09383846194814092,0.04159777083641863,0.3337375367462159,0.06415385045645382,0.2101633516660745,0.9998384285560702,0.14281313715585864,0.9998384285560702,0.13036007670907035,70.11474826145601,453.5494693968296,51.268921625780656,418.7347510973818,38.74972021291883
ID_07_le_YA_gaitinitiation_1_bl1_GO_10006,07,YA,False,late,327.5,07_le_soleus,0.053456483376319995,0.056300927936679436,0.4465162260544077,0.07943669499566432,0.057379596283983945,0.41135888101374424,0.181792877926578,0.9993751607102705,0.181792877926578,0.41135888101374424,41.72811303662232,272.1187289077923,550.7437360605711,99.64508535162784,34.53959525674778
ID_07_le_YA_gaitinitiation_1_bl1_GO_10006,07,YA,False,late,327.5,08_le_gastroc_med,0.24058989605688041,0.24166043626855513,0.3767301565432059,0.24046346381225514,0.24036658697317642,0.24650737607202955,0.26725227178346034,0.9993306884480809,0.25593764750103365,0.24545657680256355,188.63923314311268,1167.9443043054946,464.6476443726634,301.54914767798255,145.43360659725948
ID_07_le_YA_gaitinitiation_1_bl1_GO_10014,07,YA,False,late,411.5,01_ri_soleus,0.3500566601830125,0.014308156828218333,0.10548595999812889,0.009939559423086245,0.6802483577401837,0.9990355724210174,0.4557783278222559,0.5204175872460098,0.018302881711911027,0.9990355724210174,209.78387149589426,159.30386250408918,145.02377203062872,14.133217852190796,184.5387357832496
ID_07_le_YA_gaitinitiation_1_bl1_GO_10014,07,YA,False,late,411.5,02_ri_gastroc_med,0.3418206317935897,0.003266898890995417,0.06772912707192384,0.0015073672381701163,0.6751393047307281,0.9991557234336408,0.489556970045829,0.4621346629901179,0.002964761541915281,0.9991557234336408,204.88191434908543,36.167876602596394,93.06974083768611,2.1447369268543484,183.16276289116314
ID_07_le_YA_gaitinitiation_1_bl1_GO_10014,07,YA,False,late,411.5,03_ri_tib_ant,0.32685456216988,0.040456175957226025,0.10167438075166699,0.16088417040644498,0.08482925712125004,0.9993950981844006,0.9993950981844006,0.4003622950825628,0.8649779372164644,0.11983476729266936,195.63488170809995,451.0955807219085,140.07142878078972,228.49161892296007,23.013858606648185
ID_07_le_YA_gaitinitiation_1_bl1_GO_10014,07,YA,False,late,411.5,06_le_tib_ant,0.2080235421429526,0.0510107924429173,0.1992483408275146,0.3303975607198842,0.12538738306587108,0.644577580199131,0.9998302987982525,0.8172186723787791,0.9998302987982525,0.17487363141235107,124.47290918898595,568.775906054409,274.54042119199926,469.83243698097846,34.03980369980181
ID_07_le_YA_gaitinitiation_1_bl1_GO_10014,07,YA,False,late,411.5,07_le_soleus,0.026405237911878564,0.04445043835922988,0.42693686307029993,0.060606261372281846,0.022061295337343054,0.049445439309186524,0.1264577837552336,0.9655351848751519,0.1264577837552336,0.035257674822168364,15.826024893651713,495.6449928525075,588.0840482325907,86.20940995922828,5.993843639712931
ID_07_le_YA_gaitinitiation_1_bl1_GO_10014,07,YA,False,late,411.5,08_le_gastroc_med,0.04447427321522332,0.05019887459697524,0.26346680681945844,0.04746814801154546,0.040166436040691755,0.049697246219788625,0.0880113186732759,0.9993789739986048,0.049489466933337244,0.049697246219788625,26.65255067233368,559.7207268459819,362.92909131921203,67.49882871202962,10.893381312033728
ID_07_le_YA_gaitinitiation_1_bl2_GO_10002,07,YA,False,late,340.5,01_ri_soleus,0.3094569462576107,0.027735879030840918,0.07642364809039755,0.025255781348161296,0.36599204616945125,0.9993370670309181,0.30307884306333877,0.14560964736433923,0.045725088593230094,0.9993370670309181,244.45112141408552,300.33619363456535,66.67872101286264,32.33291333543486,233.3748029531899
ID_07_le_YA_gaitinitiation_1_bl2_GO_10002,07,YA,False,late,340.5,02_ri_gastroc_med,0.260759395410709,0.00930916929695681,0.09700952902265068,0.004363891384374312,0.3206927917445717,0.9993636079470333,0.13314589846283126,0.22593993132144674,0.017131956566775994,0.9993636079470333,206.01035662875853,100.76939586286613,84.60301862945919,5.596511941252903,204.52282853775017
ID_07_le_YA_gaitinitiation_1_bl2_GO_10002,07,YA,False,late,340.5,03_ri_tib_ant,0.31405724790571427,0.0452626363246714,0.08899973025628909,0.2500793862827992,0.17680657353758525,0.9939833219243921,0.9939833219243921,0.47884388578981935,0.7493177818191943,0.6901229595270918,247.52358321683337,489.96074570994995,77.46838403105504,319.9961328018929,112.21323364284285
ID_07_le_YA_gaitinitiation_1_bl2_GO_10002,07,YA,False,late,340.5,06_le_tib_ant,0.16023042790498812,0.04508400982459671,0.02437487069685669,0.3162930928245967,0.14563456580999876,0.34144468082403445,0.9994322749457296,0.18807867929437563,0.9994322749457296,0.34124507941300514,126.45520095643056,488.2236976807028,21.183162042377933,405.138552552672,92.6495720335243
ID_07_le_YA_gaitinitiation_1_bl2_GO_10002,07,YA,False,late,340.5,07_le_soleus,0.27779376039404674,0.06202129246589631,0.48574986095440376,0.10008744669138013,0.33379438377343795,0.9996614707417624,0.37532532670623375,0.9002117614468252,0.366790851116974,0.9996614707417624,218.9361313063737,671.8386179126989,423.3892853527168,128.12648349152397,212.4934595299264
ID_07_le_YA_gaitinitiation_1_bl2_GO_10002,07,YA,False,late,340.5,08_le_gastroc_med,0.3446416791727657,0.08333766064382905,0.19835280957280302,0.09951793373615986,0.4038293660216799,0.9627821288807901,0.278182037530957,0.4969307821528239,0.278182037530957,0.9627821288807901,271.9125898987474,902.7289701628396,172.82479749435126,127.34537002318326,257.35147984283617
ID_07_le_YA_gaitinitiation_1_bl2_GO_10010,07,YA,False,late,404.5,01_ri_soleus,0.4990703924862064,0.026395680940004176,0.08714360975318582,0.0108933252881763,0.37613981103947963,0.9993243544704328,0.9993243544704328,0.20431311755806753,0.3094220930096132,0.8040870976052718,276.20568415184096,183.55932327204542,70.54913267041907,15.175855095419495,147.30283817420485
ID_07_le_YA_gaitinitiation_1_bl2_GO_10010,07,YA,False,late,404.5,02_ri_gastroc_med,0.44593087367926837,0.025044481608410482,0.24630215422145427,0.014039395276096489,0.27982632465970564,0.999425614016133,0.999425614016133,0.4178479663995337,0.4424169137562127,0.7973934845951975,246.63364045283564,174.14669554191028,199.47623779147958,19.5426237573243,109.39131126129665
ID_07_le_YA_gaitinitiation_1_bl2_GO_10010,07,YA,False,late,404.5,03_ri_tib_ant,0.5499168186956287,0.04295582184120301,0.08405556740475137,0.1486778895512011,0.672593059218849,0.9994584637269174,0.6591959110770406,0.4656938270143279,0.6591959110770406,0.9994584637269174,304.346957126192,299.2612830157149,67.9205017258401,209.41994954238925,263.94922461367577
ID_07_le_YA_gaitinitiation_1_bl2_GO_10010,07,YA,False,late,404.5,06_le_tib_ant,0.27529575113713495,0.06874138794203598,0.12046838105268984,0.32734224636252945,0.35817317794361175,0.517122426530013,0.9996203798477575,0.18962180362061332,0.9996203798477575,0.517122426530013,152.40203146643728,479.0481087465724,97.58727641262097,461.18933525813975,140.60498522699385
ID_07_le_YA_gaitinitiation_1_bl2_GO_10010,07,YA,False,late,404.5,07_le_soleus,0.413295517844048,0.042807213762809715,0.29133050036226954,0.05135387972334931,0.535806040501196,0.9992248733165787,0.1859945958161307,0.755213548467282,0.18407612589657302,0.9992248733165787,228.47945635962117,298.3301679430399,235.82127954980245,72.2406490785483,210.15318797444834
ID_07_le_YA_gaitinitiation_1_bl2_GO_10010,07,YA,False,late,404.5,08_le_gastroc_med,0.44176651273405165,0.3151499598590551,0.332040452257573,0.3126214417261501,0.2939229947563983,0.9991187875788867,0.9991187875788867,0.35368404495578154,0.7863616119487729,0.4142454408373462,244.18986241130153,2196.2312974051256,268.9865634381139,439.93469174155786,115.15629097603704
ID_07_le_YA_gaitinitiation_1_bl3_GO_10006,07,YA,False,late,469.5,01_ri_soleus,0.4078689068363507,0.015744551666977885,0.04191103202896948,0.01502473268675205,0.5053182541264835,0.9998183141657752,0.27050641018399285,0.09151385513544626,0.029850934095639485,0.9998183141657752,276.9151981517925,111.50630123668054,31.585274375772983,23.115554262043492,265.6194194216572
ID_07_le_YA_gaitinitiation_1_bl3_GO_10006,07,YA,False,late,469.5,02_ri_gastroc_med,0.45389287965693675,0.006349355710089829,0.09310173641634631,0.000984800281709296,0.5263348859431827,0.9996788359791907,0.5307072451985184,0.2984474998638745,0.004418434603642626,0.9996788359791907,308.0728639758023,44.749033725550504,70.10648673387499,1.514161827036374,276.4499688398435
ID_07_le_YA_gaitinitiation_1_bl3_GO_10006,07,YA,False,late,469.5,03_ri_tib_ant,0.07635862144309245,0.053648604075258864,0.08916761998529715,0.2192454441273098,0.04342874725658226,0.37778656775120134,0.9993019388895983,0.26465892610813024,0.9993019388895983,0.06387666538461026,51.633855148601945,380.4480825747119,67.30105968198008,337.2209064165146,22.79875088171886
ID_07_le_YA_gaitinitiation_1_bl3_GO_10006,07,YA,False,late,469.5,06_le_tib_ant,0.32599999684445147,0.08379214098443895,0.15496168070952918,0.3412579244145265,0.29883600872241,0.7032410563920699,0.9993979056395373,0.7143048741823014,0.9993979056395373,0.6996381581506632,220.647913504923,594.1482905747642,116.63896707121641,524.8436062124565,156.72829930270134
ID_07_le_YA_gaitinitiation_1_bl3_GO_10006,07,YA,False,late,469.5,07_le_soleus,0.06704837318887187,0.053770875384017876,0.41998126642066513,0.05592861717816746,0.07786414311883912,0.32107728273256175,0.1355636133388937,0.5976108334896194,0.1355636133388937,0.32107728273256175,45.343717456364125,381.3033767920042,316.6259042144534,86.0315285340561,40.777048098576316
ID_07_le_YA_gaitinitiation_1_bl3_GO_10006,07,YA,False,late,469.5,08_le_gastroc_med,0.19623485214478423,0.08020675090312873,0.41557676658611176,0.07342407286057293,0.2324801231154365,0.9214869818329031,0.11426824764063295,0.9997679439289356,0.09114147445162799,0.9214869818329031,132.74557464467898,568.7520373529186,313.20221947331106,112.92222395459927,121.77908439807786
ID_07_le_YA_gaitinitiation_1_bl3_GO_10007,07,YA,False,late,478.5,01_ri_soleus,0.25104883409555306,0.013327158119619998,0.1304826521096785,0.014970922694440973,0.3979441045185385,0.9992534091039103,0.08744479310904063,0.36948795305383697,0.025948138621554328,0.9992534091039103,202.3284043001593,96.94182782558774,156.81411323087997,23.29059306064167,192.94856770638677
ID_07_le_YA_gaitinitiation_1_bl3_GO_10007,07,YA,False,late,478.5,02_ri_gastroc_med,0.33955837589368437,0.008834169279840553,0.02085773057124765,0.0036953722637471467,0.49191874817031955,0.9997226656356812,0.5231298575453287,0.051779510246477464,0.004824037273245938,0.9997226656356812,273.6923980082523,64.01552884861432,25.05452684737638,5.752119806463479,238.3073263819432
ID_07_le_YA_gaitinitiation_1_bl3_GO_10007,07,YA,False,late,478.5,03_ri_tib_ant,0.25001263549204444,0.08098236691302145,0.042290201733974825,0.25588797001711794,0.09379434896875305,0.9432975299187806,0.9995886586415755,0.15055708073802337,0.9995886586415755,0.2044767744075282,200.9593926230657,589.280535545039,50.75271659981714,397.9397861664503,45.3085728597186
ID_07_le_YA_gaitinitiation_1_bl3_GO_10007,07,YA,False,late,478.5,06_le_tib_ant,0.10314268608918906,0.051551311513913387,0.040468956009434565,0.2006921542850564,0.08333520380744139,0.24681743900007583,0.9991844910629217,0.24738916786085174,0.9991844910629217,0.24681743900007583,82.93131695650236,375.12974421502355,48.518524484770936,312.39901647876144,40.234216004408495
ID_07_le_YA_gaitinitiation_1_bl3_GO_10007,07,YA,False,late,478.5,07_le_soleus,0.01444733281103402,0.036871239219946464,0.4959307857943614,0.03148934875933933,0.014302050763999853,0.0848953749676164,0.09066235181083483,0.9997342450210278,0.08145023822097466,0.0848953749676164,11.5931492742746,268.3266094656674,595.9254304608232,49.0067278785813,6.882214782257163
ID_07_le_YA_gaitinitiation_1_bl3_GO_10007,07,YA,False,late,478.5,08_le_gastroc_med,0.06259022951861332,0.06843620437970728,0.10246810162819218,0.06359175636203167,0.06220196349676523,0.0765120461083634,0.1040671026486866,0.22297141025171868,0.09336055538714122,0.0765120461083634,50.3856377162966,498.02295240437167,123.10728531898133,98.930507220663,30.11497061820624
ID_07_le_YA_gaitinitiation_1_bl3_GO_10011,07,YA,False,late,767.5,01_ri_soleus,0.12819180048222603,0.011360272133915163,0.23335290045235882,0.017169699261068046,0.15295475943907139,0.7682742510624359,0.04023935207968026,0.9996355625306401,0.04023935207968026,0.7682742510624359,95.98860863705369,155.48513606529593,243.2179922704553,36.637676828324025,91.2120645640023
ID_07_le_YA_gaitinitiation_1_bl3_GO_10011,07,YA,False,late,767.5,02_ri_gastroc_med,0.16273842484850953,0.0027382542132520513,0.2522017210080156,0.0034483808165066683,0.20293828282929602,0.7936287555418995,0.007741053600358988,0.9997477149507455,0.007741053600358988,0.7936287555418995,121.97133629981923,37.478007826212405,262.85250072180577,7.358383183792011,121.15276798399367
ID_07_le_YA_gaitinitiation_1_bl3_GO_10011,07,YA,False,late,767.5,03_ri_tib_ant,0.4647664376505943,0.05368960752513075,0.11477772417773568,0.2533682312790615,0.3640325039567167,0.92687176943907,0.9996569733052066,0.45086370322467983,0.9996569733052066,0.7326721473082134,349.01324855729047,734.5306212116257,119.78913789919004,540.4752493486523,217.65848837377553
ID_07_le_YA_gaitinitiation_1_bl3_GO_10011,07,YA,False,late,767.5,06_le_tib_ant,0.05185976800397924,0.02362836954178225,0.042615438145357246,0.14110210386327124,0.04144077602282249,0.17565406515312634,0.5078865798952161,0.16534593678151047,0.5078865798952161,0.08158657791559379,38.89613967662392,323.39747673582866,44.47838128295335,301.1602469625032,24.78528244097369
ID_07_le_YA_gaitinitiation_1_bl3_GO_10011,07,YA,False,late,767.5,07_le_soleus,0.009793693710636684,0.034138305423051976,0.2852265912746146,0.03780147837690465,0.009132754099909303,0.01474179083903306,0.1260450423111969,0.9990610395179728,0.1260450423111969,0.012492349746390376,7.352384523458161,467.2781312069742,297.58134117725353,80.69061068619493,5.460329021951823
ID_07_le_YA_gaitinitiation_1_bl3_GO_10011,07,YA,False,late,767.5,08_le_gastroc_med,0.06952780490360783,0.07056847921477212,0.21597723082613435,0.07430602607537103,0.06788693491401052,0.08089053009369754,0.16741608195463745,0.656544264449373,0.16741608195463745,0.08089053009369754,52.2166431085344,965.8688656298666,225.31735449136653,158.5779341667307,40.58944354675415
ID_07_le_YA_gaitinitiation_1_bl3_GO_10014,07,YA,False,late,387.5,01_ri_soleus,0.40255150133127643,0.0196225009742856,0.11639335229403479,0.010121288397162873,0.6451785422556051,0.9990305672834395,0.9990305672834395,0.47629308481222327,0.027233403418386693,0.9848450935502482,185.37643109778537,138.74110331871643,168.4449108889386,13.915171829878863,89.6264806821132
ID_07_le_YA_gaitinitiation_1_bl3_GO_10014,07,YA,False,late,387.5,02_ri_gastroc_med,0.43845813113708887,0.019556826008060878,0.09897637569624278,0.0007904873203290688,0.5440174076251766,0.9992369052594448,0.9992369052594448,0.39577995303210395,0.0036318062065728227,0.8314856697167876,201.9822106378241,138.34459107045683,143.2462002785145,1.1026429363549484,75.57139065896853
ID_07_le_YA_gaitinitiation_1_bl3_GO_10014,07,YA,False,late,387.5,03_ri_tib_ant,0.5100916908844899,0.0719427800387351,0.0445340117267659,0.19072686606559328,0.540701871366234,0.9994602104780261,0.9994602104780261,0.6043090014766543,0.8655101750886167,0.7139433429694033,234.3962178078409,510.2970720866057,64.21504567485982,261.8077897260007,75.27005657092295
ID_07_le_YA_gaitinitiation_1_bl3_GO_10014,07,YA,False,late,387.5,06_le_tib_ant,0.14677169752693678,0.07683668699468127,0.043036053917779905,0.3333691950972604,0.09411028529600686,0.4342431254050669,0.9997664814877265,0.13555307960751378,0.9997664814877265,0.09924986047121123,67.39869160796275,545.1315077072281,62.31428839367008,458.16246457997573,13.084756024520768
ID_07_le_YA_gaitinitiation_1_bl3_GO_10014,07,YA,False,late,387.5,07_le_soleus,0.011985472039442672,0.018789427405866553,0.21978485704103234,0.027263011453043693,0.009266319747832916,0.02353909634869118,0.11589798666245885,0.7127587302474934,0.08638691106430188,0.010764037317008973,5.510136750285856,133.3225616187002,318.45147046610555,37.46685380911292,1.2885446377176828
ID_07_le_YA_gaitinitiation_1_bl3_GO_10014,07,YA,False,late,387.5,08_le_gastroc_med,0.09845737441625857,0.1051319036198179,0.4009783057104764,0.10584420379232595,0.0893331353305688,0.1109689906451226,0.13672378638554855,0.9997103396065935,0.13104059839544274,0.09339688690885366,45.29945541378646,745.9196783186055,580.815374990644,145.42084954272593,12.419963058269893
ID_07_le_YA_gaitinitiation_1_bl4_GO_10005,07,YA,False,late,526.5,01_ri_soleus,0.24685965294423326,0.004382363910467805,0.016964475453591584,0.005677871967453048,0.3042120897016242,0.9992056166651813,0.011671024398576663,0.040005000796070625,0.011671024398576663,0.9992056166651813,203.65268682369347,57.867029648213645,10.09099652000117,9.381098728519563,204.4206546779823
ID_07_le_YA_gaitinitiation_1_bl4_GO_10005,07,YA,False,late,526.5,02_ri_gastroc_med,0.2859304677016146,0.002709498178220651,0.07040494694813426,0.0031581042390680853,0.3561877633586482,0.9994573123940391,0.007091913611072284,0.1400667339076965,0.006472251979221634,0.9994573123940391,235.8730036213317,35.77508210572847,41.903412142091966,5.224064617281028,239.3270946080967
ID_07_le_YA_gaitinitiation_1_bl4_GO_10005,07,YA,False,late,526.5,03_ri_tib_ant,0.30469076709644605,0.029230698443989945,0.0362572977832133,0.13106394860064258,0.1966833523599639,0.9994609602216098,0.9994609602216098,0.08654665165315639,0.624230010602044,0.9530262892750672,251.10450073064354,385.5315945153975,21.562501307783545,216.42680765435782,131.6420161993606
ID_07_le_YA_gaitinitiation_1_bl4_GO_10005,07,YA,False,late,526.5,06_le_tib_ant,0.10847147541838409,0.029340829072379806,0.01722246618647425,0.21432746546802714,0.10174222596112127,0.22258720012172403,0.9990452290823661,0.053009225003111074,0.9990452290823661,0.2182173460635056,89.34736162438571,387.43151231621283,10.236663705062925,354.16730380105525,68.30093077084807
ID_07_le_YA_gaitinitiation_1_bl4_GO_10005,07,YA,False,late,526.5,07_le_soleus,0.22606246555879272,0.03357897944441339,0.5495492511841458,0.040102794989847465,0.2705074237758226,0.9997390727905382,0.08484910782971608,0.8986167636702909,0.06614142017887004,0.9997390727905382,186.02264548667958,443.4287576587492,326.87789470059886,66.24650403000167,181.30981084665473
ID_07_le_YA_gaitinitiation_1_bl4_GO_10005,07,YA,False,late,526.5,08_le_gastroc_med,0.298721029695939,0.1017486503112681,0.26561142765964485,0.09315403325409324,0.3462688485645276,0.9996415247381453,0.3242269837452655,0.7898383895229759,0.1501130985159817,0.9996415247381453,246.0006509900972,1343.6063661588405,157.8186160801655,153.87248225016288,232.23903622517645
ID_07_le_YA_gaitinitiation_1_bl4_GO_10008,07,YA,False,late,427.5,01_ri_soleus,0.26235975063064726,0.018097181512536913,0.09712261676124227,0.01610277118335575,0.33081354199742935,0.9534470056827168,0.04685082593767514,0.18383094164726993,0.03692481034943782,0.9534470056827168,232.92207596287463,127.58152038464918,58.92543750400029,23.401759774284233,229.2198597304606
ID_07_le_YA_gaitinitiation_1_bl4_GO_10008,07,YA,False,late,427.5,02_ri_gastroc_med,0.304080797897023,0.0024793891675283985,0.10233035967063552,0.0028491548130154254,0.39261182278948364,0.9995669919313993,0.007746238359040302,0.26381946349243324,0.004735533753079408,0.9995669919313993,269.9898116304497,17.481890277724705,62.12749266090331,4.142983868092704,272.0504112211496
ID_07_le_YA_gaitinitiation_1_bl4_GO_10008,07,YA,False,late,427.5,03_ri_tib_ant,0.3287274895810361,0.06158938083091471,0.021156050327222273,0.18394320422257182,0.22590469460614807,0.9993491861572676,0.9278485933868097,0.048373599604464294,0.6423657893531024,0.9993491861572676,291.57706018063834,433.73004243835084,12.843960001787018,267.3150747832845,156.0650028912287
ID_07_le_YA_gaitinitiation_1_bl4_GO_10008,07,YA,False,late,427.5,06_le_tib_ant,0.0791913334497467,0.059901843490047985,0.005330374359240561,0.25933024092326,0.04953599151386374,0.22501982794875613,0.999692194732539,0.011536899070944677,0.999692194732539,0.14953438953311587,70.2044118974559,422.2265607408811,3.2343417219631863,377.2125769119123,34.24842688236518
ID_07_le_YA_gaitinitiation_1_bl4_GO_10008,07,YA,False,late,427.5,07_le_soleus,0.052531011026265124,0.035723224668352434,0.18151318488099075,0.03576986992630795,0.06351654187149224,0.26515798747650593,0.08790141259337167,0.4335504132453031,0.05640895353479473,0.26515798747650593,46.523187707714634,251.83949184711588,110.02068389268933,52.02201114986509,43.894326995904294
ID_07_le_YA_gaitinitiation_1_bl4_GO_10008,07,YA,False,late,427.5,08_le_gastroc_med,0.3027833482570759,0.12167038092963756,0.5905777393619868,0.11060818878875392,0.3558421189016654,0.9165919812464484,0.22306006897688752,0.9997489390890495,0.12013406150604015,0.9165919812464484,268.35345892745795,857.6604566911349,358.46596602057053,160.82739819468645,246.07126073196866
ID_07_le_YA_gaitinitiation_1_bl4_GO_10009,07,YA,False,late,378.0,01_ri_soleus,0.4327559649406194,0.03197526606763803,0.12423011265611587,0.018304782644129724,0.6146089437742743,0.9995374525466907,0.9938837627887223,0.5340189476376607,0.04277696601556511,0.9995374525466907,251.64237305748946,227.67042191790085,128.12058578984877,24.792882830714316,123.45212316903311
ID_07_le_YA_gaitinitiation_1_bl4_GO_10009,07,YA,False,late,378.0,02_ri_gastroc_med,0.37630773767368286,0.020582823647748053,0.17901526712185653,0.002819268786432248,0.453258335015701,0.9993940397402661,0.9993940397402661,0.6640537142832377,0.004791449909918132,0.8851699567263729,218.81819494918597,146.42117695310787,184.72050439687175,3.8272429040011353,90.90565974115056
ID_07_le_YA_gaitinitiation_1_bl4_GO_10009,07,YA,False,late,378.0,03_ri_tib_ant,0.41806125135310923,0.05874725835689718,0.09342797251203705,0.13706141009809727,0.18597561600791487,0.9995887197828944,0.9995887197828944,0.29380189648866784,0.6310397242446877,0.2229641232054854,242.9222949987224,419.1602946124338,96.41946738591855,185.52917321117033,37.44592242479794
ID_07_le_YA_gaitinitiation_1_bl4_GO_10009,07,YA,False,late,378.0,06_le_tib_ant,0.15135228223801345,0.07353718335086895,0.05964898489303912,0.3441736986339335,0.171982617921992,0.2893542607815881,0.9995682912181115,0.20916651204139472,0.9995682912181115,0.2893542607815881,87.94723470360502,524.6221192122987,61.52468827279096,466.5829284167125,34.576763517660474
ID_07_le_YA_gaitinitiation_1_bl4_GO_10009,07,YA,False,late,378.0,07_le_soleus,0.027468096075581944,0.03147524764243734,0.2100859053725501,0.04684312451863184,0.029968254371307373,0.04765605929302743,0.09095183897766114,0.8831387643779154,0.09095183897766114,0.04765605929302743,15.96765269625539,224.57698184003365,216.9204053917237,63.48980986965039,6.026739735125909
ID_07_le_YA_gaitinitiation_1_bl4_GO_10009,07,YA,False,late,378.0,08_le_gastroc_med,0.1225520284172967,0.15239436547915292,0.4120270886364663,0.12048199488014011,0.10583167050782076,0.16893488717575705,0.21722255856858222,0.7855131117955712,0.15245903267900632,0.13128868321550252,71.19961685548938,1087.3866298840692,425.4086429838213,163.25206406082665,21.26409657045567
ID_08_ri_YA_gaitinitiation_0_bl2_GO0005,08,YA,False,late,255.5,01_ri_soleus,0.2277059244343358,0.04137948161449639,0.18861770121369653,0.017640953823317075,0.44498406444519784,0.9957430948264211,0.10703638048843545,0.9994183104396346,0.034166698384164154,0.9957430948264211,89.4416147931269,566.7533707794014,195.2784757377618,19.581484509066648,92.50964201559792
ID_08_ri_YA_gaitinitiation_0_bl2_GO0005,08,YA,False,late,255.5,02_ri_gastroc_med,0.20874636280717215,0.0029940606785949747,0.310929900169579,0.0038807979707428425,0.41384177524285076,0.9679925984825495,0.021828866453466454,0.9998048273311608,0.016102919475193572,0.9679925984825495,81.9631348505979,41.0161101776025,322.14309926744073,4.305837804597047,86.01495901420505
ID_08_ri_YA_gaitinitiation_0_bl2_GO0005,08,YA,False,late,255.5,03_ri_tib_ant,0.10161502426923504,0.02992727758678262,0.23257066145399657,0.33442886465515886,0.08226016755502984,0.13569583126287627,0.9996340275480406,0.5039473766233449,0.9996340275480406,0.0963286119044717,40.043328815860974,409.8643250162882,241.2849030616951,371.481355580907,17.116977128271404
ID_08_ri_YA_gaitinitiation_0_bl2_GO0005,08,YA,False,late,255.5,06_le_tib_ant,0.3947714548871906,0.021741636988378454,0.24153362337046738,0.18951014748886166,0.3432600528698315,0.6489207866628116,0.5845805196212822,0.9994169220592326,0.534361742694292,0.6489207866628116,155.32571588645445,297.6640202902574,250.3547985457795,210.27519766548136,71.27243837630367
ID_08_ri_YA_gaitinitiation_0_bl2_GO0005,08,YA,False,late,255.5,07_le_soleus,0.09476352348257418,0.09629008427693393,0.07100734115692982,0.033986119794759025,0.12855501746928955,0.14524410007394423,0.3365368396385343,0.13749475168975,0.10947984773529182,0.14524410007394423,37.378595822053995,1318.7746467368381,73.62538637097506,37.69493774481679,26.758018915583
ID_08_ri_YA_gaitinitiation_0_bl2_GO0005,08,YA,False,late,255.5,08_le_gastroc_med,0.5513077590301625,0.005460263774048911,0.04312149575501487,-0.002125526299872725,0.7900458996846988,0.9994451010816885,0.8427109508095623,0.30235529492322755,0.0034000587133462107,0.9994451010816885,217.61699692230843,74.35250880046225,44.573137804749244,-2.3450481576919655,164.51326125594332
ID_08_ri_YA_gaitinitiation_0_bl1_GO0002,08,YA,False,late,293.5,01_ri_soleus,0.015299082788575249,0.014407608511836176,0.22236430308372204,0.009084586373617736,0.019296018036640855,0.25401701043622243,0.03116529956796287,0.9991140174444741,0.018728629655774133,0.25401701043622243,9.682640788966435,111.6474892079274,326.51223902095626,10.772374622236029,9.101810251617511
ID_08_ri_YA_gaitinitiation_0_bl1_GO0002,08,YA,False,late,293.5,02_ri_gastroc_med,0.029737915913709174,0.0031535610299902816,0.23593906779617743,0.0026727174624203453,0.03890530383835089,0.424544751326306,0.010185240658314313,0.9992354523961465,0.00724688007843007,0.424544751326306,18.865323659459577,24.437632678434046,346.3173960575067,3.167964986836186,18.408330622127938
ID_08_ri_YA_gaitinitiation_0_bl1_GO0002,08,YA,False,late,293.5,03_ri_tib_ant,0.08371787928366778,0.05749799544926994,0.11459305585656822,0.34265203959546103,0.05736088030289895,0.2547408045323144,0.9997803956562354,0.2502779330555103,0.9997803956562354,0.11022766580835822,53.60886799695597,445.5581881584149,168.25293846935358,406.59549141692924,27.418573429641242
ID_08_ri_YA_gaitinitiation_0_bl1_GO0002,08,YA,False,late,293.5,06_le_tib_ant,0.41835436570636714,0.03639830633728979,0.19414257205159513,0.1437466943677533,0.3347035502378691,0.6847021746843889,0.6848645461520226,0.9994168131666437,0.6846584322384845,0.6573051104230444,268.0881143061016,281.7527811972547,285.0321128338608,170.28532236672714,159.83625119020508
ID_08_ri_YA_gaitinitiation_0_bl1_GO0002,08,YA,False,late,293.5,07_le_soleus,0.14708006785570638,0.018980663807898243,0.06547947930867459,0.009909829222983793,0.19405098892323577,0.9990445461101469,0.04323519495924088,0.9724504400837175,0.024508828576064838,0.9990445461101469,93.92645827908365,147.08120921294926,95.67917838397963,11.747680631611292,92.45125030659466
ID_08_ri_YA_gaitinitiation_0_bl1_GO0002,08,YA,False,late,293.5,08_le_gastroc_med,0.10189469651880441,0.0003331040432565704,0.07215861298608782,0.00047930510553491714,0.1359109592945241,0.9411625245403613,0.002491514467221308,0.9991887978940506,0.0017015420209600656,0.9411625245403613,64.93545060676702,2.5801406001276392,105.50776988846283,0.5679895615078425,64.61999357368478
ID_08_ri_YA_gaitinitiation_0_bl1_GO0003,08,YA,False,late,371.5,01_ri_soleus,0.008557562487462454,0.006176658275366739,0.2783516951735485,0.004401771402377755,0.011568388768780864,0.07936868303330483,0.015001813182073585,0.9990900584023958,0.011441266769083084,0.07936868303330483,4.7742848274203045,86.31791552165375,212.00914235496867,5.906282324084811,3.7719637673983133
ID_08_ri_YA_gaitinitiation_0_bl1_GO0003,08,YA,False,late,371.5,02_ri_gastroc_med,0.15129178834087167,0.01240574667212809,0.4697733045126553,0.013272166236227971,0.1659391116396558,0.6840573814337749,0.2295745580821153,0.9992126901083485,0.18145714678082306,0.6840573814337749,84.73228390469389,173.38301659524035,357.4768478833719,17.72295942530957,54.413048424644614
ID_08_ri_YA_gaitinitiation_0_bl1_GO0003,08,YA,False,late,371.5,03_ri_tib_ant,0.2018508468939322,0.026170170060816646,0.23396868667863557,0.22834877882566032,0.22676347423389664,0.3180516649298366,0.9994182562541252,0.3911135191665443,0.9994182562541252,0.3180516649298366,113.43493977307446,365.6432697248801,178.13053896954318,306.5729978990857,74.61161521629396
ID_08_ri_YA_gaitinitiation_0_bl1_GO0003,08,YA,False,late,371.5,06_le_tib_ant,0.15517935300490784,0.01148798381336972,0.4833188553804687,0.098966522866497,0.19516654429041347,0.368303847908337,0.4058444486341493,0.999527710646181,0.4058444486341493,0.368303847908337,87.06874168577498,160.4688522234532,368.03994181770037,132.80318294197443,64.1270906420441
ID_08_ri_YA_gaitinitiation_0_bl1_GO0003,08,YA,False,late,371.5,07_le_soleus,0.5603481802132956,0.028083148756899493,0.01397770079421374,0.011765333669262185,0.48386755764332323,0.9988929244789695,0.9988929244789695,0.13374139518231204,0.17760029028921204,0.8247625323157781,315.29876064930113,392.29960212822255,10.576348120246353,15.689624971952998,159.4235525337993
ID_08_ri_YA_gaitinitiation_0_bl1_GO0003,08,YA,False,late,371.5,08_le_gastroc_med,0.6265734040698754,0.01346353256907095,0.002581582063733531,0.001245870215930482,0.517102938105704,0.9997357914116403,0.9997357914116403,0.1181796894283859,0.1896814517751314,0.8084581224545531,352.5846309157721,187.74747043421021,1.9012607491209577,1.566752008549376,170.16047123939444
ID_08_ri_YA_gaitinitiation_0_bl1_GO0008,08,YA,False,late,299.5,01_ri_soleus,0.04940898279311561,0.03705959997524955,0.5255951401009349,0.025110425284184557,0.07011721588730664,0.34172482697052403,0.07658659588035405,0.9995054791192046,0.044687861928312395,0.34172482697052403,22.986041289337635,287.9587787622425,486.4900709393307,30.083158821985467,20.637178679161856
ID_08_ri_YA_gaitinitiation_0_bl1_GO0008,08,YA,False,late,299.5,02_ri_gastroc_med,0.13718121915996148,0.012780539879772904,0.3709552328356336,0.00937447722129249,0.22023553588271289,0.5576776551345446,0.04038332805548852,0.9993639561363341,0.024216541220542863,0.5576776551345446,64.05031534763734,99.32412978461791,342.96354912316394,11.226813649513641,65.13064552077326
ID_08_ri_YA_gaitinitiation_0_bl1_GO0008,08,YA,False,late,299.5,03_ri_tib_ant,0.14484392676399158,0.06354936546550133,0.15160533742814933,0.3682368923661851,0.11594257563949226,0.28553356652701056,0.9994796449732553,0.3329551622266049,0.9994796449732553,0.18640385824059488,67.69230078941759,493.7868629383518,140.2041102220486,441.3690570968388,34.286640783570725
ID_08_ri_YA_gaitinitiation_0_bl1_GO0008,08,YA,False,late,299.5,06_le_tib_ant,0.2974960269325768,0.04424195601673319,0.3304552449736253,0.21888037036322608,0.20632467115745104,0.6068867463240843,0.7018213056986072,0.9997789762650131,0.7018213056986072,0.5715678115778212,138.91928064207653,343.6658517188778,305.6949906926011,262.1302134986754,60.841224596913534
ID_08_ri_YA_gaitinitiation_0_bl1_GO0008,08,YA,False,late,299.5,07_le_soleus,0.3843638342107278,0.017512488670290496,0.00850066623689263,0.008400441988649605,0.592794374565657,0.9992360793137955,0.21657680359574966,0.056975774899014495,0.025122971017180744,0.9992360793137955,180.2418832119397,135.95456402736704,7.822767105590048,10.074409685264028,175.90116477965793
ID_08_ri_YA_gaitinitiation_0_bl1_GO0008,08,YA,False,late,299.5,08_le_gastroc_med,0.46585107176993445,0.0009488085393065891,0.021698098165800483,-0.0004050881597455514,0.7186765622218271,0.9995492849133892,0.17225577944748055,0.49423622795953337,0.001815356273318371,0.9995492849133892,218.22508687955167,7.278906466613261,19.821385746470067,-0.47679608727787104,213.08263715888285
ID_08_ri_YA_gaitinitiation_0_bl1_GO0014,08,YA,False,late,347.0,01_ri_soleus,0.1832017425199869,0.01880871954163697,0.17059331185523818,0.014703174668067932,0.24023512787779183,0.9924134181277984,0.033603031813129805,0.9993965732868169,0.03349093121683055,0.9924134181277984,105.02186012594296,184.98588292132285,145.0108740942304,19.01198001958607,103.75888405996172
ID_08_ri_YA_gaitinitiation_0_bl1_GO0014,08,YA,False,late,347.0,02_ri_gastroc_med,0.2228293233007025,0.005085837041222279,0.30206580190876986,0.0053234949544799645,0.25849872475968705,0.9992602015954233,0.13562266750523977,0.9609307628383753,0.08256529994475208,0.9992602015954233,127.8157637960569,49.98909208897554,257.079545569493,6.842774578097229,111.66460319514974
ID_08_ri_YA_gaitinitiation_0_bl1_GO0014,08,YA,False,late,347.0,03_ri_tib_ant,0.13456525301270242,0.03757329057851844,0.08097925838399297,0.2385067642373651,0.09683777198614443,0.3038544146803204,0.9994112735682246,0.21254636016325384,0.9994112735682246,0.2296079762185394,77.28655029877602,369.45216442161484,68.964145609248,308.46505761393024,41.84720408071091
ID_08_ri_YA_gaitinitiation_0_bl1_GO0014,08,YA,False,late,347.0,06_le_tib_ant,0.37390587930943203,0.03565610869809139,0.1437592955661688,0.20538803289242666,0.31518650685484,0.9993980222117822,0.9164552675080726,0.9294911731070169,0.9164552675080726,0.9993980222117822,214.63568217526364,350.55712548662007,122.15085178352962,265.51481578650544,136.1620828575076
ID_08_ri_YA_gaitinitiation_0_bl1_GO0014,08,YA,False,late,347.0,07_le_soleus,0.38085806814192913,0.05716527787033998,0.039888346619270855,0.03043455029010032,0.506798362971713,0.9997540392213835,0.13050070974701375,0.15740608534397213,0.09517118800739997,0.9997540392213835,219.32714549558133,562.2432362497564,33.955360532027086,39.33886748804235,219.9145373575444
ID_08_ri_YA_gaitinitiation_0_bl1_GO0014,08,YA,False,late,347.0,08_le_gastroc_med,0.35540338216073003,0.00020405491996574362,0.00273077265266191,0.0007385961520417942,0.4802578636025729,0.9996257635808243,0.0029170327494924477,0.02929789025708196,0.0023561196227890606,0.9996257635808243,204.69529625008465,2.023820792773279,2.3015043486862523,0.9591677552203889,208.42773866552136
ID_08_ri_YA_gaitinitiation_0_bl2_GO0004,08,YA,False,late,337.5,01_ri_soleus,-0.002159582628869697,0.005834459911694921,0.22767323029781522,0.003988203003410931,-0.004209562320130164,0.03950263979675145,0.011334323855812003,0.9990112124601636,0.006370603839079518,0.03950263979675145,-1.0035614501290278,57.17369001153452,236.7021047158772,5.080131984050194,-1.4056899543332528
ID_08_ri_YA_gaitinitiation_0_bl2_GO0004,08,YA,False,late,337.5,02_ri_gastroc_med,0.016053099970866694,0.003642422814693851,0.2579890247373799,0.004668319394284827,0.021574873737458318,0.2472318792263367,0.011763465281192913,0.9994234632641931,0.009934776036287982,0.2472318792263367,7.137049413093928,35.69521173273653,268.13824366362525,5.947886556464289,6.9420812532695475
ID_08_ri_YA_gaitinitiation_0_bl2_GO0004,08,YA,False,late,337.5,03_ri_tib_ant,0.07380776747645762,0.034992397655484855,0.013861507949587397,0.2526998324189494,0.058328440552864576,0.1431407638657368,0.9993927318008293,0.02859066593259022,0.9993927318008293,0.13827142246234675,33.39522588299181,342.85480351815664,14.410054803180413,322.1556692621465,19.05835633141353
ID_08_ri_YA_gaitinitiation_0_bl2_GO0004,08,YA,False,late,337.5,06_le_tib_ant,0.10217629954467117,0.01893519782016729,0.2176679101763883,0.12892074688817964,0.08164103455945032,0.3362335269008954,0.3429251701094965,0.9995025688915149,0.3429251701094965,0.3362335269008954,46.016262155991974,185.51249878341932,226.18792515058377,164.28374951865555,26.54688465882979
ID_08_ri_YA_gaitinitiation_0_bl2_GO0004,08,YA,False,late,337.5,07_le_soleus,0.47908449777820306,0.11935927717516293,0.20382339911635453,0.05958390016289349,0.6526466867762075,0.9517300967883301,0.2538504576566144,0.3770484243301669,0.20563993504799952,0.9517300967883301,216.89913801286482,1169.5678352498094,211.76374398768695,75.92611497317763,213.84567004023683
ID_08_ri_YA_gaitinitiation_0_bl2_GO0004,08,YA,False,late,337.5,08_le_gastroc_med,0.4908234671154578,0.0010669996542324776,0.035737926388269704,0.00015844396559379614,0.6833671355185998,0.9996825658723159,0.048526927456350066,0.4779675347107523,0.0033000552296516576,0.9996825658723159,222.09949776099432,10.426217298775207,36.909212620745826,0.21544549755826137,223.85514541932028
ID_08_ri_YA_gaitinitiation_0_bl2_GO0007,08,YA,False,late,313.5,01_ri_soleus,0.12713878495844652,0.03677607039137358,0.21089235573949094,0.029621416924335103,0.17009311713639919,0.8266254606869236,0.07791532160676318,0.9993901271042468,0.07791532160676318,0.8266254606869236,55.75609270562515,432.3171896734011,216.15031695864897,36.30657983224904,52.805137425846915
ID_08_ri_YA_gaitinitiation_0_bl2_GO0007,08,YA,False,late,313.5,02_ri_gastroc_med,0.1821702564235454,0.0018443621612274398,0.32301523650664843,0.0025852123376756252,0.25517949528669576,0.8825406485243823,0.013886578216379392,0.9993866169800336,0.013576691527671917,0.8825406485243823,80.06219934037709,21.688297138317047,331.22817523952006,3.163187195102635,79.42733585018016
ID_08_ri_YA_gaitinitiation_0_bl2_GO0007,08,YA,False,late,313.5,03_ri_tib_ant,0.18554847930860774,0.033630481165274215,0.0686127857316985,0.28683629527952315,0.15621529097806472,0.2869247537695768,0.999705216480613,0.13668918977247035,0.999705216480613,0.20841458168133803,81.83047514093738,395.2667713421156,70.338238597041,351.8232722884122,48.74644353426258
ID_08_ri_YA_gaitinitiation_0_bl2_GO0007,08,YA,False,late,313.5,06_le_tib_ant,0.5002798608359449,0.025630025648786785,0.1790036505679934,0.1665986754884215,0.4095702226204901,0.9957075747814109,0.8254485160383389,0.9994172938522954,0.6520429817031197,0.9957075747814109,220.2867599478809,301.07649159635673,183.32352447422562,204.08112363884393,127.46942831943505
ID_08_ri_YA_gaitinitiation_0_bl2_GO0007,08,YA,False,late,313.5,07_le_soleus,0.5192088877193619,0.024510173845619678,0.0256631497239274,0.01113691993249356,0.6468323580498127,0.9994885895119326,0.5391165185205958,0.08348372069463084,0.0494469538138398,0.9994885895119326,229.45647358016157,287.84262772981003,26.31769226863437,13.654421081496091,202.1324730197968
ID_08_ri_YA_gaitinitiation_0_bl2_GO0007,08,YA,False,late,313.5,08_le_gastroc_med,0.45295928527699775,0.001085828120730358,0.019726246585720152,-0.002875873280779201,0.5988878866273541,0.9993987215500288,0.3490307098711908,0.0975684990053822,0.0018960004558215514,0.9993987215500288,200.21765040340506,12.574999368322,20.250203078990925,-3.5110667969478193,187.2506520562858
ID_08_ri_YA_gaitinitiation_0_bl2_GO0011,08,YA,False,late,322.0,01_ri_soleus,0.18458612072372646,0.012375344069654928,0.1200330687980734,0.00886950110631406,0.308176079270542,0.9988870257651282,0.021533890135005295,0.990233177877152,0.015364041370359582,0.9988870257651282,84.96106272758945,72.10873649247397,105.48811130976183,11.023806310602634,86.11373210749817
ID_08_ri_YA_gaitinitiation_0_bl2_GO0011,08,YA,False,late,322.0,02_ri_gastroc_med,0.23588702648847945,0.0010962427605599448,0.23550467285119386,0.002267834367657187,0.3945091170858727,0.9986321261335558,0.01122217805722588,0.9966963634096946,0.01122217805722588,0.9986321261335558,108.7120135915468,6.393186416462243,207.33125840735323,2.816063816184551,110.36366315976477
ID_08_ri_YA_gaitinitiation_0_bl2_GO0011,08,YA,False,late,322.0,03_ri_tib_ant,0.060161976452356936,0.07446719445905098,0.1674874315046264,0.3303325113504891,0.029864323798086276,0.16346072230167513,0.9996124950810834,0.44390119862723915,0.9996124950810834,0.07092636382548778,27.744826234051754,433.80876094161005,147.82686816882983,410.84761775831225,8.330205774297195
ID_08_ri_YA_gaitinitiation_0_bl2_GO0011,08,YA,False,late,322.0,06_le_tib_ant,0.3194429708056207,0.06735223850099532,0.20424834576753104,0.26198212241617413,0.29375798768945294,0.9259908723371005,0.8135986302778144,0.9994085035041975,0.8135986302778144,0.9259908723371005,147.16455824666707,392.3119311559687,179.86695853062565,325.6391430198684,81.99262306335477
ID_08_ri_YA_gaitinitiation_0_bl2_GO0011,08,YA,False,late,322.0,07_le_soleus,0.48728653859022925,0.11278400874844419,0.09688416334289153,0.07110333712223563,0.7231702472728253,0.9990887620701161,0.48720917723627355,0.31042764220459473,0.1896388848793878,0.9990887620701161,225.44974636206868,656.7831977257531,85.29929614457357,88.36850774101686,202.7785922586564
ID_08_ri_YA_gaitinitiation_0_bl2_GO0011,08,YA,False,late,322.0,08_le_gastroc_med,0.3887502145018276,0.0010679419958918007,0.03615130061442346,0.0006714104690288657,0.638976563756126,0.9991211888214806,0.09725472627324667,0.48570190495161525,0.003047807734024458,0.9991211888214806,179.73294329476875,6.166585614824896,31.657232980084792,0.8402475361963201,179.23081897487532
ID_08_ri_YA_gaitinitiation_0_bl3_GO0003,08,YA,False,late,287.5,01_ri_soleus,0.19713185625709656,0.05024616886258586,0.2571552729577365,0.029280587947675397,0.27181960643666264,0.9572893700710436,0.09697283415107882,0.9995299986917381,0.06570995862407807,0.9572893700710436,88.80611122931187,588.0680088345564,244.30729260034138,34.370404085862674,87.58473998748129
ID_08_ri_YA_gaitinitiation_0_bl3_GO0003,08,YA,False,late,287.5,02_ri_gastroc_med,0.29607498258408244,0.004313968933135438,0.4297612627270758,0.006951033300564504,0.41149070257266945,0.9898166471568832,0.049838387001847916,0.999370097475294,0.049838387001847916,0.9898166471568832,133.60451497678463,50.49560168597749,408.47829791599827,8.146240457315118,132.82997338928453
ID_08_ri_YA_gaitinitiation_0_bl3_GO0003,08,YA,False,late,287.5,03_ri_tib_ant,0.26699872530183133,0.045880837775036064,0.18434977785639267,0.41491972768549734,0.267613162547732,0.3643907411080508,0.9998066307437592,0.35393524039478025,0.9998066307437592,0.3643907411080508,120.67924327128274,536.8309230965084,175.32103897178376,487.4080817440366,86.39850487857129
ID_08_ri_YA_gaitinitiation_0_bl3_GO0003,08,YA,False,late,287.5,06_le_tib_ant,0.4451882516414491,0.02904987088645146,0.19277844193287824,0.2634993672145086,0.5387716178331182,0.9726335062633306,0.7036915235786936,0.9996131041887821,0.7036915235786936,0.9726335062633306,201.03116545083503,339.86209696180134,183.01966567290495,309.4607882586548,173.93274874044397
ID_08_ri_YA_gaitinitiation_0_bl3_GO0003,08,YA,False,late,287.5,07_le_soleus,0.37963512261819093,0.01865055617338512,0.017738221634639582,0.007928701989232711,0.5273203139180045,0.9989131694820476,0.09059229235561855,0.04568021499972773,0.02116282028669601,0.9989131694820476,171.95736175222044,218.226633330151,16.84245331656612,9.31660328297345,170.7707954810261
ID_08_ri_YA_gaitinitiation_0_bl3_GO0003,08,YA,False,late,287.5,08_le_gastroc_med,0.5843177556063444,0.004180392924036014,0.021137449856349366,-0.0015534809028496211,0.6819998552377586,0.9993856252727248,0.6478364581499985,0.0623610990731847,0.04708895860659092,0.9993856252727248,264.62899125971387,48.594814672237796,20.067935018358735,-1.8542964001938715,220.59691836466726
ID_08_ri_YA_gaitinitiation_0_bl3_GO0005,08,YA,False,late,281.5,01_ri_soleus,0.23871996197515416,0.03817430503743901,0.14522661030777623,0.025470489014575846,0.3942222329631601,0.999017159972086,0.09540112190171693,0.886846354725377,0.05572873503876472,0.999017159972086,114.1198867742806,219.64750673514038,131.40045004917607,29.587627021120255,113.47852041365915
ID_08_ri_YA_gaitinitiation_0_bl3_GO0005,08,YA,False,late,281.5,02_ri_gastroc_med,0.39430733519203703,0.005376062188616025,0.323639424497135,0.004027515455321164,0.5711551042178239,0.9995346448505892,0.1761911926110399,0.8259360605651679,0.061603367372904595,0.9995346448505892,188.80728593280767,30.846410906441825,293.3626511058294,4.651261625573974,164.54921729815226
ID_08_ri_YA_gaitinitiation_0_bl3_GO0005,08,YA,False,late,281.5,03_ri_tib_ant,0.2637981814646506,0.08805683228327808,0.10562123533699616,0.38384108498991426,0.24669706837498814,0.33774756414280943,0.9993014166254828,0.17143487230929422,0.9993014166254828,0.28133288552520685,126.36415581205154,506.5430967491208,95.76063824174724,446.23354483643175,71.0734262029699
ID_08_ri_YA_gaitinitiation_0_bl3_GO0005,08,YA,False,late,281.5,06_le_tib_ant,0.43446991370236104,0.054593884695150724,0.22092112805036937,0.24013885463760867,0.6073192491704942,0.9996626059033303,0.6312383445386764,0.9694046380279782,0.6312383445386764,0.9996626059033303,207.9310473573353,314.0231076258368,200.05065884938784,279.1541104902709,174.91579830303937
ID_08_ri_YA_gaitinitiation_0_bl3_GO0005,08,YA,False,late,281.5,07_le_soleus,0.3494320644190708,0.0238083090613037,0.008472671590407307,0.0031475599796775963,0.3246350493013272,0.9988918288959863,0.9730592770462531,0.019746468692909646,0.015068659820658994,0.9988918288959863,167.74620039109573,136.49458277483075,7.6976046585674105,3.6652381002539602,93.33263651694726
ID_08_ri_YA_gaitinitiation_0_bl3_GO0005,08,YA,False,late,281.5,08_le_gastroc_med,0.43551206526209896,0.021907753795623056,0.015561183443076058,-0.0019846638593245085,0.28119271093133313,0.9994344985133099,0.9994344985133099,0.035490916245376244,0.09595120562428017,0.889910268348013,208.99094974168003,125.59927307042793,14.131299501603115,-2.364654641445146,80.81255464709653
ID_08_ri_YA_gaitinitiation_0_bl3_GO0010,08,YA,False,late,336.5,01_ri_soleus,0.28101098311671674,0.04391640998819058,0.09017102881412975,0.024538370114120807,0.43032013103698774,0.9990685295342221,0.1171063520273395,0.13112914900711906,0.06181534654172287,0.9990685295342221,187.95743671878978,522.7718006682878,56.469928024647494,31.201171286499587,188.45078136567352
ID_08_ri_YA_gaitinitiation_0_bl3_GO0010,08,YA,False,late,336.5,02_ri_gastroc_med,0.45957017451810384,0.0018050394455268047,0.1545853360336178,0.0008775776795987065,0.6984365983019158,0.9996929224779857,0.09356668001717487,0.4235221509723798,0.002099929164427256,0.9996929224779857,307.2279434108045,21.43346936331087,96.64952143003521,1.1168103969891627,305.6370773825911
ID_08_ri_YA_gaitinitiation_0_bl3_GO0010,08,YA,False,late,336.5,03_ri_tib_ant,0.20447173752497963,0.037453888621119334,0.10540766705410688,0.29924854462555095,0.20664909750472443,0.29272387450228127,0.9996539339719244,0.30514087907932497,0.9996539339719244,0.29272387450228127,136.524734666689,445.76400865567257,65.92590736703512,380.8237254936134,90.27781036818672
ID_08_ri_YA_gaitinitiation_0_bl3_GO0010,08,YA,False,late,336.5,06_le_tib_ant,0.40131555690242904,0.03278018725355009,0.1602205797934901,0.24728623780807701,0.4505845873653944,0.6804597156394477,0.999231073092054,0.24614246014726726,0.999231073092054,0.5800575051767651,268.0027958055223,390.04759531205383,100.2922580516965,314.4366053622205,197.06492223768436
ID_08_ri_YA_gaitinitiation_0_bl3_GO0010,08,YA,False,late,336.5,07_le_soleus,0.338759798776388,0.029209611796138867,0.07710600201396459,0.0060931289306596255,0.1769658843776466,0.9998211780996392,0.9998211780996392,0.2058439142571879,0.038308522268470785,0.9455999242912734,226.56771618217522,347.2160729040552,48.29127665291608,7.723735630667985,76.99445283071644
ID_08_ri_YA_gaitinitiation_0_bl3_GO0010,08,YA,False,late,336.5,08_le_gastroc_med,0.28946742719771495,0.009751773673732402,0.0733320645228824,-0.002440084964510447,0.18612650732313346,0.9992537167943754,0.9992537167943754,0.14658499010781828,0.0021393759541618947,0.9723270294873941,193.61080835298645,115.59112350291767,45.90230650907519,-3.1013882816018588,80.98276416767007
ID_08_ri_YA_gaitinitiation_0_bl3_GO0014,08,YA,False,late,283.5,01_ri_soleus,0.2570322844949059,0.047983558012573875,0.09761513598921949,0.1574816771110108,0.43543886137072324,0.8980445715153247,0.9989091321419645,0.8884043317173859,0.9989091321419645,0.8980445715153247,89.261576316573,369.55143519308274,88.9636057705723,183.76075431443408,92.7389369622456
ID_08_ri_YA_gaitinitiation_0_bl3_GO0014,08,YA,False,late,283.5,02_ri_gastroc_med,0.17629025563994205,0.0021747470650843323,0.16863731791608866,0.005412338499654751,0.3024333731053602,0.881762351092347,0.02283411263663001,0.999284818450741,0.02283411263663001,0.881762351092347,61.07554495196396,16.765287799437655,154.01106613148042,6.318245468807923,64.2829957013355
ID_08_ri_YA_gaitinitiation_0_bl3_GO0014,08,YA,False,late,283.5,03_ri_tib_ant,0.38414995785667905,0.04608400595988147,0.1192757255825509,0.222547502626898,0.20832960339507897,0.9793598381576272,0.9995765386818668,0.2244214513027592,0.9995765386818668,0.36429700612752497,133.52780490649786,354.75236508952526,109.15132792699077,259.2168724653955,44.35137372618086
ID_08_ri_YA_gaitinitiation_0_bl3_GO0014,08,YA,False,late,283.5,06_le_tib_ant,0.3115977685324205,0.06546817406094717,0.12940346362793048,0.3576736178932867,0.12218209488590902,0.9696543758167596,0.9998747525062633,0.18772277527328535,0.9998747525062633,0.2433619919828606,108.23946803515918,504.10684668864513,118.47418145803789,416.91347517269713,26.001695502237034
ID_08_ri_YA_gaitinitiation_0_bl3_GO0014,08,YA,False,late,283.5,07_le_soleus,-0.000862670655436196,0.02843976000967251,0.29011177745224065,0.026691858071298667,-0.007089989444911779,0.041391634986725906,0.0868546883782216,0.9992260488470809,0.0868546883782216,0.041391634986725906,-0.3328477951247879,219.0299682481502,265.7131291190386,31.13130645082292,-1.5433102807434411
ID_08_ri_YA_gaitinitiation_0_bl3_GO0014,08,YA,False,late,283.5,08_le_gastroc_med,0.10338468803282275,0.011144181454665716,0.3111138278216302,0.03382361096854338,-0.011289712248436676,0.40897275460408666,0.40897275460408666,0.9993188829952395,0.39646389300309903,0.08492837543738943,35.879535175259804,85.7834904112294,284.96227773283533,39.27097173237735,-2.4637763866692945
ID_08_ri_YA_gaitinitiation_0_bl4_GO0005,08,YA,False,late,287.5,01_ri_soleus,0.35274487084509876,0.022246726647987214,0.07331310719676172,0.016466511028871957,0.44334701851883995,0.9995253604205894,0.07905638024710523,0.3443665904135445,0.037262832110192746,0.9995253604205894,222.3915480597517,304.8724932988715,57.655538965090486,19.33410618993795,222.38153101426758
ID_08_ri_YA_gaitinitiation_0_bl4_GO0005,08,YA,False,late,287.5,02_ri_gastroc_med,0.30864547097782596,0.000643871098747656,0.1085328698364545,0.0008086072956988025,0.38906834493183967,0.9992051653965005,0.004275065765833456,0.23832118804730107,0.0019587917012753664,0.9992051653965005,194.62600404473275,8.831187298633166,85.45787091737898,0.9491194106178041,195.1916066433021
ID_08_ri_YA_gaitinitiation_0_bl4_GO0005,08,YA,False,late,287.5,03_ri_tib_ant,0.1364647415166345,0.03379430133807134,0.10788358622893303,0.3630942744392084,0.14183853885952924,0.28852860432339184,0.9999187875344747,0.2725386799978293,0.9999187875344747,0.28852860432339184,85.90852905497171,463.0663406338965,84.88577956043822,426.5645277487371,71.02223419862176
ID_08_ri_YA_gaitinitiation_0_bl4_GO0005,08,YA,False,late,287.5,06_le_tib_ant,0.48962720083307154,0.02674316943620677,0.07729844382119469,0.2652477183884261,0.5146373306080454,0.9997163413924465,0.6457447020972441,0.208314480369506,0.6457447020972441,0.9997163413924465,308.62379837309516,366.3782077534386,60.85642951295436,311.4496823020013,258.12533454119915
ID_08_ri_YA_gaitinitiation_0_bl4_GO0005,08,YA,False,late,287.5,07_le_soleus,0.4290371381137412,0.04570645006297267,0.08667186677413154,0.015902800405983325,0.4944703708182493,0.999370600885247,0.4917864835789663,0.18465341435296728,0.04066528806724076,0.999370600885247,270.7341004746394,626.0836635023747,68.34354375896635,18.68018688984666,247.95968705844126
ID_08_ri_YA_gaitinitiation_0_bl4_GO0005,08,YA,False,late,287.5,08_le_gastroc_med,0.3603724408106235,0.0019282871448770193,0.03149171520020421,-0.002044195269366336,0.436517173104018,0.9996574028120022,0.2631434401356143,0.064220901697833,0.001942368117994518,0.9996574028120022,227.4203068697234,26.280168976993316,24.845429459399888,-2.3846844670014318,218.9920037487657
ID_08_ri_YA_gaitinitiation_0_bl4_GO0009,08,YA,False,late,363.0,01_ri_soleus,0.2521087110877632,0.013282381842993242,0.13089481009304746,0.008398291505886588,0.4276886530898162,0.9993970088838905,0.022139277110099574,0.9417566973514448,0.01605336757317704,0.9993970088838905,115.23415845438822,105.05196918905845,125.69615512291271,11.12718080394357,118.00565295487112
ID_08_ri_YA_gaitinitiation_0_bl4_GO0009,08,YA,False,late,363.0,02_ri_gastroc_med,0.2859377486524803,0.005764536326896258,0.2877144096116488,0.0096104550063297,0.47348435023403884,0.9993795010994759,0.05517010312562054,0.9696510841006644,0.05517010312562054,0.9993795010994759,130.72947108094112,45.593571517077244,276.7761408648581,12.714576430684247,130.6723379804267
ID_08_ri_YA_gaitinitiation_0_bl4_GO0009,08,YA,False,late,363.0,03_ri_tib_ant,0.19916270222900195,0.05525872230876367,0.05026429010323252,0.29644745440309445,0.20766603567848646,0.296346540940098,0.9997030675492086,0.12414188437718128,0.9997030675492086,0.296346540940098,91.23266874501752,436.897793728815,48.39840106777337,392.95453142575263,57.3858784380428
ID_08_ri_YA_gaitinitiation_0_bl4_GO0009,08,YA,False,late,363.0,06_le_tib_ant,0.5861606856150807,0.06737372862804947,0.16446379048760174,0.34423496957930466,0.7079111997270978,0.9996190439551291,0.9995677039735167,0.8540763868319559,0.9995677039735167,0.9996190439551291,268.18785182490785,532.7012949021155,158.10418691818882,456.0304143632645,195.56395725245028
ID_08_ri_YA_gaitinitiation_0_bl4_GO0009,08,YA,False,late,363.0,07_le_soleus,0.38093816807188347,0.023297662738438443,0.029858385891925823,0.0073465032081868635,0.41560005942158684,0.9990065966291695,0.9013722883427457,0.06720104880986774,0.025261743453568686,0.9990065966291695,174.87246963123147,183.76897758285938,28.771901868577267,9.743826310519486,114.6628898848672
ID_08_ri_YA_gaitinitiation_0_bl4_GO0009,08,YA,False,late,363.0,08_le_gastroc_med,0.40677446063053146,0.008103027023638317,0.017585241392785278,-0.0021537139042438536,0.47248124120228496,0.9992909493337043,0.8433935152726182,0.038024149005154995,0.0037610604517189206,0.9992909493337043,186.73931417224108,63.642886755593125,16.965042398384014,-2.8429717736046727,130.4551945086449
ID_08_ri_YA_gaitinitiation_0_bl4_GO0012,08,YA,False,late,317.5,01_ri_soleus,0.3015761738252379,0.017706827119954673,0.03742634808923574,0.008186026882269711,0.4636367455313652,0.9992771825135127,0.042032470173876776,0.06404197047263743,0.019394238762276094,0.9992771825135127,193.28084034816914,139.01099209015905,26.051586724155605,10.099032608494761,196.54023326723353
ID_08_ri_YA_gaitinitiation_0_bl4_GO0012,08,YA,False,late,317.5,02_ri_gastroc_med,0.4285152351276572,0.003970503846383491,0.2703542955149547,0.0014059388993929226,0.5961910184816355,0.9993685757486558,0.2663838151629559,0.3802521399706692,0.01498643119505098,0.9993685757486558,274.50259289781206,31.035131442689725,188.18972015009973,1.7273255597083066,252.47490078944537
ID_08_ri_YA_gaitinitiation_0_bl4_GO0012,08,YA,False,late,317.5,03_ri_tib_ant,0.15669747808574955,0.05095629919737337,0.06740679208441584,0.28243427182774583,0.13417478108064065,0.32650765436676005,0.9999159943384172,0.14235123883425155,0.9999159943384172,0.17021450571565336,100.22373187840971,400.02287583773455,46.91422466765359,348.63236020576204,56.75685401620285
ID_08_ri_YA_gaitinitiation_0_bl4_GO0012,08,YA,False,late,317.5,06_le_tib_ant,0.457187277468578,0.044979375445285116,0.08738843541782351,0.23917790107093734,0.5624844633997074,0.9996211602542052,0.7326540624693471,0.14867486538712277,0.7326540624693471,0.9996211602542052,292.83736204388106,352.8303966619219,60.81424408823279,295.233894608667,238.07138462722668
ID_08_ri_YA_gaitinitiation_0_bl4_GO0012,08,YA,False,late,317.5,07_le_soleus,0.3021953471656441,0.061705916128671594,0.09889465552754026,0.04194519457308609,0.09030211398466809,0.9993572294060344,0.9993572294060344,0.1900347481361772,0.15831687340820497,0.591569904024387,193.5933032997707,484.175588104901,68.8765533272495,51.68594345042895,37.95139917132097
ID_08_ri_YA_gaitinitiation_0_bl4_GO0012,08,YA,False,late,317.5,08_le_gastroc_med,0.2706454975105897,0.022397835035518853,0.021257685404140667,0.0015461074403048177,0.040445820283450534,0.999236392557558,0.999236392557558,0.03061706085709246,0.20101644663901874,0.42446305911992666,173.35263745551134,175.63486556634618,14.795387167997326,1.7959139317181307,16.90465113507536
ID_08_ri_YA_gaitinitiation_0_bl4_GO0013,08,YA,False,late,308.0,01_ri_soleus,0.08836676563773099,0.015411395537913434,0.10180407828116379,0.012502165249858317,0.11483772118054071,0.2079092412855718,0.029334379530052655,0.20187039323568695,0.02857228717181552,0.2079092412855718,48.4601623002907,88.64997516665042,141.78292094147247,15.184883901452265,47.260752314280055
ID_08_ri_YA_gaitinitiation_0_bl4_GO0013,08,YA,False,late,308.0,02_ri_gastroc_med,0.6870238183456635,0.019133887781116347,0.46875471922390527,0.028502973359115048,0.7667900101154327,0.9995439384549518,0.7507342244219385,0.9665821014454862,0.2243623880761607,0.9995439384549518,376.6248433233596,109.6931488360358,652.7608689471513,34.54562679466009,315.09440850869817
ID_08_ri_YA_gaitinitiation_0_bl4_GO0013,08,YA,False,late,308.0,03_ri_tib_ant,0.3261043291724492,0.054367859668896214,0.05742113964663972,0.15584677949730472,0.14919146692351729,0.9990962496778005,0.9990962496778005,0.25604149592648534,0.5478553239432591,0.6340770415563772,178.70392962901425,312.437836783413,80.00426412162126,189.2189093163903,61.09777044335512
ID_08_ri_YA_gaitinitiation_0_bl4_GO0013,08,YA,False,late,308.0,06_le_tib_ant,0.6628679610653688,0.06553345626075727,0.29228488935776903,0.29054330144660134,0.838839425046746,0.9996325843663098,0.988652603427893,0.6803195796104898,0.988652603427893,0.9996325843663098,363.5392467503466,376.83250203702255,407.01497250318414,353.2752414505815,345.0672689179003
ID_08_ri_YA_gaitinitiation_0_bl4_GO0013,08,YA,False,late,308.0,07_le_soleus,0.31901909039526377,0.05832478625960766,0.06823577532846108,0.08153400190114002,0.16914852879646655,0.999177081994099,0.9992661116745017,0.15413494896939184,0.99175077625968,0.5059049562783582,174.61442071626715,335.27050272707504,95.06265517339752,98.6340886106101,69.40239893044176
ID_08_ri_YA_gaitinitiation_0_bl4_GO0013,08,YA,False,late,308.0,08_le_gastroc_med,0.40485971377389407,0.03247389287992281,0.01950665110504831,0.039430079186746264,0.23043927937757958,0.999571330191135,0.999571330191135,0.048843997116275024,0.7433882817107048,0.8107932355232462,221.85498402727694,186.39978181943997,27.158702800410605,47.562195816682134,94.49583215217027
ID_09_ri_YA_gaitinitiation_0_bl2_GO0006,09,YA,False,late,275.5,01_ri_soleus,0.4371840456840476,0.01658169271851455,0.06796200132934054,0.0666095861397451,0.1492508193403476,0.9994148997371475,0.9994148997371475,0.15691705135118783,0.9631367299168107,0.3023770926227627,148.08468478788825,227.23596895195368,71.94638951615526,76.17776577041874,26.187412514456646
ID_09_ri_YA_gaitinitiation_0_bl2_GO0006,09,YA,False,late,275.5,02_ri_gastroc_med,0.5308882676480866,0.015905069851873496,0.12792275307585846,0.0547253819585328,0.2558741649224493,0.9994829788150691,0.9994829788150691,0.341293150241052,0.8315009757205598,0.39832989931300633,179.93202321666433,217.9065329391542,135.42431653591234,62.560624848931866,44.938202576749525
ID_09_ri_YA_gaitinitiation_0_bl2_GO0006,09,YA,False,late,275.5,03_ri_tib_ant,0.3372191412788603,0.02451291054696131,0.36554341904335064,0.25508490184948807,0.49968894690518734,0.8366113706539376,0.6995826156494436,0.9998459860553396,0.6995826156494436,0.8366113706539376,114.1826610709158,336.01754926961695,386.9736986463551,293.5585831222372,87.8634197978992
ID_09_ri_YA_gaitinitiation_0_bl2_GO0006,09,YA,False,late,275.5,06_le_tib_ant,0.3168907739501838,0.03343492447559931,0.2570646485855755,0.3225795710032495,0.18584778668752674,0.5690629513806014,0.9995370560313039,0.42583181009225496,0.9995370560313039,0.2671241010870364,107.4439982690217,458.38808149039704,272.23823310853913,371.04921648136116,32.70014088570281
ID_09_ri_YA_gaitinitiation_0_bl2_GO0006,09,YA,False,late,275.5,07_le_soleus,0.38431413072486786,0.02962892536894776,0.3485411227869242,0.16291419100508692,0.5877986867609292,0.7512432979778584,0.9993491850559242,0.9439993329373065,0.9993491850559242,0.7512432979778584,130.14582552209043,406.1501483734603,369.0350905830286,187.3571522655404,103.48377212553348
ID_09_ri_YA_gaitinitiation_0_bl2_GO0006,09,YA,False,late,275.5,08_le_gastroc_med,0.06222260056756778,0.025711857790922544,0.32665391161861657,0.17717669681258832,0.10022335318803688,0.26483869450698216,0.9995762939491369,0.5412417167974358,0.9995762939491369,0.26483869450698216,20.898924223662,352.62250029442646,346.0292451604036,203.79917085083554,17.615528698836773
ID_09_ri_YA_gaitinitiation_0_bl1_GO0003,09,YA,False,early,311.5,01_ri_soleus,0.28948825738211686,0.03462437030879476,0.10453243605343064,0.037358453530815315,0.30166747547133227,0.5144837126056141,0.9993003211204202,0.2725475799956195,0.34139777307618074,0.5144837126056141,142.99733098053372,475.7127990760163,78.84621136972967,45.533847898781936,113.18676401590653
ID_09_ri_YA_gaitinitiation_0_bl1_GO0003,09,YA,False,early,311.5,02_ri_gastroc_med,0.3120889731272167,0.05534880388793208,0.30930885761973204,0.06213576794038796,0.24812986960178976,0.5549108330921053,0.9995940162599837,0.9063927503143268,0.5782029281661079,0.3892577176669619,154.0203472289948,760.4139813056801,233.42742327572768,75.71267631432131,92.92466783629742
ID_09_ri_YA_gaitinitiation_0_bl1_GO0003,09,YA,False,early,311.5,03_ri_tib_ant,0.4855647503147607,0.1022347389245722,0.3352738473973784,0.30405888562514705,0.44541627836309294,0.745593916920212,0.9991259683214165,0.8619599423844579,0.8583715532561025,0.7359793909118235,239.94587939977487,1404.5345383663027,253.16228221749213,371.6967827345492,166.86685699859441
ID_09_ri_YA_gaitinitiation_0_bl1_GO0003,09,YA,False,early,311.5,06_le_tib_ant,0.47855899352114123,0.10202841415145723,0.30784197642555644,0.30348313622610545,0.48145596808501945,0.6944091372511069,0.9997718318487949,0.4780581335413997,0.7921013135095153,0.6944091372511069,236.55934524708442,1401.8155942148592,232.40036499874537,370.9675058006586,180.66187499457243
ID_09_ri_YA_gaitinitiation_0_bl1_GO0003,09,YA,False,early,311.5,07_le_soleus,0.49021273959848416,0.06208474372850781,0.2280811946264494,0.10709630907478333,0.4173028816211473,0.87098002974822,0.999349573868287,0.4884530752334434,0.999349573868287,0.6717652473068816,242.02807881945728,852.8270864755356,172.24229985045378,130.5272764716295,156.38765454051435
ID_09_ri_YA_gaitinitiation_0_bl1_GO0003,09,YA,False,early,311.5,08_le_gastroc_med,0.23582024330038495,0.05234540953830949,0.2033444062942433,0.10981750640919744,0.12160572353852572,0.905829329667946,0.9995140898791449,0.47953303170647493,0.9995140898791449,0.22418173947894968,116.19235900965305,719.207347700524,153.64718814083272,133.8402776502222,45.52496167067301
ID_09_ri_YA_gaitinitiation_0_bl2_GO0003,09,YA,False,early,312.0,01_ri_soleus,0.42574471858821106,0.016500570901407337,0.08300054763182824,0.053349729535967526,0.26309592038755203,0.999768144452078,0.999768144452078,0.11727006525761555,0.8266616718192417,0.9609496726132593,213.2535118566377,226.26222547417666,44.668739344430335,64.87675411803565,100.49557030073156
ID_09_ri_YA_gaitinitiation_0_bl2_GO0003,09,YA,False,early,312.0,02_ri_gastroc_med,0.4904817183305541,0.012027228899437666,0.17357005709653658,0.021167705201893146,0.3957759065578099,0.9993580234149035,0.9993580234149035,0.2620256813035148,0.4610414274144213,0.9897045955731769,245.85368820965272,164.77827466455932,93.37298778490695,25.665455865874137,151.3567063320434
ID_09_ri_YA_gaitinitiation_0_bl2_GO0003,09,YA,False,early,312.0,03_ri_tib_ant,0.5560004558120074,0.019572354774609824,0.6053210851345406,0.1913940063012976,0.6980642113417478,0.9999240594760265,0.7359434410980021,0.9987946160591596,0.7359434410980021,0.9999240594760265,278.56663269290465,268.8863017795668,325.6103483803353,234.21925371532132,267.47972352723536
ID_09_ri_YA_gaitinitiation_0_bl2_GO0003,09,YA,False,early,312.0,06_le_tib_ant,0.5369193680304702,0.025602383260319727,0.24714073091299044,0.20567725909265872,0.4549467592699781,0.9995383366482482,0.9979696342684603,0.3294492336013498,0.7275031895141182,0.9984185366528033,269.22083194210205,351.3277394910763,133.019168426521,251.51229065015812,174.12644981170462
ID_09_ri_YA_gaitinitiation_0_bl2_GO0003,09,YA,False,early,312.0,07_le_soleus,0.11510404946007173,0.021281229380333007,0.07558049821065557,0.11605917274200223,0.002785815876542084,0.832576799082282,0.9993992575294204,0.1593082734429761,0.9993992575294204,0.12783919297863428,57.34447448637368,292.3695524773167,40.71297248917484,141.62014102829178,0.989421515918714
ID_09_ri_YA_gaitinitiation_0_bl2_GO0003,09,YA,False,early,312.0,08_le_gastroc_med,0.13338144052752426,0.022619436113971634,0.05902432374389011,0.1096473165614734,0.0018148191232766541,0.9206736610939299,0.9994148648184022,0.12544467064761278,0.9994148648184022,0.1549970208691645,66.47889701049938,310.7449817840784,31.778838081031452,133.73159310285465,0.6010716390922061
ID_09_ri_YA_gaitinitiation_0_bl2_GO0010,09,YA,False,late,288.0,01_ri_soleus,0.4739148216825157,0.01456795275067031,0.03855286205861356,0.009637255976609221,0.42403040021005867,0.999322671007439,0.835439340270631,0.07105215407775928,0.23060262640395432,0.999322671007439,255.2967393292184,141.46542386830015,25.45413575946794,11.206285492165268,158.56957758382828
ID_09_ri_YA_gaitinitiation_0_bl2_GO0010,09,YA,False,late,288.0,02_ri_gastroc_med,0.5074153771526836,0.011820064814373827,0.12944180831575952,0.005456373116688965,0.49973348592634914,0.9995319329501429,0.8975237798591286,0.20277131207564833,0.10776856209630918,0.9995319329501429,273.33324937748256,114.67028053704271,85.40590643135887,6.353569195254296,186.8415750543729
ID_09_ri_YA_gaitinitiation_0_bl2_GO0010,09,YA,False,late,288.0,03_ri_tib_ant,0.35034802639918855,0.03114573171931475,0.3380053454035713,0.23046512550344855,0.47231806910515,0.6171491457079773,0.9993044094400542,0.5481210412616209,0.9993044094400542,0.6171491457079773,188.51261501758103,303.2976184065954,222.95861111477527,270.9794510997102,176.77910960481645
ID_09_ri_YA_gaitinitiation_0_bl2_GO0010,09,YA,False,late,288.0,06_le_tib_ant,0.5791191675966034,0.03325355433965754,0.10549191053461027,0.2231671323439356,0.6834672332370815,0.9997103846855444,0.5752477949984349,0.14655479003989244,0.5752477949984349,0.9997103846855444,311.9865365389676,323.6235613349164,69.61455333845404,262.3639369097624,255.95508417662398
ID_09_ri_YA_gaitinitiation_0_bl2_GO0010,09,YA,False,late,288.0,07_le_soleus,0.32174520109850646,0.028139396935975336,0.047844052434160914,0.06374491900319423,0.06534509563089674,0.9997300398134786,0.9997300398134786,0.0945153366397945,0.8763912666763657,0.5556988253159825,172.9707638103486,273.7763605242897,31.60297861400387,74.51481082508083,24.20690429756276
ID_09_ri_YA_gaitinitiation_0_bl2_GO0010,09,YA,False,late,288.0,08_le_gastroc_med,0.2918492315626978,0.025726519846163507,0.03971201027510087,0.06292706765663453,0.039809459777893,0.9996570742628512,0.9996570742628512,0.05215684414685634,0.8799635727788384,0.4430229465322914,156.8549335249661,250.3333193499871,26.224060282218602,73.55054761480147,14.688836934596065
ID_09_ri_YA_gaitinitiation_0_bl2_GO0013,09,YA,False,early,302.5,01_ri_soleus,0.7430093653279985,0.041256256732541845,0.06589877154894314,0.06747844082073574,0.6743903320262403,0.9991584868119359,0.9991584868119359,0.20144018487440504,0.9892971798070211,0.990620689053501,301.0582112926437,236.28472461672476,78.1671845571342,80.8071309009179,183.56576700226404
ID_09_ri_YA_gaitinitiation_0_bl2_GO0013,09,YA,False,early,302.5,02_ri_gastroc_med,0.6621951795478336,0.05058106391863171,0.22642460195962613,0.0805399699045537,0.5099858833506068,0.9995346803562819,0.999536515027241,0.3519055681113927,0.9977150753609572,0.9792448781001551,268.2008074601,289.7296478864884,268.78882305795696,96.54303450574878,138.58070011143388
ID_09_ri_YA_gaitinitiation_0_bl2_GO0013,09,YA,False,early,302.5,03_ri_tib_ant,0.1979433306899931,0.03361911233823682,0.07261794307359347,0.14172631123009233,0.2355890260874129,0.32711463469201524,0.6620905793844153,0.2955064037367916,0.6620905793844153,0.32711463469201524,80.19115699445763,192.82691805333204,86.10755167568331,170.7557145028133,64.08762148526809
ID_09_ri_YA_gaitinitiation_0_bl2_GO0013,09,YA,False,early,302.5,06_le_tib_ant,0.4155127848504582,0.05492859509297418,0.06309477994819025,0.2307823765177916,0.49804091206400997,0.5869703965903427,0.720856732413315,0.3380714536661378,0.720856732413315,0.5869703965903427,168.46400206683336,314.99163333958023,74.70842881970938,278.0343084774043,135.600607951342
ID_09_ri_YA_gaitinitiation_0_bl2_GO0013,09,YA,False,early,302.5,07_le_soleus,0.33130402362396155,0.032946055557067644,0.07712639249295099,0.05336994196959516,0.09758929072125101,0.9992765715578527,0.9992765715578527,0.11284032166607783,0.92063227659854,0.4146642604310388,133.99333147568808,188.8181278493572,91.55507475598205,63.83786746100161,26.378475077128506
ID_09_ri_YA_gaitinitiation_0_bl2_GO0013,09,YA,False,early,302.5,08_le_gastroc_med,0.33274197526897464,0.03480274211230977,0.1018908437548359,0.051548527185740226,0.07756063903584402,0.9993470353582785,0.9993470353582785,0.15013335386565352,0.8811556939422773,0.4723571090597716,134.6114656365903,199.4352178738663,121.00246164355687,61.66156780449576,20.894822610578228
ID_09_ri_YA_gaitinitiation_0_bl3_GO0005,09,YA,False,early,288.0,01_ri_soleus,0.5434768343258057,0.013842153128879814,0.15147066345974045,0.014108609455939636,0.6811100149988362,0.9996973686083892,0.17644116033827945,0.32921648338443543,0.024507186341101928,0.9996973686083892,288.4080141308111,106.41362602434964,116.10882912473784,16.578760073755316,280.34769655746584
ID_09_ri_YA_gaitinitiation_0_bl3_GO0005,09,YA,False,early,288.0,02_ri_gastroc_med,0.6044729515076454,0.02227015758967293,0.264985918067868,0.010477726529682724,0.7424053492438355,0.9997078886679709,0.3575424492723398,0.4873392124170387,0.03831445816932157,0.9997078886679709,320.79793212996594,171.16691608604503,203.21332461501692,12.320520389656775,305.48998291255646
ID_09_ri_YA_gaitinitiation_0_bl3_GO0005,09,YA,False,early,288.0,03_ri_tib_ant,0.09938135629832993,0.05424353411295765,0.375737121875233,0.3374234932564974,0.1108741958277141,0.33344976770333556,0.9997437963719579,0.47272226137890183,0.9997437963719579,0.33344976770333556,52.56090048480857,417.3891115910915,288.18975636719915,396.7682321777455,45.4967097621496
ID_09_ri_YA_gaitinitiation_0_bl3_GO0005,09,YA,False,early,288.0,06_le_tib_ant,0.6233578826408165,0.053922822996292245,0.22822398657279352,0.32026188438162695,0.7207422683295209,0.9997675754101705,0.8905428286349075,0.3050007105871715,0.8905428286349075,0.9997675754101705,330.72146505883643,414.76373130746975,175.0296041533103,376.50410296308365,296.61453724742717
ID_09_ri_YA_gaitinitiation_0_bl3_GO0005,09,YA,False,early,288.0,07_le_soleus,0.26093942214554955,0.026086452635297963,0.03984524826185199,0.06528277986351651,0.08718688891203434,0.9994765233140379,0.9994765233140379,0.061240914664191334,0.9498082297840661,0.5458448243656608,138.07199307990174,200.44550714298225,30.590543146140345,76.28845354624494,35.63273425691627
ID_09_ri_YA_gaitinitiation_0_bl3_GO0005,09,YA,False,early,288.0,08_le_gastroc_med,0.2227742312718974,0.028527009275623356,0.023640936445609318,0.0763153681168533,0.05324912646646925,0.9994446920858389,0.9994446920858389,0.052022972568761004,0.9866958526813916,0.457193431189108,117.79438034816363,219.27015016416513,18.150184247987262,89.24768173496953,21.69619041947262
ID_09_ri_YA_gaitinitiation_0_bl3_GO0011,09,YA,False,late,307.0,01_ri_soleus,0.005835875414049918,0.0186045331428292,0.39774522576627974,0.020364681456589685,0.0019260694853085888,0.04308569275875687,0.06025340160672053,0.9995683624173856,0.06025340160672053,0.0027841009970128875,3.3025847366297603,219.13613022149727,380.6024223479412,24.691023807535377,0.7785826496630962
ID_09_ri_YA_gaitinitiation_0_bl3_GO0011,09,YA,False,late,307.0,02_ri_gastroc_med,0.001186744729957776,0.014311205826206378,0.4196982907832815,0.00590337693435209,0.0008222790176433309,0.003972944912365202,0.0809700216782272,0.9997748854987405,0.015394414977180419,0.0019166881888477514,0.6754025451295176,168.5540451962277,401.7507878998108,7.160969558007485,0.3336645380874492
ID_09_ri_YA_gaitinitiation_0_bl3_GO0011,09,YA,False,late,307.0,03_ri_tib_ant,0.04504399031700786,0.03226533351212177,0.012139269428732771,0.28976218978385176,0.03845993659790974,0.08056439190776273,0.9997790196104905,0.03589204636599832,0.9997790196104905,0.051899161788878156,25.627126240105042,380.02850941334464,11.619378000311352,351.7296494007357,15.545117449505904
ID_09_ri_YA_gaitinitiation_0_bl3_GO0011,09,YA,False,late,307.0,06_le_tib_ant,0.4040657167563239,0.050180010021877865,0.024823020287373102,0.4018531340962894,0.3435000021693593,0.8069923852358528,0.9996964326421601,0.0555847661208277,0.9996964326421601,0.8069923852358528,230.05690557248997,590.6808715898078,23.750974779084096,487.59324578107993,138.72176730642892
ID_09_ri_YA_gaitinitiation_0_bl3_GO0011,09,YA,False,late,307.0,07_le_soleus,0.2317153509660955,0.024092440696979172,0.17712021671093192,0.01734986311308913,0.32582508546004346,0.9990421292374766,0.06110646548234873,0.9980559299441207,0.03944576467467051,0.9990421292374766,131.57546180720644,283.77998440045536,169.1578265470597,21.045432658698935,131.46310485922803
ID_09_ri_YA_gaitinitiation_0_bl3_GO0011,09,YA,False,late,307.0,08_le_gastroc_med,0.1855046743345098,0.01388879185855242,0.1447487279209723,0.005563442001386463,0.2611397580242816,0.9986639604695595,0.06272519326663983,0.9951984680380429,0.01890919316597022,0.9986639604695595,105.2369709201005,163.59161950772338,138.15858599614432,6.748075854919964,105.26496211923715
ID_09_ri_YA_gaitinitiation_0_bl3_GO0012,09,YA,False,late,338.5,01_ri_soleus,0.010375997251874167,0.01940407878889444,0.19809742071829256,0.025199464518075185,0.0028464556596909506,0.04165938628592661,0.20414611006179192,0.6244689447591641,0.05503052318925281,0.006729075759163763,3.474548170617772,268.03734771965276,248.6919077683641,32.14615712421137,0.5652267287309345
ID_09_ri_YA_gaitinitiation_0_bl3_GO0012,09,YA,False,late,338.5,02_ri_gastroc_med,0.018097827029567273,0.011430607561878685,0.08320302304499681,0.01448429356660591,0.01772314913885423,0.024604236550568415,0.12489342710539057,0.2110510424483584,0.04362791662464045,0.024604236550568415,6.084497301460361,157.8919187968719,104.47867554252248,18.47724208394108,3.5313344265635864
ID_09_ri_YA_gaitinitiation_0_bl3_GO0012,09,YA,False,late,338.5,03_ri_tib_ant,0.12005477063171685,0.03696261070855637,0.0246174407875074,0.3695402497992298,0.09890151740197872,0.15826904956484372,0.9998539928400166,0.07713483874068953,0.9998539928400166,0.1297551274406748,40.34193321847811,510.53496120665716,30.903944360435045,471.82431999337007,19.676027131336873
ID_09_ri_YA_gaitinitiation_0_bl3_GO0012,09,YA,False,late,338.5,06_le_tib_ant,0.15813418993136974,0.03729223464473192,0.034221553580551144,0.3666421711772727,0.09057396946648416,0.3724916023394942,0.9997711515486183,0.12083436445673675,0.9997711515486183,0.14580790519624096,53.08234788482615,515.0790128998046,42.97914011960093,468.01059804414655,18.021100910907286
ID_09_ri_YA_gaitinitiation_0_bl3_GO0012,09,YA,False,late,338.5,07_le_soleus,0.610296566844137,0.01585376381012575,0.33359476745128547,0.03686287587969571,0.8510107164442122,0.9995096055064547,0.5411040226498472,0.9853339128515476,0.17211242609945432,0.9995096055064547,205.27967211785173,218.71678709671346,418.9776142538946,47.015445648582975,169.57615770998086
ID_09_ri_YA_gaitinitiation_0_bl3_GO0012,09,YA,False,late,338.5,08_le_gastroc_med,0.37915278827549415,0.016307812718049253,0.3154020047770394,0.024898839034214536,0.5455717750946889,0.6647650400236456,0.2560398884838377,0.9995965907082832,0.08702009192448172,0.6647650400236456,127.40715467227058,225.13922528577822,396.121151191439,31.744092972732055,108.65241107727135
ID_09_ri_YA_gaitinitiation_0_bl3_GO0013,09,YA,False,early,302.0,01_ri_soleus,0.22886887404189624,0.005719474809242383,0.18031804622256686,0.005306278040096142,0.31117639479094633,0.9790433585708781,0.0326409163453515,0.9993026296954752,0.01344453491936334,0.9790433585708781,102.95072822441493,55.607339434804864,170.42455234311916,6.382623358860537,103.13481111480814
ID_09_ri_YA_gaitinitiation_0_bl3_GO0013,09,YA,False,early,302.0,02_ri_gastroc_med,0.25042381831675686,0.004086338192056923,0.3132750060787987,0.004354314174651143,0.33279051080901073,0.9915570033820813,0.11446332053987487,0.9997106014643624,0.04004154258876037,0.9915570033820813,112.6731356635495,39.693537074157376,296.4081243705915,5.220229787729114,110.3261776429666
ID_09_ri_YA_gaitinitiation_0_bl3_GO0013,09,YA,False,early,302.0,03_ri_tib_ant,0.04601760996402699,0.031386613576516245,0.19097977487127676,0.23819006580774943,0.036411641078592065,0.09257747553768716,0.9995368385651806,0.38194738590039645,0.9995368385651806,0.09257747553768716,20.722614838048475,305.1321918683921,180.9684474146903,286.7534157259864,12.035529287244058
ID_09_ri_YA_gaitinitiation_0_bl3_GO0013,09,YA,False,early,302.0,06_le_tib_ant,0.44054711684911974,0.04655983958091568,0.3944905769227739,0.3543203508860014,0.5525835856944898,0.89648629065974,0.9997539312603255,0.952443051486339,0.9997539312603255,0.89648629065974,198.64570760994027,452.5708988887342,373.3975646031042,426.5718348701297,183.42673144983604
ID_09_ri_YA_gaitinitiation_0_bl3_GO0013,09,YA,False,early,302.0,07_le_soleus,0.3675380818193879,0.019444083819390622,0.06391786254193217,0.04071491421878669,0.17294972276201004,0.9992701902971447,0.9992701902971447,0.1107203892041501,0.7624726316212816,0.6985460095179774,165.71343041217096,188.68755346232982,60.56704668494332,48.62124497837617,57.21388641665966
ID_09_ri_YA_gaitinitiation_0_bl3_GO0013,09,YA,False,early,302.0,08_le_gastroc_med,0.33213338458932895,0.016829261381445776,0.062451791671120714,0.03769945798614399,0.12501407221692135,0.9993048996664772,0.9993048996664772,0.12233038283786316,0.7530719473641132,0.6929377398030827,149.7218258186312,163.264800171231,59.19190907028408,44.995784260033794,41.259327152416944
ID_09_ri_YA_gaitinitiation_0_bl4_GO0006,09,YA,False,late,403.0,01_ri_soleus,0.4250738716150411,0.010520794655476139,0.049805831855940404,0.00887062809252783,0.5307054963855061,0.9994614280839851,0.32421854050228593,0.07602556607994652,0.13853908526726888,0.9994614280839851,243.45480299265546,62.759977747991485,36.000586048482035,12.398058623600747,210.47405955669734
ID_09_ri_YA_gaitinitiation_0_bl4_GO0006,09,YA,False,late,403.0,02_ri_gastroc_med,0.5449871413409269,0.020351979893497147,0.20229619889979397,0.017558540904706457,0.642374824722518,0.9994571055355493,0.3963299072316066,0.3613275543954729,0.32185281574131314,0.9994571055355493,311.92681918316123,121.53127248824768,146.2056160545566,24.51668515245155,254.6286742918162
ID_09_ri_YA_gaitinitiation_0_bl4_GO0006,09,YA,False,late,403.0,03_ri_tib_ant,0.26850401785233813,0.08086498498662732,0.24517251178386545,0.31583245012245237,0.3119549053072274,0.5451381051288727,0.9996680588452878,0.716830305224072,0.9996680588452878,0.5451381051288727,153.525799989044,483.70643797499554,177.15215482302895,443.9868138734978,123.56613219922937
ID_09_ri_YA_gaitinitiation_0_bl4_GO0006,09,YA,False,late,403.0,06_le_tib_ant,0.6808923164300429,0.06573662698603855,0.21591977662499534,0.21404665061638262,0.7629870353070792,0.9996900328653847,0.9122308940874442,0.3278741287461461,0.7776870564071613,0.9996900328653847,389.9860210804271,392.7777718896444,156.15265885704073,300.89220090189485,302.3396457252116
ID_09_ri_YA_gaitinitiation_0_bl4_GO0006,09,YA,False,late,403.0,07_le_soleus,0.26663973623962967,0.031147697386719596,0.036071904679798567,0.026568898648384243,0.03509860381831049,0.9992878951174552,0.9992878951174552,0.0810167439376495,0.7059432006278759,0.31391443470972913,152.38060390858067,186.15065654665167,26.085507767463536,36.98465083517131,13.733750403438933
ID_09_ri_YA_gaitinitiation_0_bl4_GO0006,09,YA,False,late,403.0,08_le_gastroc_med,0.26612760170489147,0.03240698402782927,0.051311351272818426,0.03282958829059602,0.034178478936928415,0.9993567242065,0.9993567242065,0.12160217238987747,0.7818381251187504,0.28807543666399305,152.04540698373913,193.6963631356159,37.108680042148244,45.752106955869536,13.374375664018354
ID_09_ri_YA_gaitinitiation_0_bl4_GO0007,09,YA,False,late,311.5,01_ri_soleus,0.2819866924844763,0.019926549892583426,nan,0.12115470566149569,0.3824366676113544,0.5167954922702538,0.9989645083459484,nan,0.9989645083459484,0.5167954922702538,115.13932323556891,234.86319189928759,0.0,147.91397646172499,93.44130858563777
ID_09_ri_YA_gaitinitiation_0_bl4_GO0007,09,YA,False,late,311.5,02_ri_gastroc_med,0.2727327720340764,0.02321621471173483,nan,0.128176896702975,0.3841260290400905,0.5980937604862866,0.9225817367855594,nan,0.9225817367855594,0.5980937604862866,111.32611930960746,273.6451289976322,0.0,156.55159289014205,93.78082569665031
ID_09_ri_YA_gaitinitiation_0_bl4_GO0007,09,YA,False,late,311.5,03_ri_tib_ant,0.5169738150281576,0.035056829651919474,nan,0.19709733162656376,0.29675792520669364,0.9993381828642673,0.9993381828642673,nan,0.6805935257106713,0.6655615319748378,211.53181854954744,412.87851357178323,0.0,240.79772572825226,72.18362315279441
ID_09_ri_YA_gaitinitiation_0_bl4_GO0007,09,YA,False,late,311.5,06_le_tib_ant,0.6807071242371063,0.03119676679077358,nan,0.2310291940936211,0.8335035396467807,0.9995651273298206,0.7086645871730496,nan,0.7086645871730496,0.9995651273298206,278.58361065340034,367.4694257061728,0.0,282.38558777492415,203.58938459794302
ID_09_ri_YA_gaitinitiation_0_bl4_GO0007,09,YA,False,late,311.5,07_le_soleus,0.4077001022688227,0.033826515543511806,nan,0.08870215934177525,0.11419001233648501,0.9996407921471768,0.9996407921471768,nan,0.9230033697917219,0.3763967295109311,166.6506257661999,398.51278245593886,0.0,108.00870029333664,27.733549184413114
ID_09_ri_YA_gaitinitiation_0_bl4_GO0007,09,YA,False,late,311.5,08_le_gastroc_med,0.23967992569372246,0.026292659141872673,nan,0.09229416543899288,0.05191537662387,0.6937456802746187,0.7204052712350274,nan,0.7204052712350274,0.1665512807345086,97.88523321695463,309.8020400563764,0.0,112.51305837191452,12.592769564758513
ID_09_ri_YA_gaitinitiation_0_bl4_GO0009,09,YA,False,early,309.5,01_ri_soleus,0.342294604605027,0.02015232963439459,0.0989446703377536,0.11583327645401043,0.3345824295601295,0.627046531916958,0.9990538471545467,0.18148614297838445,0.9990538471545467,0.547676789829936,171.46408574984946,276.77509321686273,73.47081234016574,140.86489005872335,127.3213535339594
ID_09_ri_YA_gaitinitiation_0_bl4_GO0009,09,YA,False,early,309.5,02_ri_gastroc_med,0.4508745220820015,0.028126546815042404,0.3742332502155273,0.1209538432048846,0.45491911736056767,0.6660169736031769,0.9992336053296498,0.65288748475995,0.9992336053296498,0.5602008945326482,225.7960881426976,386.3151151272067,277.85097086804984,147.09181011402325,172.98503400702782
ID_09_ri_YA_gaitinitiation_0_bl4_GO0009,09,YA,False,early,309.5,03_ri_tib_ant,0.5781969429776577,0.03254923695626001,0.14694531328619428,0.2413023574324524,0.46091728773411994,0.9997041121219441,0.9997041121219441,0.3106053516123299,0.7330766434509968,0.9604678681376161,289.7148873299024,446.74335096770255,108.96153053492299,293.76626569949605,174.97062060451913
ID_09_ri_YA_gaitinitiation_0_bl4_GO0009,09,YA,False,early,309.5,06_le_tib_ant,0.16419772957579803,0.03411561165615583,0.040978081527444636,0.35634044763405553,0.1475281908738408,0.2935871038398302,0.9997027340575653,0.17980561099282652,0.9997027340575653,0.29271699615664815,82.29091596143869,468.6012745577481,30.358886159343367,434.32684790193576,55.97765942372305
ID_09_ri_YA_gaitinitiation_0_bl4_GO0009,09,YA,False,early,309.5,07_le_soleus,0.4234158438507106,0.024577321269555176,0.1852323310498347,0.11208407272495767,0.347174239970415,0.9208866893840375,0.9994809585058156,0.20374921859372863,0.9994809585058156,0.4191358442861498,211.98811163532235,337.5018508529297,137.44558128993495,136.15077197041046,131.98824301059182
ID_09_ri_YA_gaitinitiation_0_bl4_GO0009,09,YA,False,early,309.5,08_le_gastroc_med,0.30376493424612677,0.027548028349481817,0.2376046855693188,0.11005261314188805,0.16311397510828382,0.9849120369792661,0.9997268977852827,0.7120002572867778,0.9997268977852827,0.3417022213255314,151.90055905567124,378.31866418804464,176.1106858959275,133.6551768659185,61.868360901180765
ID_09_ri_YA_gaitinitiation_0_bl4_GO0011,09,YA,True,early,275.5,01_ri_soleus,0.11066111232454696,0.06115166533643869,0.12740707225934328,0.15202700873396024,0.13109014381990702,0.3063865678253358,0.9992628834795934,0.3325253080228298,0.9992628834795934,0.29791656223348095,32.22012754557846,346.9336937046645,71.81947713923059,174.81251012943162,21.744998133173457
ID_09_ri_YA_gaitinitiation_0_bl4_GO0011,09,YA,True,early,275.5,02_ri_gastroc_med,0.13148101676994872,0.03546309735716049,0.12839179137777684,0.14533115023118492,0.17583372115764742,0.31559786139606033,0.9992194044412184,0.33467541925159705,0.9992194044412184,0.31559786139606033,38.349106863047055,201.27827568948916,72.35328515055585,167.12633306844344,29.198386871749626
ID_09_ri_YA_gaitinitiation_0_bl4_GO0011,09,YA,True,early,275.5,03_ri_tib_ant,0.30478607713674905,0.08631776359383019,0.19557579773420145,0.31732920628337413,0.16297978501658136,0.7384165293844644,0.9993623936936935,0.253973885274137,0.9993623936936935,0.27393624554776047,89.15469836785056,489.965285741353,110.36736726248526,364.86360826402483,27.000942956102143
ID_09_ri_YA_gaitinitiation_0_bl4_GO0011,09,YA,True,early,275.5,06_le_tib_ant,0.3475646477608828,0.08760004326085603,0.17453246169485662,0.2786973393669772,0.20235043979233244,0.5967391564462663,0.9994878742936567,0.24260085846276075,0.9994878742936567,0.4578705818560497,101.94557534675926,497.1535211471765,98.51425649589993,320.5822945617923,33.51614544102334
ID_09_ri_YA_gaitinitiation_0_bl4_GO0011,09,YA,True,early,275.5,07_le_soleus,0.1469276315026006,0.038113471273944745,0.0631432607681565,0.14279723884810386,0.10762623278693771,0.49905629481775715,0.999333065613938,0.1703498274664985,0.999333065613938,0.1817760920614554,42.84296899663032,216.34171850178322,35.574984944975625,164.0884010984236,17.873099219425637
ID_09_ri_YA_gaitinitiation_0_bl4_GO0011,09,YA,True,early,275.5,08_le_gastroc_med,0.112690804858717,0.034902193305565155,0.07337338822884466,0.14792046893412303,0.05681819629825407,0.4723642606828552,0.999480017273864,0.09979721653825609,0.999480017273864,0.09095748796462927,32.832725274717944,198.12819009583046,41.396822197098814,170.0002497306367,9.43088289559537
ID_10_le_YA_gaitinitiation_0_bl2_GO0007,10,YA,False,late,425.0,01_ri_soleus,0.6288590636189916,0.02414756275377835,0.2821483153110832,0.006939337344160613,0.6741022983586151,0.9996220860073466,0.9495595394769408,0.5844875838009755,0.14305493755455573,0.9996220860073466,276.56240951373445,145.1966129141144,299.2541871029472,9.97867546929,172.70689326320746
ID_10_le_YA_gaitinitiation_0_bl2_GO0007,10,YA,False,late,425.0,02_ri_gastroc_med,0.5571777434051434,0.03534321644158474,0.27035326845880125,0.00968836946656784,0.45784557766321404,0.9994255167665413,0.9994255167665413,0.8532469006396959,0.151099868899716,0.921748840022301,245.05531887486333,212.74941039071732,286.7640682273874,13.9482692062826,117.18187611466956
ID_10_le_YA_gaitinitiation_0_bl2_GO0007,10,YA,False,late,425.0,03_ri_tib_ant,0.11309408541634924,0.05994892512753992,0.28436199592046724,0.24331226180260054,0.16888344532576746,0.5771452792321239,0.9993310765696961,0.9968156042113827,0.9993310765696961,0.5771452792321239,49.40550027426912,361.65138272244695,301.39458803302614,352.7487958181358,43.07941617021298
ID_10_le_YA_gaitinitiation_0_bl2_GO0007,10,YA,False,late,425.0,06_le_tib_ant,0.20907435457181137,0.057463175353729114,0.13192502680956872,0.22357811350986861,0.2789608681206027,0.38974062320891323,0.9997513821796197,0.5501523096896495,0.9997513821796197,0.38974062320891323,91.91892180853492,346.54513730614383,139.9157033329349,324.1705712331666,71.50538965849367
ID_10_le_YA_gaitinitiation_0_bl2_GO0007,10,YA,False,late,425.0,07_le_soleus,0.35257230100178416,0.010635528114009155,0.1943599738269878,0.011346162925190192,0.5117615170395413,0.9993473916657356,0.15576596960228847,0.9483247845507353,0.13645620301940625,0.9993473916657356,154.5827586768514,64.08379685436505,205.73368666337294,16.380683740435593,130.96325385145832
ID_10_le_YA_gaitinitiation_0_bl2_GO0007,10,YA,False,late,425.0,08_le_gastroc_med,0.1010793071759219,0.03425824446068379,0.22922532616461425,0.045051499788112154,0.09900976458413459,0.5062496433833671,0.3184235628263719,0.9995404970195851,0.3184235628263719,0.5062496433833671,44.07214109580566,206.6591971134513,242.93445835067286,65.16150107309217,25.166400005900652
ID_10_le_YA_gaitinitiation_0_bl1_GO0008,10,YA,False,late,330.0,01_ri_soleus,0.4613950501845773,0.030462935833076642,nan,0.04316978913068705,0.3529654105716827,0.9994858101758929,0.9985853548168615,nan,0.5520293404950042,0.997118214203294,251.62676341442165,236.5570926903937,0.0,54.101505197367445,149.152698274478
ID_10_le_YA_gaitinitiation_0_bl1_GO0008,10,YA,False,late,330.0,02_ri_gastroc_med,0.39508338357931055,0.027100285307979647,nan,0.02619399823278865,0.27225740142241045,0.999472934397394,0.999472934397394,nan,0.4528388588918846,0.9879148760389601,215.47365721444535,210.3905583003492,0.0,32.75606116833427,114.94219503742188
ID_10_le_YA_gaitinitiation_0_bl1_GO0008,10,YA,False,late,330.0,03_ri_tib_ant,0.36913164241181434,0.027060873827407073,nan,0.1468931950073744,0.4201816645150599,0.9994475324345004,0.5780803443530522,nan,0.5780803443530522,0.9994475324345004,201.03601863250998,210.58547986081254,0.0,184.8574398828468,177.87138405822327
ID_10_le_YA_gaitinitiation_0_bl1_GO0008,10,YA,False,late,330.0,06_le_tib_ant,0.10975967001016337,0.05760709945661426,nan,0.34115515668529783,0.10197618431292206,0.28468374622893505,0.9994975927781553,nan,0.9994975927781553,0.20853276582793226,59.74016580381136,448.2602480783485,0.0,429.70186070224554,43.16229824128441
ID_10_le_YA_gaitinitiation_0_bl1_GO0008,10,YA,False,late,330.0,07_le_soleus,0.3654723145406497,0.006510689747780651,nan,0.00418296570314347,0.4596824420542504,0.9994487742674746,0.06855327846093133,nan,0.01095787616756888,0.9994487742674746,199.1701997995743,50.62666673027135,0.0,5.261194418548895,194.49814255948056
ID_10_le_YA_gaitinitiation_0_bl1_GO0008,10,YA,False,late,330.0,08_le_gastroc_med,0.28079295655092484,0.015736532790533157,nan,0.010040269869089471,0.3575629012837709,0.9994402074125264,0.044664711302335416,nan,0.033740093836614575,0.9994402074125264,152.86976764099447,122.43897558502576,0.0,12.632187836376234,151.15233415007413
ID_10_le_YA_gaitinitiation_0_bl1_GO0009,10,YA,False,late,285.5,01_ri_soleus,0.3649764309272409,0.01585134709536392,0.007462522944694328,0.01107289150232116,0.23746937400719456,0.9995256700182559,0.9995256700182559,0.023538526220772998,0.2879396376489678,0.9934034457360903,209.69130054898156,185.29209298579767,4.43575716611418,12.806585483418921,100.41346459476442
ID_10_le_YA_gaitinitiation_0_bl1_GO0009,10,YA,False,late,285.5,02_ri_gastroc_med,0.3378253220002926,0.028569581180634216,0.0013030437081392344,0.031081525600706247,0.14139738625993314,0.9995848111834729,0.9995848111834729,0.007391153923634475,0.5716830845481701,0.7913165378849113,193.94173684414247,334.44995796609874,0.7722282933426813,36.088867944025104,59.68558014213593
ID_10_le_YA_gaitinitiation_0_bl1_GO0009,10,YA,False,late,285.5,03_ri_tib_ant,0.2520418349571334,0.014401850744744657,0.43932435819067317,0.14109013430053644,0.34008598732056966,0.6114977509932005,0.39861430945710447,0.999588305761257,0.39861430945710447,0.6114977509932005,144.63474151244878,168.8001516503339,261.979663087521,165.20597143490826,144.25332606053584
ID_10_le_YA_gaitinitiation_0_bl1_GO0009,10,YA,False,late,285.5,06_le_tib_ant,0.04430312711805465,0.02732298882219669,0.016498856060560944,0.2593065117173858,0.03620036021158151,0.08462331465741386,0.9995457571203312,0.029508357386467697,0.9995457571203312,0.08187371586372094,25.416743033016402,320.2180871837846,9.829859402821661,303.60470312297474,15.335564884391053
ID_10_le_YA_gaitinitiation_0_bl1_GO0009,10,YA,False,late,285.5,07_le_soleus,0.34633852506855695,0.0065645834569101925,0.2763772882359069,0.004372843570165727,0.4679290317623726,0.999852516242235,0.01343269029137476,0.9801263940129609,0.010917283761904425,0.999852516242235,198.64861593539487,76.93927457749311,164.3483168015181,5.1133248470468855,198.37624055819072
ID_10_le_YA_gaitinitiation_0_bl1_GO0009,10,YA,False,late,285.5,08_le_gastroc_med,0.34843735252903185,0.022693910751765498,0.2555250210275248,0.010080882067721356,0.4731677030776878,0.9995311734365122,0.06328423910587357,0.7329580598196844,0.030470522284840595,0.9995311734365122,199.9681524569283,265.99883455857446,152.0807731200448,11.784247550043787,200.72829747441023
ID_10_le_YA_gaitinitiation_0_bl1_GO0010,10,YA,False,late,294.0,01_ri_soleus,0.3411781136162688,0.02550289878802807,0.06825758477077516,0.028647757674381307,0.39889000928169954,0.9990799168557428,0.3209745936053438,0.254389871853744,0.09450628028741305,0.9990799168557428,191.05318963005402,298.6879798396506,76.93142584512583,33.97682023272302,170.95887634029015
ID_10_le_YA_gaitinitiation_0_bl1_GO0010,10,YA,False,late,294.0,02_ri_gastroc_med,0.40648821280133857,0.04426673143198773,0.016970096331696195,0.03456089472083836,0.3707289958390484,0.9997130699280798,0.8865522519457952,0.059392849996970545,0.15719626627081057,0.9997130699280798,227.5691861050866,518.2979564654241,19.115543934990516,40.913277462253035,158.593427144437
ID_10_le_YA_gaitinitiation_0_bl1_GO0010,10,YA,False,late,294.0,03_ri_tib_ant,0.3401484208756771,0.03549167576219429,0.10994931916109993,0.3234655737486225,0.3850027064351252,0.8678372650627759,0.9996231395720873,0.7829905365061454,0.9996231395720873,0.8678372650627759,189.90300086250454,415.9088052540182,123.62399374662651,384.0953304313552,164.7495788202632
ID_10_le_YA_gaitinitiation_0_bl1_GO0010,10,YA,False,late,294.0,06_le_tib_ant,0.05552350524490641,0.026731454085900122,0.027810689527892226,0.25021941114640595,0.04863653544237771,0.13969232977911275,0.9995744811709881,0.14071611196719042,0.9995744811709881,0.13969232977911275,30.971533671709246,313.23833996518516,31.270880774049843,297.20875136464304,20.76810786308368
ID_10_le_YA_gaitinitiation_0_bl1_GO0010,10,YA,False,late,294.0,07_le_soleus,0.37205186391166245,0.007673237901930526,0.24882407607113963,0.006053208148078068,0.48771495558224703,0.9994769572820503,0.038486339784707405,0.652408102783598,0.022648914262626274,0.9994769572820503,208.00477339397355,89.92046346438673,280.2845628255455,7.185708964660124,208.8873000989069
ID_10_le_YA_gaitinitiation_0_bl1_GO0010,10,YA,False,late,294.0,08_le_gastroc_med,0.4687048201845348,0.02667166173700951,0.08441416204074426,0.01253974463127043,0.6162294897121579,0.9995474333317258,0.08568037504217056,0.5871278451200015,0.05156013244301445,0.9995474333317258,262.17524911058644,312.54625936164155,94.90169581370051,14.883190654957714,264.0458904199496
ID_10_le_YA_gaitinitiation_0_bl1_GO0013,10,YA,False,late,329.5,01_ri_soleus,0.5765486566166295,0.029534774707722995,nan,0.025743319806867546,0.4999378200269165,0.9995615385079859,0.9995615385079859,nan,0.3650278993333053,0.9896215725463419,342.8223784839234,231.1686380727382,0.0,32.20816743425513,204.44861038018502
ID_10_le_YA_gaitinitiation_0_bl1_GO0013,10,YA,False,late,329.5,02_ri_gastroc_med,0.38390788266775944,0.02907698414783613,nan,0.00852971608230482,0.3236151532544325,0.9992935298965009,0.9875722702114714,nan,0.032821601244224105,0.9992935298965009,228.37914510789247,227.57663221466896,0.0,10.706032860524044,132.16041483529727
ID_10_le_YA_gaitinitiation_0_bl1_GO0013,10,YA,False,late,329.5,03_ri_tib_ant,0.33924936245361165,0.026128279952195802,nan,0.15508240869049486,0.4766267224238266,0.9992924681962643,0.7179033760842717,nan,0.7179033760842717,0.9992924681962643,201.33870424298794,204.90470104559705,0.0,195.16028760392993,194.9420385548747
ID_10_le_YA_gaitinitiation_0_bl1_GO0013,10,YA,False,late,329.5,06_le_tib_ant,0.2990096078609465,0.042862776222912416,nan,0.25625531347498814,0.41042680908712104,0.8054916346754831,0.7480018781193802,nan,0.7480018781193802,0.8054916346754831,177.7409616108684,336.0580403735497,0.0,322.6072700131055,167.9618938828607
ID_10_le_YA_gaitinitiation_0_bl1_GO0013,10,YA,False,late,329.5,07_le_soleus,0.29348926474132,0.005277434328613895,nan,0.005098927535654777,0.40406955323603966,0.9994579517698682,0.06636997669821888,nan,0.05634147722123543,0.9994579517698682,174.11064722130155,41.379853461484714,0.0,6.38792668262537,165.16835370470073
ID_10_le_YA_gaitinitiation_0_bl1_GO0013,10,YA,False,late,329.5,08_le_gastroc_med,0.3240764379479818,0.025380653357476062,nan,0.021457453334672884,0.26294725404238434,0.6867990518891263,0.6338613307821894,nan,0.40957537980918685,0.6867990518891263,192.29613614637174,199.01505882962206,0.0,26.78338678511377,107.4333065771525
ID_10_le_YA_gaitinitiation_0_bl2_GO0004,10,YA,False,late,382.5,01_ri_soleus,0.6195129820013707,0.03139486807656365,0.3968453795966937,0.06665790947259002,0.5792427583341722,0.9867719897784873,0.9868395424668378,0.9993898267654593,0.979245646496989,0.7940826669411797,325.8230499420168,248.06564413258192,567.2596882670723,90.49255645480557,222.062466314284
ID_10_le_YA_gaitinitiation_0_bl2_GO0004,10,YA,False,late,382.5,02_ri_gastroc_med,0.4339373921210738,0.03279893477024014,0.21434812017545354,0.039856688417067763,0.3689318745792753,0.6438416418754188,0.6438416418754188,0.9993718630161176,0.5675612344542154,0.541494761888108,228.2812725923781,259.12036956505847,306.40555679316975,54.10145327636164,141.3088414790396
ID_10_le_YA_gaitinitiation_0_bl2_GO0004,10,YA,False,late,382.5,03_ri_tib_ant,0.18144622446361783,0.034812331263099065,0.2167163574797143,0.17611867525072075,0.16812531237877357,0.5328641478967491,0.7317500524536646,0.999405976506254,0.7317500524536646,0.5328641478967491,95.6065184848531,275.0513843775775,309.86192728674655,240.39358538831922,64.30732029348592
ID_10_le_YA_gaitinitiation_0_bl2_GO0004,10,YA,False,late,382.5,06_le_tib_ant,0.29837441995383057,0.04994567703647021,0.02782766178329366,0.21389423401051616,0.14544142710499752,0.8134525023402459,0.9995783257754274,0.06321025580656076,0.9995783257754274,0.5232388172759461,156.98030194977437,394.69077722577197,39.75637689520647,291.72453276265304,55.554386513803955
ID_10_le_YA_gaitinitiation_0_bl2_GO0004,10,YA,False,late,382.5,07_le_soleus,0.29577726558975126,0.00776213874779029,0.3933545222258271,0.011494038364277398,0.35460305045864765,0.8644767569324244,0.16201398205291967,0.9997035236536649,0.13067749077670782,0.8644767569324244,155.39710774385208,61.300324058937115,562.0594526094307,15.62180012493231,135.67378969900096
ID_10_le_YA_gaitinitiation_0_bl2_GO0004,10,YA,False,late,382.5,08_le_gastroc_med,0.016251837761014902,0.012732854292620844,0.25165575433333237,0.018456790912379038,8.76933619444155e-05,0.11693596727299989,0.14024044912278266,0.9993717226989436,0.14024044912278266,0.09778102607050825,8.448255318260891,100.68118145029135,359.8096398915314,25.128766896746953,-0.030759855059338093
ID_10_le_YA_gaitinitiation_0_bl2_GO0008,10,YA,False,late,296.0,01_ri_soleus,0.33713987581349425,0.028452875318767105,0.29744626009626557,0.0974914822593371,0.18966496761591495,0.9851519556214404,0.9993740763112797,0.7877500680553031,0.9993740763112797,0.5125694137170478,164.66252219871163,276.20779725829453,255.06528665745032,115.70626795472977,68.92477363449845
ID_10_le_YA_gaitinitiation_0_bl2_GO0008,10,YA,False,late,296.0,02_ri_gastroc_med,0.3134831802548053,0.04026325218312961,0.184982499960254,0.08389779375561193,0.10545857932560264,0.9996607777689135,0.9996607777689135,0.642608468095327,0.924762404044279,0.6425606772103564,153.11963929112602,390.89167984396516,158.66225098617477,99.52610590052973,38.1389874665379
ID_10_le_YA_gaitinitiation_0_bl2_GO0008,10,YA,False,late,296.0,03_ri_tib_ant,0.1715450130406935,0.02738174095805213,0.04463155425932442,0.2155116415526649,0.21567799099398666,0.27567127650161316,0.99968055928148,0.23818985191586953,0.99968055928148,0.27567127650161316,83.92840977890532,266.0232692782119,38.171102339473414,256.88220153625775,78.55593993856584
ID_10_le_YA_gaitinitiation_0_bl2_GO0008,10,YA,False,late,296.0,06_le_tib_ant,0.18154063423867695,0.034149510277965714,0.007173692155427233,0.2270228690781174,0.07955707465483118,0.5225728489060358,0.9994440055009424,0.021694698161399698,0.9994440055009424,0.3726384500305045,88.72622309248152,331.6368194902067,6.145277557254299,270.39341637098954,28.83668973904032
ID_10_le_YA_gaitinitiation_0_bl2_GO0008,10,YA,False,late,296.0,07_le_soleus,0.4898167522031352,0.006739663472150588,0.16996504913285962,0.018141312783659037,0.6550855256403788,0.9997430839636644,0.090532858304603,0.7061184950082358,0.090532858304603,0.9997430839636644,239.61673021330836,65.48979027829687,145.4490299222565,21.591610465121494,238.74432059805136
ID_10_le_YA_gaitinitiation_0_bl2_GO0008,10,YA,False,late,296.0,08_le_gastroc_med,0.3039287444355449,0.01647958700972728,0.1759454385339733,0.025970980020767694,0.40182382646651554,0.9994790796780848,0.12367352740374837,0.9587625101323564,0.12367352740374837,0.9994790796780848,148.39949976114787,160.13971003729534,150.45608647427878,30.912460477074816,146.18785659357775
ID_10_le_YA_gaitinitiation_0_bl2_GO0014,10,YA,False,late,312.5,01_ri_soleus,0.27018144947519035,0.017017156471081627,0.04432890077110392,0.011918108441606259,0.30930033761158393,0.9990283080173061,0.5387226686475738,0.10912443897245502,0.034256160077086394,0.9990283080173061,172.66064942431203,234.38643866895916,31.84857178798851,14.608061547460018,146.00938982442764
ID_10_le_YA_gaitinitiation_0_bl2_GO0014,10,YA,False,late,312.5,02_ri_gastroc_med,0.2909250065072978,0.07864800032749782,0.01766723635780457,0.04308615162796156,0.3367863776788887,0.924376482151877,0.5050067386542255,0.0585675129017033,0.18495075852234094,0.924376482151877,185.91507770002698,1084.329666501218,12.694932106980632,52.75530480612578,159.03246248805718
ID_10_le_YA_gaitinitiation_0_bl2_GO0014,10,YA,False,late,312.5,03_ri_tib_ant,0.42532140956846853,0.01640389983764618,-0.002560257462548154,0.1501604279786748,0.49308366066700865,0.9996431085951837,0.5261211202050042,0.04474191738421781,0.5261211202050042,0.9996431085951837,271.4908888014292,226.23404692463203,-1.868333558139034,183.6848591079248,233.20845390614494
ID_10_le_YA_gaitinitiation_0_bl2_GO0014,10,YA,False,late,312.5,06_le_tib_ant,0.13168159013365244,0.022956218405287165,0.14356128757744438,0.23370473399337316,0.13648600831362553,0.25119955877998135,0.9993403599937789,0.2579903732879362,0.9993403599937789,0.25119955877998135,83.93227977566526,316.5607705978946,103.0760447498379,286.16201651569924,64.44256540071622
ID_10_le_YA_gaitinitiation_0_bl2_GO0014,10,YA,False,late,312.5,07_le_soleus,0.3848127613759597,0.005577306345055506,0.10893125111442356,0.005732139078460782,0.5273118321421452,0.9995827120681083,0.02133330604328331,0.19739993865890443,0.013666752065398084,0.9995827120681083,245.86134041925993,76.90174843141617,78.18823658970709,7.0236854103445365,249.36843404462812
ID_10_le_YA_gaitinitiation_0_bl2_GO0014,10,YA,False,late,312.5,08_le_gastroc_med,0.366332692393493,0.029649908965671486,0.09138870439781904,0.09068880900597007,0.5031950989296355,0.9994080598441653,0.5182521920314761,0.19918577045505786,0.5182521920314761,0.9994080598441653,233.9813542013493,408.8763972697193,65.60385859965939,111.06775486639832,237.90437151758087
ID_10_le_YA_gaitinitiation_0_bl3_GO0007,10,YA,False,late,363.0,01_ri_soleus,0.3957362658979401,0.033941540329254824,0.002128598109412285,0.07578725213465971,0.2317112138999048,0.9992644474115236,0.9992644474115236,0.005016104131164982,0.8520471670034537,0.6850828270184283,196.24322933161037,265.9811563840904,1.5099364236080008,100.05246829379541,86.772219975991
ID_10_le_YA_gaitinitiation_0_bl3_GO0007,10,YA,False,late,363.0,02_ri_gastroc_med,0.3361429677898143,0.035851057921905294,0.0006399509199504009,0.029048202055538368,0.15931976980406046,0.9992923197877486,0.9992923197877486,0.0019118534101627966,0.5535218568391581,0.8453737102551544,166.7659877304124,280.8767992650876,0.4544992152441166,38.21167480192207,59.46958866430415
ID_10_le_YA_gaitinitiation_0_bl3_GO0007,10,YA,False,late,363.0,03_ri_tib_ant,0.5235946010119488,0.03923718201157274,0.08893096507222478,0.22580798713035785,0.6784820767073848,0.9996754570087208,0.7726393463433887,0.3117642785560211,0.7726393463433887,0.9996754570087208,260.0438634128684,307.8368048491217,62.860920653345644,299.40499730835415,254.88418660503407
ID_10_le_YA_gaitinitiation_0_bl3_GO0007,10,YA,False,late,363.0,06_le_tib_ant,0.337601752482712,0.051346387060099134,0.033258962596191835,0.2845020852353934,0.38321763223459604,0.7483078904381888,0.9997706704437131,0.07201230887942309,0.9997706704437131,0.7483078904381888,167.70500438460567,402.8135392110791,23.55389088663151,377.18683162908025,143.9694722654483
ID_10_le_YA_gaitinitiation_0_bl3_GO0007,10,YA,False,late,363.0,07_le_soleus,0.2965562453784908,0.0092217635525546,0.24043403949247455,0.01842228733044424,0.37380589421489646,0.9992665298751339,0.14804835490225185,0.8780240702380191,0.14804835490225185,0.9992665298751339,146.88250565279998,72.34126314096017,169.95816532042102,24.370460264250887,140.08251077948324
ID_10_le_YA_gaitinitiation_0_bl3_GO0007,10,YA,False,late,363.0,08_le_gastroc_med,0.2784005608067195,0.08618003846353361,0.524004872172208,0.14016856172531392,0.2864123571997165,0.9995602691233693,0.8315776728060653,0.987685954194583,0.8315776728060653,0.9995602691233693,137.57773822630952,676.221478990114,370.88475289400844,185.52830924722477,107.18325286452593
ID_10_le_YA_gaitinitiation_0_bl3_GO0013,10,YA,False,late,372.5,01_ri_soleus,0.4689283921773932,0.027743322445476677,0.021016065645503502,0.01205058551608097,0.3014117744372029,0.9995290003252331,0.9995290003252331,0.06088516654825625,0.16822426321730588,0.9049665942664153,207.17346733793042,274.8786422149515,30.50433964252834,16.100748022284815,78.510280126623
ID_10_le_YA_gaitinitiation_0_bl3_GO0013,10,YA,False,late,372.5,02_ri_gastroc_med,0.4557658761926668,0.044160117253948486,0.007943055831819321,0.023470488519523623,0.2784083623340628,0.9994189693711121,0.9994189693711121,0.051441710898225634,0.17643847847688676,0.9243176800479663,201.36214697312977,437.8010745574338,11.526238402168183,31.436193584518442,72.48607306380102
ID_10_le_YA_gaitinitiation_0_bl3_GO0013,10,YA,False,late,372.5,03_ri_tib_ant,0.45613028692565155,0.03384174586283964,0.10052741280033489,0.2282967867165037,0.6789177547178846,0.9995565942546192,0.6176691307397004,0.8131552835928645,0.6176691307397004,0.9995565942546192,201.0576410773552,335.83919144891127,145.5468884260677,306.9209847078991,177.4213402221253
ID_10_le_YA_gaitinitiation_0_bl3_GO0013,10,YA,False,late,372.5,06_le_tib_ant,0.20810396699796654,0.03559532580977526,0.07241266263798303,0.23877330598977525,0.24053297860075346,0.4196300511859987,0.9995173653038139,0.39375275683486965,0.9995173653038139,0.4196300511859987,91.74267665442204,353.1901910892131,104.9339778951044,321.11279625520916,62.725237788889174
ID_10_le_YA_gaitinitiation_0_bl3_GO0013,10,YA,False,late,372.5,07_le_soleus,0.2899248332912971,0.004133429663317259,0.14163462770621232,0.007720842662819629,0.4938026815799966,0.9995228440872035,0.049898865453194816,0.9809202939380922,0.049898865453194816,0.9995228440872035,127.63964051446835,41.02205387706673,205.07886062422392,10.371700504577408,128.87931350920806
ID_10_le_YA_gaitinitiation_0_bl3_GO0013,10,YA,False,late,372.5,08_le_gastroc_med,0.29562871988584705,0.03184015374978239,0.11348653756047901,0.08765950407597203,0.47941541517226327,0.9177695012023183,0.5798966527567949,0.8929128731507777,0.5798966527567949,0.9177695012023183,130.12572435540253,315.99286476264206,164.3241120162082,117.80007110320072,125.14183920888033
ID_10_le_YA_gaitinitiation_0_bl3_GO0015,10,YA,False,late,389.0,01_ri_soleus,0.3587452123551119,0.017510696367985662,nan,0.02863406513420387,0.5999964743323047,0.6274391892415229,0.5152454857548873,nan,0.21769792764429172,0.6274391892415229,85.7791125477741,103.72941334154109,0.0,39.446469328825586,46.82107307339095
ID_10_le_YA_gaitinitiation_0_bl3_GO0015,10,YA,False,late,389.0,02_ri_gastroc_med,0.33027314379418693,0.04223936362491497,nan,0.04616221668798619,0.5630263034209918,0.5885690429952566,0.4805042774033669,nan,0.22632394907903164,0.5885690429952566,78.97417596115334,250.60284929497675,0.0,63.57938221911016,43.941558713129595
ID_10_le_YA_gaitinitiation_0_bl3_GO0015,10,YA,False,late,389.0,03_ri_tib_ant,0.22956501743274835,0.07104538014709975,nan,0.26784456559157616,0.058669045277909844,0.44990212110198763,0.999472149110056,nan,0.999472149110056,0.08243159590129137,54.84463183327928,421.892289332083,0.0,368.8705894980191,4.558056617407747
ID_10_le_YA_gaitinitiation_0_bl3_GO0015,10,YA,False,late,389.0,06_le_tib_ant,0.2968799237059346,0.06543790083988942,nan,0.2696355510414139,0.7014369883398613,0.8854164072305742,0.9994078933617677,nan,0.9994078933617677,0.8854164072305742,70.76775925187478,388.4259331937216,0.0,371.5194563612763,54.75326920983123
ID_10_le_YA_gaitinitiation_0_bl3_GO0015,10,YA,False,late,389.0,07_le_soleus,0.18394355911910973,0.022015229629362216,nan,0.04836378731239094,0.1442356867279596,0.2806781479409132,0.38589960412851493,nan,0.38589960412851493,0.22671172160787162,44.08379475166027,130.62429440781034,0.0,66.61329378048907,11.24296400756258
ID_10_le_YA_gaitinitiation_0_bl3_GO0015,10,YA,False,late,389.0,08_le_gastroc_med,0.34896033315760455,0.041138603705495214,nan,0.041069339753537756,0.18260228052527638,0.5468723286920192,0.5468723286920192,nan,0.2170129785862512,0.3323242225011108,83.63034389814447,244.13113759769095,0.0,56.47969645737548,14.226697167167432
ID_10_le_YA_gaitinitiation_0_bl3_GO0016,10,YA,False,late,310.5,01_ri_soleus,0.428704231964068,0.026102753264738404,nan,0.028188561356929064,0.2135058712827016,0.943738339547646,0.943738339547646,nan,0.5211416924350791,0.45505583370097663,251.22345511838452,308.9603199941155,0.0,34.140922625530294,76.89636449824425
ID_10_le_YA_gaitinitiation_0_bl3_GO0016,10,YA,False,late,310.5,02_ri_gastroc_med,0.2246803000811906,0.05013868364590729,nan,0.04161066514397399,0.03624844432806785,0.6361826272279821,0.6361826272279821,nan,0.3028741975624142,0.326807815661967,131.6999155377789,593.7549961792092,0.0,50.624211655320515,12.925535370746662
ID_10_le_YA_gaitinitiation_0_bl3_GO0016,10,YA,False,late,310.5,03_ri_tib_ant,0.29060236535912076,0.018117707312416742,nan,0.15890978166881736,0.44012198957322296,0.7403782012685721,0.7522248111420218,nan,0.7522248111420218,0.7403782012685721,170.52056011788414,214.4832903732325,0.0,194.01659877750495,159.13150154134783
ID_10_le_YA_gaitinitiation_0_bl3_GO0016,10,YA,False,late,310.5,06_le_tib_ant,0.3642054642076785,0.028423084019459127,nan,0.1538433827436629,0.19872840888929075,0.9995245811440359,0.9995245811440359,nan,0.6491232231657287,0.866470653085306,213.7353986006032,336.2529473604952,0.0,187.80572652550413,71.478727681627
ID_10_le_YA_gaitinitiation_0_bl3_GO0016,10,YA,False,late,310.5,07_le_soleus,0.3549882127298529,0.007077229353273944,nan,0.005648972678688426,0.516006215879613,0.9994528773292212,0.15871783282394983,nan,0.0982861700556983,0.9994528773292212,207.99239102157955,83.8429401095669,0.0,6.843443707161769,186.46994664353502
ID_10_le_YA_gaitinitiation_0_bl3_GO0016,10,YA,False,late,310.5,08_le_gastroc_med,0.47226753921819226,0.03736143439115082,nan,0.05207180695401837,0.5718759795143444,0.9997712760866762,0.5534982700472384,nan,0.42610560007997683,0.9997712760866762,276.59765227226575,442.56959482797174,0.0,63.3340443986839,206.62871994520054
ID_10_le_YA_gaitinitiation_0_bl4_GO0003,10,YA,False,late,299.5,01_ri_soleus,0.7937017180666099,0.03043835675855965,0.2294700717192133,0.057428730351459394,0.4894794884565846,0.9994196384666978,0.9994196384666978,0.4424271534804503,0.712786876111586,0.5566615267349787,149.4299672684923,235.6620893057607,250.5792544463772,68.47930929715665,17.130167972325143
ID_10_le_YA_gaitinitiation_0_bl4_GO0003,10,YA,False,late,299.5,02_ri_gastroc_med,0.8044383413378559,0.05940068937725994,0.1452812110511253,0.0727659269498102,0.9163111422697034,0.999503926712117,0.999503926712117,0.7944800826978063,0.3116365130946127,0.9671089691338791,151.4565010720708,459.97112513805877,158.3411348772116,87.05999997370046,32.082602339279006
ID_10_le_YA_gaitinitiation_0_bl4_GO0003,10,YA,False,late,299.5,03_ri_tib_ant,0.04355178524764687,0.03433134119914468,0.021801938501231934,0.21354902732997738,0.02552536046085954,0.23901777641441768,0.9992462935176973,0.13502500555014701,0.9992462935176973,0.041227783062388806,8.075190498394607,266.13374571628975,23.804408055632692,255.90941606050131,0.8922723283469771
ID_10_le_YA_gaitinitiation_0_bl4_GO0003,10,YA,False,late,299.5,06_le_tib_ant,0.18716788303694462,0.037882083141282295,0.04475745609232651,0.2236034774408161,0.34924636164422795,0.3751799794035046,0.9991545492659701,0.3896027360292621,0.9991545492659701,0.3751799794035046,35.08211298317086,293.50976251768367,48.7280086707807,267.99586355953807,12.228804707518867
ID_10_le_YA_gaitinitiation_0_bl4_GO0003,10,YA,False,late,299.5,07_le_soleus,0.625220875662466,0.03871294052575933,0.21934868324097004,0.11270364453730455,0.16429868790304972,0.9988299833371853,0.9988299833371853,0.5178250407866725,0.809305443216223,0.22308129005330182,117.69218799225752,299.97166316846517,239.6821006746024,134.70323169474744,5.742064499831401
ID_10_le_YA_gaitinitiation_0_bl4_GO0003,10,YA,False,late,299.5,08_le_gastroc_med,0.45727601343848273,0.038907884440995556,0.2421389476214873,0.08183764319647795,0.17820219282553762,0.6464356877046694,0.6464356877046694,0.9993999016362048,0.4594927162418106,0.24008360563926376,86.16655225995967,301.46941549441317,264.56957529456736,97.9041395567495,6.232573159159404
ID_10_le_YA_gaitinitiation_0_bl4_GO0007,10,YA,False,late,243.0,01_ri_soleus,0.27674846725659824,0.014633777214373637,0.405831354678008,0.0035731393934263582,0.28995585001354895,0.8923023932650691,0.892253938660296,0.9992572003593911,0.0064845309228943136,0.8888938764920871,202.571244765742,172.84281291820972,487.6756736460944,3.88354160187167,108.56367364865575
ID_10_le_YA_gaitinitiation_0_bl4_GO0007,10,YA,False,late,243.0,02_ri_gastroc_med,0.27650777538574006,0.04341913569848102,0.08423964082991245,0.021901780258048058,0.2646941215690287,0.9993666140198154,0.9993666140198154,0.41487576585832775,0.0660690460040808,0.9739269801971039,202.41553824321159,513.6590601265159,101.22351108789559,23.77363850210172,99.03689317773693
ID_10_le_YA_gaitinitiation_0_bl4_GO0007,10,YA,False,late,243.0,03_ri_tib_ant,0.32029935986105484,0.008181070597612194,0.05377815197022666,0.05391830281500843,0.5321529568890216,0.9994631280031531,0.23982287161767948,0.29498352421421936,0.23982287161767948,0.9994631280031531,234.2835834052082,96.86967001266132,64.57647258967734,58.43765726231077,200.02017516130667
ID_10_le_YA_gaitinitiation_0_bl4_GO0007,10,YA,False,late,243.0,06_le_tib_ant,0.31817116274987695,0.016696274043078434,0.01451654917168447,0.12394854696127007,0.4584879773709382,0.9994704052260059,0.6115732261565553,0.0361002801252241,0.48663208014544557,0.9994704052260059,232.67535945264677,197.392633998461,17.45214274296706,134.37672366124565,172.06732901725908
ID_10_le_YA_gaitinitiation_0_bl4_GO0007,10,YA,False,late,243.0,07_le_soleus,0.3322721862274231,0.0213329412485034,0.3951084088851539,0.005297463403475684,0.3490668690579745,0.9996102784975639,0.5760680828196133,0.9948406595433165,0.0113857301025178,0.9996102784975639,242.73130690083548,252.48889248481146,474.3415664474337,5.756075114761387,130.62817837301253
ID_10_le_YA_gaitinitiation_0_bl4_GO0007,10,YA,False,late,243.0,08_le_gastroc_med,0.2076177113730888,0.030283837666692136,0.3195812327484624,0.024582397672872625,0.22202945625508563,0.9603982425339146,0.4108071019535087,0.9995010289525835,0.05533903947002996,0.9603982425339146,151.4968060611719,358.5661173396153,383.61184627643223,26.688703516724196,82.95117466683715
ID_10_le_YA_gaitinitiation_0_bl4_GO0012,10,YA,False,late,295.0,01_ri_soleus,0.4295739457202718,0.036424308184349545,0.007065398683877908,0.014060781909917535,0.1837447256898607,0.9992377862854596,0.9992377862854596,0.020030753721302343,0.2713935802090817,0.6543348588171182,203.8982138365336,283.2883954560144,9.68193448825906,16.571719691080116,50.747001656540554
ID_10_le_YA_gaitinitiation_0_bl4_GO0012,10,YA,False,late,295.0,02_ri_gastroc_med,0.3566447484107682,0.052871207448800424,0.00048759544744499106,0.02030170126963965,0.08784156778708478,0.9991668277539768,0.9991668277539768,0.00271352618202821,0.20130370472889755,0.5660760868142818,169.2948657649598,411.3896082997657,0.6735625323167418,24.015179367465866,24.123514473133365
ID_10_le_YA_gaitinitiation_0_bl4_GO0012,10,YA,False,late,295.0,03_ri_tib_ant,0.4732659837497908,0.03241305447937441,0.05948565063931568,0.19331502609492038,0.7387148678850959,0.9995828290093709,0.600738643341081,0.5353051334616694,0.600738643341081,0.9995828290093709,224.44631120352935,252.27915670110806,81.20299260392005,229.9727115920503,204.95599059233166
ID_10_le_YA_gaitinitiation_0_bl4_GO0012,10,YA,False,late,295.0,06_le_tib_ant,0.28974348754763385,0.06129158826308691,0.059303401295957875,0.33871340960039603,0.25117305281633934,0.46219913685126873,0.9995135112816834,0.16961286857867175,0.9995135112816834,0.3740814154524348,137.5265668849819,477.0866323278656,81.17505261695075,403.03046916024846,69.57378059228536
ID_10_le_YA_gaitinitiation_0_bl4_GO0012,10,YA,False,late,295.0,07_le_soleus,0.49066372868945973,0.025548812543191517,0.3612207355659541,0.03924427214569446,0.7602515366403589,0.9996005272944514,0.2742717034806773,0.8392624323580146,0.2527507199911523,0.9996005272944514,232.54060896792035,198.78986447871318,494.2841932906832,46.590135436774624,210.76637124702353
ID_10_le_YA_gaitinitiation_0_bl4_GO0012,10,YA,False,late,295.0,08_le_gastroc_med,0.34414275048349346,0.030149691919345738,0.11012829758601836,0.06015912374809711,0.546621160863606,0.9994509734257754,0.4421240582323412,0.8384683869942,0.4421240582323412,0.9994509734257754,162.89300980230303,234.76150838721037,150.43021681624347,71.43158098684358,151.5232209769264
ID_10_le_YA_gaitinitiation_0_bl4_GO0015,10,YA,False,late,296.0,01_ri_soleus,0.33278710958211066,0.016420954600694176,nan,0.046789971276104805,0.18670328552193965,0.6421268006685485,0.6421268006685485,nan,0.5537597381755571,0.26451689271254064,110.06770066794728,192.55575129778344,0.0,55.48590850911521,35.018483013759365
ID_10_le_YA_gaitinitiation_0_bl4_GO0015,10,YA,False,late,296.0,02_ri_gastroc_med,0.4276201178307002,0.049742770846301965,nan,0.05601183402249886,0.11015985522609226,0.9951895020513188,0.9951895020513188,nan,0.7203637732600815,0.4709780056054166,141.60676036904215,583.4618294566314,0.0,66.37136008355806,20.583979845225
ID_10_le_YA_gaitinitiation_0_bl4_GO0015,10,YA,False,late,296.0,03_ri_tib_ant,0.5323944608172162,0.036355171219325876,nan,0.2927503948195328,0.5957865786229883,0.939553215095389,0.9990990524966991,nan,0.9990990524966991,0.939553215095389,176.472053390126,426.1677610638713,0.0,348.9113815726799,111.90637773063979
ID_10_le_YA_gaitinitiation_0_bl4_GO0015,10,YA,False,late,296.0,06_le_tib_ant,0.6179671931341195,0.0313795564817875,nan,0.19898958762877472,0.40896279233442945,0.999482095811239,0.999482095811239,nan,0.653923069706307,0.8549209963751551,204.85542350603282,367.8032375599851,0.0,236.8983136433128,76.85084745219272
ID_10_le_YA_gaitinitiation_0_bl4_GO0015,10,YA,False,late,296.0,07_le_soleus,0.0965410020162919,0.00972748881010101,nan,0.02241012265268601,0.08954223356481218,0.28344697248818707,0.19233929301741187,nan,0.19221093099584277,0.28344697248818707,31.804992527909555,114.13747573592173,0.0,26.613103080252085,16.766301578225683
ID_10_le_YA_gaitinitiation_0_bl4_GO0015,10,YA,False,late,296.0,08_le_gastroc_med,0.03030670333441127,0.018415254919300534,nan,0.04284008237611982,-0.0015157118815384784,0.1917287297114252,0.25170367660394855,nan,0.25170367660394855,0.14811580768811608,9.877634372672121,216.09970831273722,0.0,50.95231754221642,-0.3608611167445055
ID_11_ri_OA_gaitinitiation_0_bl2_GO0012,11,OA,False,early,322.5,01_ri_soleus,0.28779160502782924,0.014545598529290436,nan,0.03895518608961746,0.3651656540605818,0.9993595772757601,0.2245368927887431,nan,0.2245368927887431,0.9993595772757601,201.9871601725295,186.00842065760082,0.0,48.47219077619748,204.11026326713622
ID_11_ri_OA_gaitinitiation_0_bl2_GO0012,11,OA,False,early,322.5,02_ri_gastroc_med,0.38253179672754645,0.013753290274083098,nan,0.07110916583650803,0.47255148279897496,0.9993771239361038,0.48184356175965526,nan,0.48184356175965526,0.9993771239361038,268.422884547178,175.8775127889696,0.0,88.45851361489326,264.11122463455104
ID_11_ri_OA_gaitinitiation_0_bl2_GO0012,11,OA,False,early,322.5,03_ri_tib_ant,0.10174789038607188,0.00660551010793077,nan,0.023982429774570938,0.11925640150305,0.2805477185101612,0.08603355345634395,nan,0.08603355345634395,0.2805477185101612,71.38573009206439,84.45685128449557,0.0,29.839454079261976,66.62812460353659
ID_11_ri_OA_gaitinitiation_0_bl2_GO0012,11,OA,False,early,322.5,06_le_tib_ant,0.4648133495289351,0.023811285098320232,nan,0.21489180626592774,0.5535943596930741,0.9993954520539559,0.4773020216788001,nan,0.4773020216788001,0.9993954520539559,325.98921989040457,304.4555761532638,0.0,267.4233615030842,309.22094639499255
ID_11_ri_OA_gaitinitiation_0_bl2_GO0012,11,OA,False,early,322.5,07_le_soleus,0.24870510315414604,0.10617704958790232,nan,0.048985756999318335,0.17263263968757453,0.9991131892365772,0.9871778553351509,nan,0.19767557250949647,0.9991131892365772,174.54290681426096,1357.2626716822942,0.0,60.88471879963085,96.00278838191153
ID_11_ri_OA_gaitinitiation_0_bl2_GO0012,11,OA,False,early,322.5,08_le_gastroc_med,0.2459435457551462,0.010456024064772867,nan,0.001662652964663304,0.2296585330336307,0.9991066683379584,0.7437835595013257,nan,0.015483527959599317,0.9991066683379584,172.64763445060316,133.32335104899198,0.0,2.0630070246740084,127.98394367099077
ID_11_ri_OA_gaitinitiation_0_bl1_GO0003,11,OA,False,early,346.5,01_ri_soleus,0.35798382073065044,0.017641796184595018,0.09736468702594805,0.06555041946987462,0.495281500979841,0.9995333108077246,0.40184221266157855,0.24755365489140346,0.40184221266157855,0.9995333108077246,231.58110691828801,226.9023763399474,73.0823030107333,84.74968070079804,236.70467001060337
ID_11_ri_OA_gaitinitiation_0_bl1_GO0003,11,OA,False,early,346.5,02_ri_gastroc_med,0.45357121565071373,0.01420240336264513,0.10993228347280205,0.10750856079171744,0.6160013102633042,0.9997257976176559,0.7048031941498213,0.24897096861377896,0.7048031941498213,0.9997257976176559,293.32663419043774,182.64468737273089,82.40647527998233,139.00730864195523,294.2875148732342
ID_11_ri_OA_gaitinitiation_0_bl1_GO0003,11,OA,False,early,346.5,03_ri_tib_ant,0.3321489954378386,0.014929985479468342,0.08960500322855196,0.029337428978136137,0.42489836346058585,0.9994830319920418,0.15694188419370186,0.4632158381567807,0.15694188419370186,0.9994830319920418,214.57660368062514,192.016852762054,67.04432675018992,37.85054363880079,202.84483839676383
ID_11_ri_OA_gaitinitiation_0_bl1_GO0003,11,OA,False,early,346.5,06_le_tib_ant,0.5463939718476255,0.043623665391742956,0.3369581825773434,0.39631608756238734,0.6794721063965667,0.916943828964183,0.9997995960718769,0.8707653477153643,0.9997995960718769,0.916943828964183,353.00446006299387,561.0749891165524,252.4042636209285,512.2146423523862,324.48211939534167
ID_11_ri_OA_gaitinitiation_0_bl1_GO0003,11,OA,False,early,346.5,07_le_soleus,0.14030146369706153,0.09557688650691715,0.044438495134424806,0.044930276077345774,0.10002173675924365,0.44484386602213294,0.4446100198541596,0.18800103596439594,0.1344150310824061,0.4432496470159467,90.75522889986075,1229.0603441880146,33.36674080560523,58.01439974720749,47.58677818100576
ID_11_ri_OA_gaitinitiation_0_bl1_GO0003,11,OA,False,early,346.5,08_le_gastroc_med,0.29282091709907254,0.013783931976485076,0.027485102477644005,0.005139055076341566,0.2821755769772148,0.9992564032853067,0.7878975559702596,0.05612462739002596,0.023522626842363083,0.9992564032853067,189.45522165857446,176.88026959518524,20.639500661149782,6.636681342808528,134.46833128726814
ID_11_ri_OA_gaitinitiation_0_bl1_GO0005,11,OA,False,early,318.0,01_ri_soleus,0.39726335492736853,0.016582418212168104,0.06334086165368732,0.04213742763558061,0.45186927435324065,0.9995364859660582,0.6782884555594615,0.1816875022909599,0.23088754277637896,0.9995364859660582,235.94843760582654,211.97168505347838,41.45177049904549,52.08467402037846,191.65615649896245
ID_11_ri_OA_gaitinitiation_0_bl1_GO0005,11,OA,False,early,318.0,02_ri_gastroc_med,0.49505939905089774,0.013960105003072395,0.04752695294142316,0.06368525210005126,0.5554434625831363,0.9995068849262158,0.8343046347558655,0.15781469749715335,0.40177166010435156,0.9995068849262158,293.9869602153183,178.31629702109288,31.04720649960033,78.71793673245575,235.54904664035567
ID_11_ri_OA_gaitinitiation_0_bl1_GO0005,11,OA,False,early,318.0,03_ri_tib_ant,0.3016933189406916,0.020947053115983223,0.11999325814061165,0.13033104459537245,0.3435025532531399,0.6912395460862917,0.6183586264134328,0.3544266535303649,0.6183586264134328,0.6912395460862917,178.98160348370143,268.1371300427049,78.3923536939169,160.88870750909453,145.87139577339855
ID_11_ri_OA_gaitinitiation_0_bl1_GO0005,11,OA,False,early,318.0,06_le_tib_ant,0.7208476636356679,0.02890601840031048,0.15479192217177623,0.2267648402898953,0.8362702604906307,0.9995781216338715,0.9263436229232573,0.34253117757962953,0.6380441695113499,0.9995781216338715,427.9831776892744,369.6707771595713,101.15248907364922,280.25943220049436,354.7619508235643
ID_11_ri_OA_gaitinitiation_0_bl1_GO0005,11,OA,False,early,318.0,07_le_soleus,0.1724132742138538,0.13530677155829204,0.31626521508799077,0.10839421082117279,-0.0006880805308516387,0.9696919828779913,0.9696919828779913,0.9994532318070114,0.9012192169863333,0.09589169330438646,101.96478158144468,1732.4364090527692,207.16398367943552,133.4018666973164,-0.3331099854531616
ID_11_ri_OA_gaitinitiation_0_bl1_GO0005,11,OA,False,early,318.0,08_le_gastroc_med,0.22685759181243303,0.015936085770465798,0.04099328183844656,0.02890303704647017,0.013103582786624256,0.9990456898837197,0.9990456898837197,0.08236701507183272,0.6548402184608689,0.2651050225316447,134.38934992843974,203.90715849839577,26.836414427510583,35.37457924623946,5.4083549814432
ID_11_ri_OA_gaitinitiation_0_bl1_GO0006,11,OA,False,late,356.5,01_ri_soleus,0.2038870931627863,0.05364262146457775,0.1559033743161737,0.11423834553567085,0.46120700725172686,0.5641753695344213,0.9995832869688019,0.5752038753707749,0.8498802986353328,0.5641753695344213,61.110624319868826,691.9422557115608,152.32047061584873,150.01572095733943,51.22367375592234
ID_11_ri_OA_gaitinitiation_0_bl1_GO0006,11,OA,False,late,356.5,02_ri_gastroc_med,0.368488791648285,0.03070343509352075,0.1664028396909037,0.03913804141757517,0.8209776563071122,0.9993691702014905,0.46125831649079735,0.9734751345210505,0.267029485994477,0.9993691702014905,110.4352356057544,395.8848847651798,162.38384284746223,51.40083496291033,91.21543215655387
ID_11_ri_OA_gaitinitiation_0_bl1_GO0006,11,OA,False,late,356.5,03_ri_tib_ant,0.050106678193119515,0.03779793728570638,0.3496148447157524,0.0693845966913634,0.06896857829949109,0.16643935873924218,0.258866706231652,0.9993208237512118,0.258866706231652,0.16643935873924218,14.958730404756082,487.6401645093159,342.17062566651805,91.0556149254644,7.618640049152983
ID_11_ri_OA_gaitinitiation_0_bl1_GO0006,11,OA,False,late,356.5,06_le_tib_ant,0.3724534672820267,0.08513626109505687,0.321336503485434,0.30655828799855445,0.6942725843459999,0.9494157337174413,0.9622586806266173,0.999762861219693,0.930137720216973,0.9494157337174413,111.4454198938013,1098.2529318144832,314.06932626592925,402.3264906326907,77.09557606475656
ID_11_ri_OA_gaitinitiation_0_bl1_GO0006,11,OA,False,late,356.5,07_le_soleus,0.11473552903012023,0.13454950454121864,0.019925532391816318,0.05079358043877334,0.0965994702677159,0.19572176077153708,0.5728540384864409,0.057166417776433574,0.16038072501805345,0.1639604265018941,34.50651850181302,1735.825615263611,19.469474245351392,66.6003178125175,10.717079095572197
ID_11_ri_OA_gaitinitiation_0_bl1_GO0006,11,OA,False,late,356.5,08_le_gastroc_med,0.23875501263855614,0.025973648296128065,0.03746063963506876,0.0011121885190361,0.24601887592596303,0.38536357252850706,0.9992137506572476,0.13943188122682104,0.0235416032908335,0.3701692590919575,71.80029846272845,334.9210130272842,36.609538685239755,1.4441757079005453,27.31627193170993
ID_11_ri_OA_gaitinitiation_0_bl1_GO0014,11,OA,False,late,292.5,01_ri_soleus,0.20137744140790267,0.028716510225738717,nan,0.14694124821802168,0.26475850523846217,0.48489861632214826,0.9990845991394046,nan,0.9990845991394046,0.48489861632214826,163.44541481361554,368.17693958303585,0.0,173.90391465547603,152.7108632830917
ID_11_ri_OA_gaitinitiation_0_bl1_GO0014,11,OA,False,late,292.5,02_ri_gastroc_med,0.43743855732466586,0.018748622454069632,nan,0.13845073480744638,0.5771765502556605,0.999617532065186,0.8025315035966504,nan,0.8025315035966504,0.999617532065186,355.21028209409246,240.34256869282186,0.0,163.8323556710575,332.79724531690323
ID_11_ri_OA_gaitinitiation_0_bl1_GO0014,11,OA,False,late,292.5,03_ri_tib_ant,0.15037142728923658,0.03416310691648831,nan,0.03263896729023244,0.13851182762996764,0.344583121388424,0.26062730693954234,nan,0.1927445573869911,0.344583121388424,122.094903112825,437.9827934964918,0.0,38.5566491120738,79.84508570580303
ID_11_ri_OA_gaitinitiation_0_bl1_GO0014,11,OA,False,late,292.5,06_le_tib_ant,0.46573332623408886,0.029322458163159877,nan,0.2367596202061343,0.5386470411236388,0.9998300994109881,0.8390210884888809,nan,0.8390210884888809,0.9998300994109881,378.35350401118194,375.908432521268,0.0,280.40059077829005,310.6383449130267
ID_11_ri_OA_gaitinitiation_0_bl1_GO0014,11,OA,False,late,292.5,07_le_soleus,0.21589543846502549,0.14689175916768368,nan,0.050090507606355666,0.21109808439127553,0.9990351040152786,0.8550112491528269,nan,0.21010379809477545,0.9990351040152786,175.51871992429608,1882.7985802976143,0.0,59.26906262476231,121.35584553601488
ID_11_ri_OA_gaitinitiation_0_bl1_GO0014,11,OA,False,late,292.5,08_le_gastroc_med,0.2126577562597077,0.01051798500050944,nan,0.005110654958256037,0.2662816494762683,0.999132567639886,0.4829137536364101,nan,0.0237642284299454,0.999132567639886,172.8981803391763,134.59213781028026,0.0,6.0547640061793455,153.3813585509177
ID_11_ri_OA_gaitinitiation_0_bl2_GO0010,11,OA,False,early,268.5,01_ri_soleus,0.3615661285847513,0.018858871501075646,0.07627242794096062,0.033113070600703065,0.5081711220478142,0.9993084458166568,0.34088081207835585,0.6032524192569616,0.34088081207835585,0.9993084458166568,185.36004147972068,126.83463158257706,67.86818184675246,37.482629343833636,165.35480399454482
ID_11_ri_OA_gaitinitiation_0_bl2_GO0010,11,OA,False,early,268.5,02_ri_gastroc_med,0.38727380438956915,0.046427157293507416,0.09503087299719722,0.06209971181859693,0.5202400403166377,0.9991784466037508,0.49042453415001086,0.5185801223655985,0.49042453415001086,0.9991784466037508,198.5513208069161,312.2125452662174,84.66847055368942,70.36470877884793,169.32971271083608
ID_11_ri_OA_gaitinitiation_0_bl2_GO0010,11,OA,False,early,268.5,03_ri_tib_ant,0.23119958937846885,0.018021226766871228,0.17078117055884584,0.07178238783886659,0.2760819131340845,0.9355024439991493,0.2305763045927601,0.999381850831063,0.2305763045927601,0.9355024439991493,118.32519234276417,121.11585013655689,152.19247729434778,81.58158657353667,89.45034519961808
ID_11_ri_OA_gaitinitiation_0_bl2_GO0010,11,OA,False,early,268.5,06_le_tib_ant,0.5647386072923185,0.08052569550422829,0.29949177050126247,0.40262002525187623,0.6633848811333118,0.9997700475787896,0.940291892790819,0.834497486773697,0.940291892790819,0.9997700475787896,289.51318291204393,541.4668589748271,267.25390969423273,457.43981352918627,215.77039152350707
ID_11_ri_OA_gaitinitiation_0_bl2_GO0010,11,OA,False,early,268.5,07_le_soleus,0.3265824955163703,0.13420879123173332,0.19127575125287977,0.057603075586465186,0.35770083522084273,0.998894039342758,0.8307722591149418,0.7840072233624203,0.19123315158570836,0.998894039342758,167.88572335928475,902.0289791362176,170.9834833036085,65.43234265098222,116.18379371078947
ID_11_ri_OA_gaitinitiation_0_bl2_GO0010,11,OA,False,early,268.5,08_le_gastroc_med,0.32511507437723913,0.018542186083488836,0.029100621276683527,0.0037931515868455147,0.37294327795780663,0.9989968141415178,0.7819304677608383,0.11389071034584412,0.026518979791192672,0.9989968141415178,167.144020710316,124.28727859009743,26.02183704844919,4.3240071614715685,121.18365673941156
ID_11_ri_OA_gaitinitiation_0_bl2_GO0015,11,OA,False,late,377.0,01_ri_soleus,0.2913052040347835,0.02649060836532567,0.09743840373916467,0.04963815681901127,0.3936403033305777,0.9993278196768258,0.3472889570322809,0.19784831155369917,0.3472889570322809,0.9993278196768258,239.3542920359468,131.56118265166208,48.013238897882914,67.20617399921711,238.76816292561494
ID_11_ri_OA_gaitinitiation_0_bl2_GO0015,11,OA,False,late,377.0,02_ri_gastroc_med,0.26693751351117456,0.01880593842858158,0.0823525380828144,0.03590106314752704,0.3646635265513316,0.9993966072544366,0.21789711522310085,0.1675110827852295,0.21789711522310085,0.9993966072544366,219.34482830097187,93.4019757341936,40.586155848929906,48.6126167151359,221.2221902575886
ID_11_ri_OA_gaitinitiation_0_bl2_GO0015,11,OA,False,late,377.0,03_ri_tib_ant,0.3133213779087327,0.006615811393585081,0.24557855449554117,0.020799561986790813,0.4211822940521578,0.9994519013219476,0.07962018561312664,0.529241218794678,0.07962018561312664,0.9994519013219476,257.391129021695,32.87924327582962,121.16468971069403,28.146146476725104,255.52019829012409
ID_11_ri_OA_gaitinitiation_0_bl2_GO0015,11,OA,False,late,377.0,06_le_tib_ant,0.43638356702837416,0.055402257001674754,0.04182587452251135,0.14148286441732108,0.46191283002105904,0.9996817214087128,0.5160911639486441,0.06686135622991526,0.4904281842377373,0.9996817214087128,358.4235340588073,275.24459068948516,20.621425791802956,191.31870125871293,280.2980070808103
ID_11_ri_OA_gaitinitiation_0_bl2_GO0015,11,OA,False,late,377.0,07_le_soleus,0.06192524462990182,0.13636324648066991,0.44439319380591136,0.04219068570832108,0.06748581396591774,0.1946270919321049,0.4484476413666207,0.7200880041174118,0.16817401786482739,0.1946270919321049,50.82634150676299,677.5063298567874,219.0850978447375,57.035641013083634,40.816959622166344
ID_11_ri_OA_gaitinitiation_0_bl2_GO0015,11,OA,False,late,377.0,08_le_gastroc_med,0.2722132265276269,0.030442271910634845,0.12790103757158847,0.01699835581591694,0.3169656441058791,0.9993997933528111,0.6224224478061948,0.20468163496114555,0.09409734631340702,0.9993997933528111,223.67084053639365,150.93923484775294,63.02478380041817,23.009540244007017,191.96221218551503
ID_11_ri_OA_gaitinitiation_0_bl2_GO0016,11,OA,False,late,264.0,01_ri_soleus,0.34674263966843194,0.03463262716982889,0.2701900737031896,0.02238691881265389,0.28104193670976774,0.8402668413050292,0.7491747051349598,0.9993744805307477,0.1350910792427956,0.8402668413050292,212.05072818194532,375.3568474154802,234.32728990716095,25.17245376285252,82.53338595054261
ID_11_ri_OA_gaitinitiation_0_bl2_GO0016,11,OA,False,late,264.0,02_ri_gastroc_med,0.21405050481147594,0.03334895435343324,0.30111287845194784,0.029049695042201173,0.2889458339949429,0.7979046257053714,0.24245576675425573,0.9994921135150318,0.09304469029179574,0.7979046257053714,130.77477860035503,361.58553117368433,261.23368301962995,32.7122458453366,85.04082448946646
ID_11_ri_OA_gaitinitiation_0_bl2_GO0016,11,OA,False,late,264.0,03_ri_tib_ant,0.12182411940996958,0.014851858843379117,0.23375741921348925,0.014383483029804602,0.11389564272833265,0.32929842539337056,0.32929842539337056,0.36361022044137725,0.0686724035760627,0.3193189925995386,74.63438704174754,160.90488610799756,203.04443765169464,16.21812760564305,33.51268012143459
ID_11_ri_OA_gaitinitiation_0_bl2_GO0016,11,OA,False,late,264.0,06_le_tib_ant,0.17775377684245922,0.01657218539705888,0.4295769639752775,0.12340059807751456,0.2920153960990559,0.6694355254359335,0.6374265526382963,0.9999028044698264,0.6374265526382963,0.6694355254359335,108.57862032167525,179.56877061743324,372.9488036069789,139.15545833101643,85.93364338591206
ID_11_ri_OA_gaitinitiation_0_bl2_GO0016,11,OA,False,late,264.0,07_le_soleus,0.3668197361384152,0.11237105634973646,0.12570021947133253,0.07070375391901347,0.03721003274026319,0.9991434029921262,0.9991434029921262,0.410119780394359,0.452823905341213,0.16520706103379593,224.60755343437697,1218.5510783784503,109.10152738575671,79.48148038688794,10.906538365671256
ID_11_ri_OA_gaitinitiation_0_bl2_GO0016,11,OA,False,late,264.0,08_le_gastroc_med,0.41133625419837233,0.05242752408323305,0.07789437017828259,0.04836824851000802,0.22754598083054692,0.9990180933330342,0.9990180933330342,0.15228782310565694,0.22536496881794324,0.33514646686403926,251.96742062616045,568.5086747394017,67.5697140050082,54.41134565971401,67.23091976636316
ID_11_ri_OA_gaitinitiation_0_bl3_GO0006,11,OA,False,early,446.5,01_ri_soleus,0.305786786105626,0.008469193985341412,0.04720940072964792,0.013356083465211483,0.41267052324051495,0.9994220509871885,0.08273846464305468,0.06538267277140988,0.08273846464305468,0.9994220509871885,202.73048456483272,93.6650399230175,34.95344210127416,19.933008546039204,205.5267787552562
ID_11_ri_OA_gaitinitiation_0_bl3_GO0006,11,OA,False,early,446.5,02_ri_gastroc_med,0.34865215012309064,0.014430866983284852,0.10874671641210039,0.01961227815196515,0.4697808223292658,0.9994046912164338,0.11076380868732656,0.1797922923988463,0.11076380868732656,0.9994046912164338,231.07890494354436,159.58984898794637,80.4476531448324,29.277514127724558,233.88931194883182
ID_11_ri_OA_gaitinitiation_0_bl3_GO0006,11,OA,False,early,446.5,03_ri_tib_ant,0.28791556594211903,0.004119405016006616,0.5883473289795406,0.01757000373918859,0.36337201946050235,0.8255953968443359,0.06985975285178854,0.9995298940033569,0.06884450259259844,0.8255953968443359,190.6937264713887,45.535781207255006,435.64859544804426,26.197075212009658,180.7836684771839
ID_11_ri_OA_gaitinitiation_0_bl3_GO0006,11,OA,False,early,446.5,06_le_tib_ant,0.4424376055037511,0.02432417996478044,0.09772986637248743,0.15856597418263058,0.5716989563053511,0.9995667139277892,0.449356366482502,0.2501107928868551,0.449356366482502,0.9995667139277892,293.1223972290966,268.94886368560697,72.28776829652472,236.65270832697067,284.54761475525663
ID_11_ri_OA_gaitinitiation_0_bl3_GO0006,11,OA,False,early,446.5,07_le_soleus,0.2418620367437144,0.1113664003808519,0.08411324862583794,0.0603361884169408,0.0577691195927703,0.9990473231828165,0.9990473231828165,0.22317369415520086,0.370086062066108,0.5618746506740608,160.1477356687934,1231.1401651996757,62.23149932004823,89.83288688063587,28.4691238850299
ID_11_ri_OA_gaitinitiation_0_bl3_GO0006,11,OA,False,early,446.5,08_le_gastroc_med,0.2834309597169395,0.018115470475557886,0.039918059724548476,0.006200981894360114,0.13722940820545965,0.9994214362043665,0.9994214362043665,0.08162343240082967,0.19783400168547166,0.9351972720663948,187.80093211325274,199.84111486318835,29.537954068262565,9.146799342737841,67.86289815289012
ID_11_ri_OA_gaitinitiation_0_bl3_GO0008,11,OA,False,late,375.5,01_ri_soleus,0.2653588934091664,0.011067150376990633,0.15381256580675412,0.019753970706139577,0.47673959758822354,0.999279070567273,0.21264016464625826,0.9806062848767716,0.21264016464625826,0.999279070567273,115.9062718683433,77.02729315114306,138.81353136957986,26.594283886189274,109.15736989991186
ID_11_ri_OA_gaitinitiation_0_bl3_GO0008,11,OA,False,late,375.5,02_ri_gastroc_med,0.28513161164771206,0.023391880675056643,0.2535267577646811,0.01887580297623051,0.5127867988957703,0.9886482978794915,0.1337303098740407,0.999692823724675,0.1337303098740407,0.9886482978794915,124.62493742845986,162.77520660730028,229.13241071279265,25.444562232012117,117.41876023087731
ID_11_ri_OA_gaitinitiation_0_bl3_GO0008,11,OA,False,late,375.5,03_ri_tib_ant,0.08194774887957636,0.005712213813079309,0.4484321027159216,0.010847797347365146,0.08375780108548274,0.27622757240143136,0.10333661894389386,0.999251895378406,0.04379943518858994,0.27622757240143136,35.80467586535994,39.73487262849781,406.0060485088365,14.63178088029947,19.096920663613513
ID_11_ri_OA_gaitinitiation_0_bl3_GO0008,11,OA,False,late,375.5,06_le_tib_ant,0.4028342165014701,0.031513709299466036,0.30620607546398065,0.15218126161355416,0.7450383703744624,0.999655286596262,0.42020980757432264,0.8650364643463453,0.42020980757432264,0.999655286596262,176.35803728184203,219.25200306594382,276.90633622612165,205.5470233288659,170.8348029434045
ID_11_ri_OA_gaitinitiation_0_bl3_GO0008,11,OA,False,late,375.5,07_le_soleus,0.42537497083021025,0.17966321471336752,0.009621020707124322,0.06482875732892847,0.14243354720683224,0.9993858063539227,0.9993858063539227,0.02964427286917261,0.19135682133296944,0.6187135312447894,186.64317718906125,1250.0542239865752,8.725984421145697,87.39433880560001,32.43996275571345
ID_11_ri_OA_gaitinitiation_0_bl3_GO0008,11,OA,False,late,375.5,08_le_gastroc_med,0.46100319403012135,0.028092881168363622,0.020208571023099333,0.0065862122447744075,0.2010662816912911,0.9995006573249338,0.9995006573249338,0.12198403459142279,0.19040586036695445,0.7495698781671656,202.28690720789723,195.1330229493727,18.323265749095384,8.790763645241341,45.870957547738435
ID_11_ri_OA_gaitinitiation_0_bl3_GO0010,11,OA,False,early,403.5,01_ri_soleus,0.38443305603683114,0.008989961386714063,0.03402467633928103,0.0026179537912508367,0.43747025872961637,0.9993171223293768,0.5664966490280781,0.05641032949567214,0.012748414656779205,0.9993171223293768,206.0479051026948,98.12041502059178,22.613023977973846,3.675053963807623,172.49508707959902
ID_11_ri_OA_gaitinitiation_0_bl3_GO0010,11,OA,False,early,403.5,02_ri_gastroc_med,0.4399565855753819,0.010699137832525896,0.10761797998546281,0.015267716137605922,0.47174824060774884,0.9994774832825298,0.7351332239802421,0.248852043838634,0.09754088986517497,0.9994774832825298,235.69527074012683,116.7512204002936,71.43899968365078,21.45296872703627,185.85522372633423
ID_11_ri_OA_gaitinitiation_0_bl3_GO0010,11,OA,False,early,403.5,03_ri_tib_ant,0.46156688213933883,0.005137013774965338,0.13279755304046187,0.027389247020532744,0.6117538771221447,0.9993285025858356,0.10374271361778678,0.3653541844093059,0.10374271361778678,0.9993285025858356,247.17714965455494,56.195812603111854,88.11466856045672,38.50037388553949,241.41061181504426
ID_11_ri_OA_gaitinitiation_0_bl3_GO0010,11,OA,False,early,403.5,06_le_tib_ant,0.5482363887485758,0.03820991040455506,0.04937079224906597,0.2403156736409626,0.6318281117467145,0.9995447867583425,0.96286801212635,0.18116589291463883,0.96286801212635,0.9995447867583425,293.75096929583117,417.9575239645856,32.71807222069119,338.11074297227015,249.11364230750485
ID_11_ri_OA_gaitinitiation_0_bl3_GO0010,11,OA,False,early,403.5,07_le_soleus,0.14455071847182388,0.15487711186622766,0.20141541220938836,0.12468628191794458,0.023561697223698306,0.8343901461793726,0.9991183488139388,0.5592550025855528,0.9991183488139388,0.17853040912352997,77.02615998918127,1695.4126398806618,133.86679859035047,174.9445158704867,9.188290690286776
ID_11_ri_OA_gaitinitiation_0_bl3_GO0010,11,OA,False,early,403.5,08_le_gastroc_med,0.3304156992151513,0.04101890664041509,0.10464485148586168,0.05419414157400842,0.12504189272867175,0.999473932884421,0.999473932884421,0.17175910771447467,0.695364960760589,0.7360642326592948,176.65912913905987,448.68347521271915,69.50101271520242,75.87038580534596,48.9232042564668
ID_11_ri_OA_gaitinitiation_0_bl3_GO0011,11,OA,False,late,605.5,01_ri_soleus,0.3203000570717672,0.022033312703915283,0.12488457675160522,0.022318718361988225,0.43541709596789385,0.9994770858397738,0.5201452201987051,0.22755293543082863,0.1624081752371891,0.9994770858397738,201.79265323510154,119.24303977341215,77.48923067190466,40.427669369757254,180.841541305813
ID_11_ri_OA_gaitinitiation_0_bl3_GO0011,11,OA,False,late,605.5,02_ri_gastroc_med,0.3544456403712736,0.06091255207199642,0.19124693934021658,0.06982757840253419,0.4796350672192766,0.9993086838581433,0.44651380225172643,0.23435753644504742,0.43210026959617664,0.9993086838581433,223.2523350871557,330.18957407262246,118.60644489687353,126.43460895104369,199.2427321877635
ID_11_ri_OA_gaitinitiation_0_bl3_GO0011,11,OA,False,late,605.5,03_ri_tib_ant,0.39246597578234044,0.007453034351452895,0.48437267120644106,0.01599301133996008,0.5772681094584804,0.9995363749908417,0.08098168179538193,0.7011679252577724,0.08098168179538193,0.9995363749908417,246.8515930557006,40.426327302903665,300.1960141803314,28.922649829791023,239.77535733235786
ID_11_ri_OA_gaitinitiation_0_bl3_GO0011,11,OA,False,late,605.5,06_le_tib_ant,0.3564531154990453,0.06250724219642798,0.0016719116671680134,0.16396855737126817,0.4524552961440478,0.9994862485212825,0.6403655509170492,0.004945145392093872,0.6314845098757116,0.9994862485212825,224.51144777793976,338.7689012756018,1.035135858724633,296.89312346510474,187.88233629567463
ID_11_ri_OA_gaitinitiation_0_bl3_GO0011,11,OA,False,late,605.5,07_le_soleus,0.20287332948088335,0.1833357142747372,0.07185435642906383,0.16167404979169833,0.014292084694959423,0.7971264527665564,0.8801663866380627,0.23066374180141044,0.8801663866380627,0.16073215742863478,127.60531703263499,994.4229029454659,44.58697613043348,292.5103593241039,5.855818926144282
ID_11_ri_OA_gaitinitiation_0_bl3_GO0011,11,OA,False,late,605.5,08_le_gastroc_med,0.26104650474269575,0.04991109668687743,0.007219276421496596,0.03989661093086641,0.02379961136728497,0.999136399377584,0.999136399377584,0.023130263725201668,0.2676792405944498,0.36139171716778423,164.30744420255678,270.56518510378214,4.47529843098297,72.09489888773658,9.697623023898633
ID_11_ri_OA_gaitinitiation_0_bl4_GO0005,11,OA,False,early,350.0,01_ri_soleus,0.3152246984243544,0.017998073217859865,0.06853640049845618,0.01692342063289756,0.3293411682509689,0.9994191783877653,0.3756104016855467,0.18389592894078227,0.25125086211673675,0.9994191783877653,259.26696461823326,231.92840194368222,80.36372828630175,21.8603213357295,209.07745207189882
ID_11_ri_OA_gaitinitiation_0_bl4_GO0005,11,OA,False,early,350.0,02_ri_gastroc_med,0.32047923289228697,0.039317307060699684,0.09713299958199927,0.03997164587838975,0.35905794620390086,0.9992663287649162,0.2818069502785523,0.2963041865595611,0.2496833889506867,0.9992663287649162,263.5767185381702,506.7012252941591,113.8876746593881,51.8127545327845,227.9357748786736
ID_11_ri_OA_gaitinitiation_0_bl4_GO0005,11,OA,False,early,350.0,03_ri_tib_ant,0.259744491129163,0.004277265819405602,0.4002342075849836,0.022928898021147927,0.32466564456390734,0.7625144687305557,0.13739437428264573,0.9997260845922649,0.13739437428264573,0.7625144687305557,213.55109303628976,55.07729743209913,469.25978728921484,29.802290091417195,205.90266638882872
ID_11_ri_OA_gaitinitiation_0_bl4_GO0005,11,OA,False,early,350.0,06_le_tib_ant,0.339044452177667,0.024418473257303362,0.14960363445252015,0.19805861340363465,0.38885311803390815,0.9993956729197198,0.6925542735138818,0.6123808836653202,0.6925542735138818,0.9993956729197198,278.69135596781615,314.71396581678164,175.37653178277054,257.23775803453566,246.82365377782975
ID_11_ri_OA_gaitinitiation_0_bl4_GO0005,11,OA,False,early,350.0,07_le_soleus,0.17459018747041963,0.10214619989901805,0.1781642284903189,0.0608833375233464,0.21032952506755628,0.7504143196693753,0.27289091290904954,0.6238871020252176,0.18274365602681716,0.7504143196693753,143.68575608928288,1316.2645704643053,208.89238837714336,79.10606157550967,133.40053782380724
ID_11_ri_OA_gaitinitiation_0_bl4_GO0005,11,OA,False,early,350.0,08_le_gastroc_med,0.24986377409185304,0.04300228347906168,0.04749188306026827,0.03192171695529966,0.29793393581736083,0.9993685874708559,0.3914903520615961,0.15906543750967586,0.11949236967553381,0.9993685874708559,205.6308777004085,554.0029418459902,55.67829948918408,41.48448613265086,188.9541094340549
ID_11_ri_OA_gaitinitiation_0_bl4_GO0009,11,OA,False,late,329.5,01_ri_soleus,0.2147794262062158,0.006077279950934396,0.17153889097621688,0.003430607436924107,0.49831626790962785,0.9491963072677922,0.059963699360694386,0.9992737510901678,0.008829285872133063,0.9491963072677922,80.06253315052385,66.00874719142098,159.37369972783597,4.31805815112673,82.20077806628217
ID_11_ri_OA_gaitinitiation_0_bl4_GO0009,11,OA,False,late,329.5,02_ri_gastroc_med,0.23613509994620893,0.022785962842108206,0.20450101743262392,0.015996086358841848,0.5374633509887108,0.9627496543016418,0.0943199989434505,0.9994906977513706,0.06476249835698612,0.9627496543016418,88.06446393114624,247.56362176308664,190.09004753135707,20.123858069398278,88.67853733177427
ID_11_ri_OA_gaitinitiation_0_bl4_GO0009,11,OA,False,late,329.5,03_ri_tib_ant,0.06378470844822304,0.006870897101004926,0.5491008239361219,0.03648392599172097,0.0493567410479728,0.11165505823499677,0.11498960394475725,0.999386632974743,0.11498960394475725,0.11165505823499677,23.814694387091397,74.64877756169005,511.635656935892,45.888572946377124,8.1100182715076
ID_11_ri_OA_gaitinitiation_0_bl4_GO0009,11,OA,False,late,329.5,06_le_tib_ant,0.3255264622244482,0.027468181038658165,0.26088784813952304,0.2222993280483211,0.688141394544372,0.9995854932413539,0.555416632557584,0.9879421571872642,0.555416632557584,0.9995854932413539,121.52749058686794,298.4278306878418,242.6420436953013,279.825728646345,113.6353260918463
ID_11_ri_OA_gaitinitiation_0_bl4_GO0009,11,OA,False,late,329.5,07_le_soleus,0.22139491217765528,0.0970967789195765,0.08227248295353379,0.03557939160818536,0.06530278324519113,0.43997577009336925,0.43997577009336925,0.9163694000236255,0.26467978216900356,0.16538654658429353,82.87450292711097,1055.10870940981,76.2061913007704,44.61713311595852,10.74683945993593
ID_11_ri_OA_gaitinitiation_0_bl4_GO0009,11,OA,False,late,329.5,08_le_gastroc_med,0.5117726828715475,0.03248701149053632,0.025716180539950007,0.012695700229723036,0.47050876630982463,0.9992739737473328,0.9992739737473328,0.280451671421695,0.06640594355673839,0.9663945745538667,191.85774274770714,352.57577592254296,23.804946557684843,15.925908232781369,77.59626245236318
ID_11_ri_OA_gaitinitiation_0_bl4_GO0014,11,OA,False,early,335.0,01_ri_soleus,0.3063976301192728,0.00534541924785643,0.05266681245323713,0.003359092658118835,0.4469925599948833,0.9992867565895655,0.2134359735389198,0.14899411701515022,0.013140797543548969,0.9992867565895655,191.8112476668726,47.31454626648261,32.07357803523681,4.2728956469670365,188.5074519799307
ID_11_ri_OA_gaitinitiation_0_bl4_GO0014,11,OA,False,early,335.0,02_ri_gastroc_med,0.33480798975156967,0.006894483353346927,0.06172135393736769,0.0034024625885534367,0.478424173977463,0.9994808210436661,0.29188536388558173,0.18159973331687673,0.017535716837544627,0.9994808210436661,209.585715278703,61.020071081611086,37.570819942457675,4.326606953657805,201.71836132168386
ID_11_ri_OA_gaitinitiation_0_bl4_GO0014,11,OA,False,early,335.0,03_ri_tib_ant,0.45420408153110453,0.005419539943970367,0.3378033518219111,0.019724803690376914,0.6477923494874058,0.9996104388562091,0.08854247454395484,0.6373769634361903,0.08512728517512104,0.9996104388562091,283.9625226439537,48.08384199724863,205.16618033387547,25.006881799904775,273.03366138220076
ID_11_ri_OA_gaitinitiation_0_bl4_GO0014,11,OA,False,early,335.0,06_le_tib_ant,0.35661355469397593,0.024991026663434224,0.03635875610541012,0.12483868614508488,0.4546176847684972,0.9993926592243805,0.5948672250688043,0.12704533650215133,0.3983673276316824,0.9993926592243805,223.1640490532668,221.45414977215418,22.07105488789885,158.53064775172416,191.466163384826
ID_11_ri_OA_gaitinitiation_0_bl4_GO0014,11,OA,False,early,335.0,07_le_soleus,0.2743499413559596,0.14323624801744794,0.5230541904567685,0.06699160816706227,0.056687506253059974,0.8600448021777296,0.8600448021777296,0.9997156445993702,0.3933671454973314,0.49551264773025255,171.52781163929612,1270.746231509727,318.3039541333393,84.80026468420672,23.656867479448483
ID_11_ri_OA_gaitinitiation_0_bl4_GO0014,11,OA,False,early,335.0,08_le_gastroc_med,0.2927052119629053,0.03168225002847278,0.07303352424248966,0.02124612409645275,0.04870571418837356,0.9994842383940539,0.9994842383940539,0.21489749389546448,0.40116530855795335,0.48285564895768635,182.99950043591568,280.87776864229255,44.36947103786011,26.766475501904615,20.27839122328668
ID_12_le_OA_gaitinitiation_0_bl2_GO0003,12,OA,False,early,356.5,01_ri_soleus,0.338313689357498,0.020920334801172332,0.09876908349984247,0.024865806661969414,0.43275229073365573,0.9992188740123847,0.4701738236456318,0.17707754215152513,0.06344253304225798,0.9992188740123847,227.61941947594343,269.6316767209449,90.93507374539558,32.65358818527547,209.5448768943499
ID_12_le_OA_gaitinitiation_0_bl2_GO0003,12,OA,False,early,356.5,02_ri_gastroc_med,0.46583831408175336,0.019642041830285055,0.15628976518812793,0.036699986916770386,0.6210583151576835,0.999638566389873,0.2578703317675707,0.2773183167295528,0.12699292597252368,0.999638566389873,313.3732537138052,253.2637655290512,143.90363668259187,48.181280401706985,300.9332276438681
ID_12_le_OA_gaitinitiation_0_bl2_GO0003,12,OA,False,early,356.5,03_ri_tib_ant,0.5186812066211827,0.019149565850786292,0.1318908645324138,0.10203199241639922,0.624073386664129,0.9997031717611801,0.7993615917325465,0.26970324958837055,0.7993615917325465,0.9997031717611801,348.5879229354106,247.0075474587374,121.43830867163106,133.61705273981173,302.4980776226293
ID_12_le_OA_gaitinitiation_0_bl2_GO0003,12,OA,False,early,356.5,06_le_tib_ant,0.10280263914605625,0.0020835028357234276,0.050471315734161644,0.003190388359654164,0.11091006651129434,0.30642146581003693,0.24283347973721675,0.10614925336867939,0.010543846320994995,0.30642146581003693,69.17574121890387,26.752736581386,46.508721849413746,4.189328600965014,53.65299636494364
ID_12_le_OA_gaitinitiation_0_bl2_GO0003,12,OA,False,early,356.5,07_le_soleus,0.33070678833352113,0.042759272322304843,0.2258643194277205,0.01293310241877933,0.2887683096721461,0.9994607206230659,0.919928643582464,0.421877319990423,0.039120023960428886,0.9994607206230659,222.47454363135898,551.158133535939,208.014607658024,16.956725914218705,139.5027594823422
ID_12_le_OA_gaitinitiation_0_bl2_GO0003,12,OA,False,early,356.5,08_le_gastroc_med,0.30063508492226054,0.00953179608811347,0.1307658639672519,-0.00022768006454793724,0.27813441477170653,0.9993754605943478,0.8698454529848586,0.2849140606375743,0.008065578558335085,0.9993754605943478,202.2880244723965,122.52246634563605,120.44571828771934,-0.29907947075171615,134.40332401420463
ID_12_le_OA_gaitinitiation_0_bl1_GO0006,12,OA,False,early,569.0,01_ri_soleus,0.2553057914980742,0.01917566931497572,0.3621235844590246,0.019154028011160427,0.3406591505703822,0.9993076402262389,0.11637855269788142,0.6116859057947912,0.051815949370279356,0.9993076402262389,194.01595872148383,217.28662530498525,346.55399997215693,33.28066470204371,192.87963087079075
ID_12_le_OA_gaitinitiation_0_bl1_GO0006,12,OA,False,early,569.0,02_ri_gastroc_med,0.2476138580444568,0.011550915999136222,0.23553670131061524,0.0176355506932989,0.33071352115944797,0.9995602965098067,0.11790620601270965,0.8149422296779998,0.11790620601270965,0.9995602965098067,188.0056860870796,130.88880204610714,225.13621624983665,30.641364079733417,187.0846404699058
ID_12_le_OA_gaitinitiation_0_bl1_GO0006,12,OA,False,early,569.0,03_ri_tib_ant,0.2172114649856577,0.028800326977351617,0.35283449067404715,0.03338560163674112,0.20591726039161065,0.7240530254657023,0.5607521936665787,0.9993703762790676,0.4726204017803573,0.7240530254657023,164.6951963887962,326.32702640494836,337.62730054472615,57.78352441336452,116.38096503506152
ID_12_le_OA_gaitinitiation_0_bl1_GO0006,12,OA,False,early,569.0,06_le_tib_ant,0.025007191998229053,0.013250007663769547,0.04216123815136489,0.005921791206475381,0.032374595149138416,0.06226932865088815,0.19735076405607538,0.13927958824697959,0.009597497282690695,0.06226932865088815,18.998885748015894,150.1430995429144,40.340575510814794,10.286626561681386,18.322526919677927
ID_12_le_OA_gaitinitiation_0_bl1_GO0006,12,OA,False,early,569.0,07_le_soleus,0.3422442671696167,0.053558833722391466,0.08483245338142245,0.019558797745450246,0.44683575306248524,0.9992737347630621,0.5366634642071098,0.17525538857970052,0.0356781639892839,0.9992737347630621,260.4228177135958,606.9102347648237,81.1942616783616,33.96217677213018,253.3315934278397
ID_12_le_OA_gaitinitiation_0_bl1_GO0006,12,OA,False,early,569.0,08_le_gastroc_med,0.3205136862826801,0.06374775549088936,0.05188111464613071,0.01954962531613257,0.43457568425043747,0.9994024734014253,0.5562955534179184,0.32280263501857565,0.040064793453153294,0.9994024734014253,243.91487159332854,722.3915755528262,49.541352729933585,33.95590334383797,246.41252462638073
ID_12_le_OA_gaitinitiation_0_bl1_GO0008,12,OA,False,late,328.5,01_ri_soleus,0.04611075399019585,0.1857626464555078,0.434864401376042,0.19924129571891755,0.03303895605950683,0.09532654381691938,0.5819395693246012,0.9997700712856188,0.5819395693246012,0.08440132395541078,29.517504067927636,1279.2276274122644,460.05846606869187,250.34510577275523,13.509627300369502
ID_12_le_OA_gaitinitiation_0_bl1_GO0008,12,OA,False,late,328.5,02_ri_gastroc_med,0.08739493124554788,0.0509156482491621,0.16259687933331723,0.16939440402133243,0.056137872514915255,0.17966692572527912,0.9366512565534857,0.9734500030035189,0.9366512565534857,0.09676527705427564,55.95044510213325,350.6001440636129,171.65607685456658,212.89196942854952,22.979891402420527
ID_12_le_OA_gaitinitiation_0_bl1_GO0008,12,OA,False,late,328.5,03_ri_tib_ant,0.0214303238239835,0.017025777422014644,0.043555220205736316,0.07582300847202832,0.020011542551996404,0.148626356942483,0.4020039142191109,0.07755551161751928,0.4020039142191109,0.06721041871820144,13.622131603284066,117.25731778041728,46.08159161324717,95.22696448131815,8.192316097768188
ID_12_le_OA_gaitinitiation_0_bl1_GO0008,12,OA,False,late,328.5,06_le_tib_ant,0.08296250619822723,0.004038748745404972,0.03747621973334168,0.012720603753253018,0.11476461996412658,0.2498818331666072,0.041371153344418946,0.12204550414960424,0.041371153344418946,0.2498818331666072,53.09997267539417,27.810278497853425,39.62619942403716,15.973714631596668,47.10059954307613
ID_12_le_OA_gaitinitiation_0_bl1_GO0008,12,OA,False,late,328.5,07_le_soleus,0.3530704733640574,0.049948911199746135,0.027574990546601803,0.026858089058080053,0.48136283520783013,0.604549922801481,0.20797455142423998,0.31904282000138434,0.07907228811061437,0.604549922801481,226.13051727218235,343.8565288158894,28.936658118048662,33.709587753663584,197.56234689029407
ID_12_le_OA_gaitinitiation_0_bl1_GO0008,12,OA,False,late,328.5,08_le_gastroc_med,0.4885249892659939,0.008487095505338365,0.019950480853170735,0.005460229132552085,0.7365575261463091,0.9996888637573207,0.24075834361554382,0.36293074685809884,0.007575802632209264,0.9996888637573207,312.9470818548246,58.31577378614321,20.917010527012224,6.857993242563693,302.3959117285372
ID_12_le_OA_gaitinitiation_0_bl1_GO0011,12,OA,False,early,452.0,01_ri_soleus,0.3226194583894635,0.007089099547201237,0.16541249622677479,0.010735586119264796,0.47179477247912893,0.9992382457142718,0.06072552179099645,0.33258349513075613,0.06072552179099645,0.9992382457142718,195.32846700998988,36.126971085163596,162.00555689351964,16.144508349236343,194.67114265611895
ID_12_le_OA_gaitinitiation_0_bl1_GO0011,12,OA,False,early,452.0,02_ri_gastroc_med,0.37898290270383916,0.031117674506750008,0.22641346909054053,0.041621028287588194,0.5205731113565866,0.9997021526288595,0.19972733499140025,0.6892051927899349,0.19972733499140025,0.9997021526288595,229.29916465147596,158.5435111813633,221.65047751958616,62.57099957771309,214.57263120304947
ID_12_le_OA_gaitinitiation_0_bl1_GO0011,12,OA,False,early,452.0,03_ri_tib_ant,0.27473811574603957,0.05027090450216859,0.4669294496750354,0.05473919975852696,0.4015314518281749,0.640213544250239,0.5189172318629678,0.9994730569580961,0.3650690708224149,0.640213544250239,166.13432286104558,256.05310389385045,457.65530131568283,82.28526543923242,165.50217188430872
ID_12_le_OA_gaitinitiation_0_bl1_GO0011,12,OA,False,early,452.0,06_le_tib_ant,0.11686056009485835,0.04975856801373225,0.08249656066034006,0.026893048488428724,0.13243445355003047,0.27698644866345534,0.39472546040325923,0.2268154253146831,0.051851159537080437,0.27698644866345534,70.75879136856796,253.50293299350432,80.76236819129963,40.42000806734188,54.5287667172862
ID_12_le_OA_gaitinitiation_0_bl1_GO0011,12,OA,False,early,452.0,07_le_soleus,0.3760107784301873,0.07557730829010377,0.17404603367475943,0.02671704758579603,0.4377582481180155,0.999454669998903,0.705823048028676,0.26757454076092546,0.06336454145178123,0.999454669998903,227.83996161956625,384.8456236587574,170.6851410867197,40.15202425156849,180.40717371474568
ID_12_le_OA_gaitinitiation_0_bl1_GO0011,12,OA,False,early,452.0,08_le_gastroc_med,0.38423446863743327,0.07921497477130075,0.19189107354592505,0.03503861419328946,0.48450492992504535,0.9992804274141178,0.6069351963185856,0.40976913689981087,0.0777857911219012,0.9992804274141178,232.85279376108792,403.4386729277953,188.19008720050576,52.68009977094627,199.77010533423697
ID_12_le_OA_gaitinitiation_0_bl1_GO0015,12,OA,False,late,303.5,01_ri_soleus,0.3415500106345085,0.018881801453411087,0.21861994660421238,0.035441789480542746,0.48761882536269796,0.999514770099814,0.1474519005301071,0.282863967389311,0.1474519005301071,0.999514770099814,287.43955532399866,205.05592488230562,125.88088399297678,42.76624142052362,285.5435896327624
ID_12_le_OA_gaitinitiation_0_bl1_GO0015,12,OA,False,late,303.5,02_ri_gastroc_med,0.3775769131996659,0.043060090079397914,0.21537880626144837,0.1171418720746128,0.5185838891996574,0.9996749979552654,0.6398154813915211,0.237024348171951,0.6398154813915211,0.9996749979552654,317.8227666213106,467.6019334890658,124.0880067863602,141.3821757942935,303.63164384932327
ID_12_le_OA_gaitinitiation_0_bl1_GO0015,12,OA,False,late,303.5,03_ri_tib_ant,0.3904008719571653,0.024146388098682973,0.16465247881071796,0.10279611782659956,0.508583437914464,0.9992520831517802,0.5770911430125448,0.29145504510330955,0.5770911430125448,0.9992520831517802,328.3148319976948,262.1454167243088,94.79708205973608,123.81739797676,297.85728498523304
ID_12_le_OA_gaitinitiation_0_bl1_GO0015,12,OA,False,late,303.5,06_le_tib_ant,0.190210686413753,0.02190486786071201,0.2112129023045315,0.0395139183635812,0.24346296445863283,0.4698703208220588,0.13419962838508587,0.3192369105516626,0.13133844112882392,0.4698703208220588,160.04652553884804,237.90572134677612,121.67650933960785,47.61485773799871,142.6067205289625
ID_12_le_OA_gaitinitiation_0_bl1_GO0015,12,OA,False,late,303.5,07_le_soleus,0.2324063408191258,0.06091043608273146,0.30875854361153127,0.024399557031018326,0.30344290979825306,0.9440655117424821,0.7361530654971229,0.4704698764058822,0.06245173939526831,0.9440655117424821,195.5601786588761,661.4286333161056,178.00241665587245,29.42099169640239,177.43858455678463
ID_12_le_OA_gaitinitiation_0_bl1_GO0015,12,OA,False,late,303.5,08_le_gastroc_med,0.2217167579183144,0.04104595248736158,0.22687254849907118,0.015718748845215912,0.2815302598272736,0.9991943710743785,0.5457288491111341,0.3646589516015065,0.04025173770741287,0.9991943710743785,186.65013519952257,445.5929247364435,130.85650199469558,18.964801689310278,164.63923891132552
ID_12_le_OA_gaitinitiation_0_bl2_GO0011,12,OA,False,early,332.0,01_ri_soleus,0.5248449492450881,0.025749400515094015,0.14918002110331954,0.013341795076948553,0.6252326911604608,0.9995956629937325,0.6709465687648052,0.3219909753136019,0.03507724258763639,0.9995956629937325,311.0745736830131,278.37147153998626,117.64624930220502,16.858494360244016,269.5842014616509
ID_12_le_OA_gaitinitiation_0_bl2_GO0011,12,OA,False,early,332.0,02_ri_gastroc_med,0.43272403857193636,0.054837128295098146,0.12825225714287536,0.07260600164769115,0.4168604871435347,0.9995096150111348,0.9375492110521991,0.3030131381757729,0.3914314553505507,0.9995096150111348,256.4260588172069,593.1157290751934,101.13133395571859,91.72812187803584,179.45229149610446
ID_12_le_OA_gaitinitiation_0_bl2_GO0011,12,OA,False,early,332.0,03_ri_tib_ant,0.5645022433481297,0.02866160697466193,0.2547271977464456,0.17114124205989045,0.6981289749911427,0.9823777629204745,0.9989570882595393,0.5251269975064196,0.9989570882595393,0.9823777629204745,334.3531585615335,310.0523869250448,200.96276998020068,216.140044824857,301.16983355534546
ID_12_le_OA_gaitinitiation_0_bl2_GO0011,12,OA,False,early,332.0,06_le_tib_ant,0.14458408436808443,0.008871845323704433,0.06363588734027657,0.03686334892374765,0.15252144688806513,0.271803495738666,0.2290734876126402,0.09583854745407462,0.10618875836579644,0.271803495738666,85.673314546494,95.91682521279958,50.21188415470617,46.55372364145513,65.74519149740269
ID_12_le_OA_gaitinitiation_0_bl2_GO0011,12,OA,False,early,332.0,07_le_soleus,0.3270463125095711,0.0908958106918861,0.3169513885715954,0.03052579207048739,0.213071262461861,0.9992525086331391,0.9992525086331391,0.5355955213914608,0.11216579664415036,0.9616984810367036,193.8083593495371,983.3961604887126,250.19064183822755,38.4970031482446,91.49507509747446
ID_12_le_OA_gaitinitiation_0_bl2_GO0011,12,OA,False,early,332.0,08_le_gastroc_med,0.28439001803697234,0.02426239366647975,0.08547713604085387,0.003833316661027748,0.23617158536252789,0.9989627064055993,0.9248699408941106,0.18732431787009968,0.025001953823114247,0.9989627064055993,168.6190363113665,262.1615841993432,67.48302779630934,4.828914540376101,101.53304629518881
ID_12_le_OA_gaitinitiation_0_bl2_GO0012,12,OA,False,late,383.5,01_ri_soleus,0.5179288019898137,0.03117666249979287,0.0967527921216582,0.03233731618819986,0.5825816681244556,0.9996084458522934,0.8550835444011378,0.1183387671850676,0.12946905780209586,0.9996084458522934,239.19713911433533,278.70858690847297,72.86609949836223,44.151721824149504,159.72772128542772
ID_12_le_OA_gaitinitiation_0_bl2_GO0012,12,OA,False,late,383.5,02_ri_gastroc_med,0.5883791503750341,0.05269637723555419,0.13875980576089011,0.17607065636803823,0.5615063248116284,0.8507795992770809,0.9994634197696651,0.2563607615215514,0.9994634197696651,0.8507795992770809,271.4940141271642,471.4754118117404,104.49462594679133,240.44477409300504,153.9483932545093
ID_12_le_OA_gaitinitiation_0_bl2_GO0012,12,OA,False,late,383.5,03_ri_tib_ant,0.37908544555702234,0.02857092486830708,0.06036140028244208,0.1356316958120698,0.44908328025297517,0.685069510678592,0.9988981940323344,0.17180276526014654,0.9988981940323344,0.685069510678592,175.06297897041745,255.50142681388587,45.40849676488925,185.42123408710899,123.08786247567441
ID_12_le_OA_gaitinitiation_0_bl2_GO0012,12,OA,False,late,383.5,06_le_tib_ant,0.4889396870575802,0.03614710140174329,0.2788471660302473,0.16289821275317534,0.6748232186609959,0.8092095752361363,0.3984729854350213,0.4619879774373986,0.36713930380487086,0.8092095752361363,225.55929572256684,323.44978801462565,209.8801107247432,222.59022079346164,185.1232170485839
ID_12_le_OA_gaitinitiation_0_bl2_GO0012,12,OA,False,late,383.5,07_le_soleus,0.3539989376967677,0.058894789461500396,0.12658130923696828,0.03415762165127033,0.06923886556029872,0.9991589891403464,0.9991589891403464,0.19926791934835075,0.39498641764095177,0.39245722844828274,163.3039655341692,527.1220164414653,95.37863557098149,46.46157161271119,18.802776262350815
ID_12_le_OA_gaitinitiation_0_bl2_GO0012,12,OA,False,late,383.5,08_le_gastroc_med,0.3516793809177726,0.023715051346115512,0.0646099384708726,0.014606342884704538,0.06133982421753509,0.9991508694238391,0.9991508694238391,0.1294102398023475,0.42140139040876007,0.38678540239799664,162.2372274973409,212.1310402702756,48.70295363604605,19.736934176731825,16.65266149627314
ID_12_le_OA_gaitinitiation_0_bl3_GO0002,12,OA,False,late,336.0,01_ri_soleus,0.1868053573724049,0.03908793670642388,0.23685593034467559,0.04035304620208116,0.909010898309917,0.9993709915864863,0.9993709915864863,0.8532355961370307,0.08943955031845192,0.9214735019102932,143.58164861500856,524.3471762306981,244.396778586526,51.3135564509619,13.63591256231406
ID_12_le_OA_gaitinitiation_0_bl3_GO0002,12,OA,False,late,336.0,02_ri_gastroc_med,0.31035810036108963,0.044441972510882756,0.4781357772921774,0.08335947402835132,0.8990599084598632,0.9057098185873509,0.8699486088061654,0.9995656254615104,0.3833420440575104,0.9057098185873509,238.7953423964996,596.2721066320246,493.7965811675296,105.99318327001643,13.485895228948145
ID_12_le_OA_gaitinitiation_0_bl3_GO0002,12,OA,False,late,336.0,03_ri_tib_ant,0.29745529792672076,0.02930350248293289,0.3271365008267227,0.06603486490344503,0.8111554560481635,0.9480729288390478,0.9480729288390478,0.9994728913333972,0.7833547008997407,0.8240249667088339,228.51347504279704,393.0681368897405,337.6891712365439,83.59150720194326,12.167625012239423
ID_12_le_OA_gaitinitiation_0_bl3_GO0002,12,OA,False,late,336.0,06_le_tib_ant,0.09292787286413211,0.011245984291989882,0.24330876472921703,0.023415094613646003,0.19869695601232853,0.19931721520441154,0.19530256686630518,0.9510965736048339,0.09722426254339363,0.19931721520441154,71.49929339965033,150.899585094033,251.00212310039228,29.73424453972345,2.980620953640753
ID_12_le_OA_gaitinitiation_0_bl3_GO0002,12,OA,False,late,336.0,07_le_soleus,0.2544586987092034,0.05183444224453018,0.15669306927187132,0.01796097480793737,0.12331609333386784,0.9993855721448293,0.9993855721448293,0.2751283476793297,0.05489780532889801,0.1334717020973228,196.13317390603612,695.886335235851,161.89815876004474,22.82880741009373,1.8486661094992018
ID_12_le_OA_gaitinitiation_0_bl3_GO0002,12,OA,False,late,336.0,08_le_gastroc_med,0.2299396149335429,0.020081419569750635,0.09320824670277533,0.004107023778320939,0.1326881856108822,0.9992673259726944,0.9992673259726944,0.31610762233030976,0.010063937992889533,0.14449960852652818,177.22894596591317,269.54590679932693,96.16783965577318,5.219772915049897,1.9892287587269877
ID_12_le_OA_gaitinitiation_0_bl3_GO0015,12,OA,False,early,327.0,01_ri_soleus,0.6420825994922503,0.048923162012589276,0.13798417773998964,0.030990878501317976,0.5411902665410654,0.9994603348459139,0.9994603348459139,0.3095737279963272,0.23692944160191204,0.9157788300216616,223.79874001782522,235.58079062301886,111.26093745397448,38.723314360335955,95.70937721568149
ID_12_le_OA_gaitinitiation_0_bl3_GO0015,12,OA,False,early,327.0,02_ri_gastroc_med,0.7012546327576471,0.09313796688482777,0.3067432057688826,0.21050165484932926,0.5065918858359847,0.9995765504341323,0.9995765504341323,0.504781870731228,0.7961119888167324,0.7567656517730071,244.1596953991191,448.9961348587955,247.5556903668744,263.6050275397901,89.56977305980064
ID_12_le_OA_gaitinitiation_0_bl3_GO0015,12,OA,False,early,327.0,03_ri_tib_ant,0.5778520331095842,0.05470874937879004,0.03182740470265288,0.09090076210081412,0.38156412922153216,0.9993177489917169,0.9993177489917169,0.10185235680835122,0.4923879706566914,0.7779229196648713,201.46281960274405,263.5616282872963,25.632874225009672,113.83754051313267,67.46082552651767
ID_12_le_OA_gaitinitiation_0_bl3_GO0015,12,OA,False,early,327.0,06_le_tib_ant,0.12840075344755686,0.03010522249641331,0.09848596304050711,0.09363543167098066,0.16134938819280398,0.19491029638500457,0.2961780801801865,0.1769911254680944,0.2961780801801865,0.19491029638500457,44.70013140538434,145.17797975585694,79.43936234751482,117.35199780890832,28.59371006002113
ID_12_le_OA_gaitinitiation_0_bl3_GO0015,12,OA,False,early,327.0,07_le_soleus,0.42138621344877114,0.08824631133268863,0.11920494145381853,0.05770689000368804,0.08436376607535986,0.9990346917266111,0.9990346917266111,0.2294388093086513,0.6969407423061595,0.3121512444499774,146.66687193862174,425.5687578511691,96.25002790708777,71.97179902292282,14.822422472659385
ID_12_le_OA_gaitinitiation_0_bl3_GO0015,12,OA,False,early,327.0,08_le_gastroc_med,0.49647254811895014,0.04969623471727409,0.08902289976737482,0.02173349840446561,0.19117628355258448,0.9992547220605978,0.9992547220605978,0.15669915409255036,0.3868815381284666,0.6251406610561674,173.044921886846,239.44432306119046,71.88611204083728,27.039006890475243,33.6871874297121
ID_12_le_OA_gaitinitiation_0_bl4_GO0003,12,OA,False,late,339.0,01_ri_soleus,0.08586654617878793,0.033805656523459016,0.3453247735878149,0.039972882960276686,0.44267503067449765,0.46727398163941325,0.3718668412282336,0.999425669112646,0.0930821779682462,0.46727398163941325,33.66024082874811,238.2224133047152,391.23312279831293,51.05143985475193,8.409941102813756
ID_12_le_OA_gaitinitiation_0_bl4_GO0003,12,OA,False,late,339.0,02_ri_gastroc_med,0.4137137833455739,0.07042790848027342,0.5320474745403505,0.18351549910566292,0.30680564863718757,0.7708721592777801,0.7708721592777801,0.9991249366791554,0.6879983342947077,0.335940984472913,162.89255064078077,496.59920721166316,602.9007059909464,234.1760734287485,5.827451080366467
ID_12_le_OA_gaitinitiation_0_bl4_GO0003,12,OA,False,late,339.0,03_ri_tib_ant,0.08263530288728203,0.038792880267511175,0.20925335609108528,0.16916671309455794,0.2348135368109905,0.2543709443072507,0.9994367023384999,0.6540161258151993,0.9994367023384999,0.2543709443072507,32.4856304550897,273.50586492043266,237.11875002838673,216.1744405916233,4.460515013706556
ID_12_le_OA_gaitinitiation_0_bl4_GO0003,12,OA,False,late,339.0,06_le_tib_ant,0.11998722122170472,0.05721301408714486,0.2516697412548076,0.2322249358175002,0.21149111880958488,0.2626074476504895,0.5402278054369076,0.5736284229193008,0.5402278054369076,0.22383016268219116,47.14216527895235,403.42584342169795,285.0848138096847,296.6422033986936,4.017936568427875
ID_12_le_OA_gaitinitiation_0_bl4_GO0003,12,OA,False,late,339.0,07_le_soleus,0.4177419153789594,0.09894370924394895,0.1844559660020256,0.04547042436580059,0.33899613303407483,0.8305244482594023,0.8305244482594023,0.4446707647810129,0.1551607308204197,0.36458168649907774,164.8693129700065,697.6167681586028,208.919957612146,58.063366209365235,6.439846297192243
ID_12_le_OA_gaitinitiation_0_bl4_GO0003,12,OA,False,late,339.0,08_le_gastroc_med,0.4219450794661737,0.04215266781185494,0.0767308621556392,0.015978872022916115,0.6056773182449224,0.9993207014800131,0.9993207014800131,0.494031944626862,0.0540449650959252,0.6433556155953724,166.41361466499126,296.9580458422551,86.70003489030258,20.411916215886887,11.507807769871718
ID_12_le_OA_gaitinitiation_0_bl4_GO0004,12,OA,False,late,321.5,01_ri_soleus,0.33397696897577583,0.040913605825799344,0.2288583904068689,0.03230948513160803,0.9101944118729577,0.9994120387604118,0.9994120387604118,0.8140377934602983,0.11958835463452466,0.9541703864168916,153.52823600479417,370.58817435859015,221.74245014839738,40.13107930145148,30.042170066752142
ID_12_le_OA_gaitinitiation_0_bl4_GO0004,12,OA,False,late,321.5,02_ri_gastroc_med,0.48689671155129294,0.05399905723032519,0.3849710711019174,0.12854794665068028,0.42248877859508716,0.6379601044723292,0.6379601044723292,0.6011452452859681,0.5775674225487839,0.4329763556626468,223.98109653497335,489.5640838787609,373.4855885444181,159.517838065749,13.94208236689805
ID_12_le_OA_gaitinitiation_0_bl4_GO0004,12,OA,False,late,321.5,03_ri_tib_ant,0.17394491593161399,0.033455147820404395,0.23139592528492997,0.1463234303381185,0.30398897171553807,0.3062340221891257,0.7854467367853027,0.40588629921041824,0.7854467367853027,0.3062340221891257,80.03361092356268,303.284904007935,224.47207771439668,181.87408946579774,10.032232042136732
ID_12_le_OA_gaitinitiation_0_bl4_GO0004,12,OA,False,late,321.5,06_le_tib_ant,0.05916300304983725,0.01599340806205868,0.09309673991537683,0.07265756831607675,0.12022201414499539,0.1261794249699378,0.19832701354338167,0.133031441593928,0.19832701354338167,0.1261794249699378,27.17440905316022,145.0033155890402,90.28012889872991,90.27562991524113,3.968178583419783
ID_12_le_OA_gaitinitiation_0_bl4_GO0004,12,OA,False,late,321.5,07_le_soleus,0.4224281231594122,0.06396725902240949,0.07444750497162628,0.0331171341276846,0.15536543651500656,0.9990636403543911,0.9990636403543911,0.13358095966445155,0.09925891751787422,0.20577229817761516,194.68039163393397,580.0589493371058,72.18291603644332,41.13517794248583,5.121607000155867
ID_12_le_OA_gaitinitiation_0_bl4_GO0004,12,OA,False,late,321.5,08_le_gastroc_med,0.3855710092002457,0.037165329302520214,0.05255686466780427,0.013872695410384198,0.16748971673720958,0.9991319280763609,0.9991319280763609,0.16699139855338188,0.049930898687390576,0.22118811828994295,177.70569854785322,336.96346919113427,50.90334615766475,17.237934726682276,5.521613480887133
ID_12_le_OA_gaitinitiation_0_bl4_GO0012,12,OA,False,early,344.5,01_ri_soleus,0.5012147511164122,0.03024716135964259,0.09290319044552234,0.023265052640584146,0.5349606424047588,0.999378211266371,0.8246032494128539,0.13054886408562866,0.09254220154574708,0.999378211266371,253.03001754887498,206.39766378346187,67.15379164175134,29.93409787985336,189.97596375641646
ID_12_le_OA_gaitinitiation_0_bl4_GO0012,12,OA,False,early,344.5,02_ri_gastroc_med,0.6216554549926893,0.06252215454335143,0.3253761489749779,0.08637840958364809,0.5167518741007807,0.9995531790663417,0.9995531790663417,0.5394317172168452,0.5266782525930523,0.9285418192179632,313.38133522501,427.0472292576663,235.20028485601296,111.04348927008625,183.2177316767564
ID_12_le_OA_gaitinitiation_0_bl4_GO0012,12,OA,False,early,344.5,03_ri_tib_ant,0.372067215498014,0.047806076348593476,0.09926101924164232,0.16647747194270185,0.3293124431615872,0.7013223845244169,0.9993405683479388,0.1904760044974142,0.9993405683479388,0.6907227129552478,187.73015175488388,326.5451370889811,71.76757200619627,214.50687723837117,116.802763379355
ID_12_le_OA_gaitinitiation_0_bl4_GO0012,12,OA,False,early,344.5,06_le_tib_ant,0.06466552426857258,0.00832323675269005,0.0654743280656481,0.03397231798323041,0.08385018253774942,0.10719919201700796,0.10687868790026396,0.08715509842944472,0.10687868790026396,0.10719919201700796,32.61042052712422,56.89370780929882,47.34323215526261,43.78385501189157,29.790358626830965
ID_12_le_OA_gaitinitiation_0_bl4_GO0012,12,OA,False,early,344.5,07_le_soleus,0.223096276284752,0.04978946807062914,0.13164746527249693,0.031460399771453526,0.10983696245572033,0.5676712506046693,0.5676712506046693,0.34962443780335994,0.30746813491591685,0.3825035489327272,112.34389407093924,340.2340777445771,95.0958551540035,40.3689272505597,38.74778627072215
ID_12_le_OA_gaitinitiation_0_bl4_GO0012,12,OA,False,early,344.5,08_le_gastroc_med,0.26026545855048216,0.031016570581767332,0.14797651823376495,0.01715527667466605,0.10644060858743742,0.7548753626564191,0.7548753626564191,0.46250355484783867,0.31377364496486154,0.5535943356381837,131.1642062712087,211.7967373269549,107.02016980816632,21.927160339904674,37.50645313831577
ID_12_le_OA_gaitinitiation_0_bl4_GO0014,12,OA,False,early,333.0,01_ri_soleus,0.620847697005126,0.037730393683027476,0.16884172457141378,0.035369413638749465,0.6430654649987267,0.9992493414020787,0.9899084586308993,0.38916931198819926,0.15227092227524547,0.9992493414020787,217.0267349654229,332.5315432269516,144.12045198003221,44.69535014878155,120.84545804454841
ID_12_le_OA_gaitinitiation_0_bl4_GO0014,12,OA,False,early,333.0,02_ri_gastroc_med,0.6411696965203427,0.04273852009914094,0.23376172488027241,0.13400612788092323,0.42055139284609294,0.9995380121314736,0.9995380121314736,0.36731984414857577,0.6743050578709768,0.7932568431187044,223.93364261241405,376.83504163665737,199.69105770075313,169.30325944066868,78.9479168297474
ID_12_le_OA_gaitinitiation_0_bl4_GO0014,12,OA,False,early,333.0,03_ri_tib_ant,0.6332890217557807,0.039688334048604675,0.10517590253257833,0.11323712591732801,0.41580554856680857,0.9997039076698583,0.9997039076698583,0.1798725572641592,0.5629900187595622,0.8430448781436348,221.2838450816701,349.88730316435294,89.79120361860777,143.08168054214107,78.06213373505301
ID_12_le_OA_gaitinitiation_0_bl4_GO0014,12,OA,False,early,333.0,06_le_tib_ant,0.11257738694135883,0.009742286656530692,0.09642782923419903,0.04771233492294374,0.17903519856207817,0.21717051839098583,0.18783017500861776,0.17489451116460908,0.18783017500861776,0.21717051839098583,39.31547773675079,85.94679985925234,82.30211533938402,60.39041107141906,33.71483526614692
ID_12_le_OA_gaitinitiation_0_bl4_GO0014,12,OA,False,early,333.0,07_le_soleus,0.4405899970520801,0.09170903020039274,0.17794102636670878,0.07362172079214581,0.1263635399907199,0.9993486670271585,0.9993486670271585,0.2423886134752883,0.7906741419013118,0.37917419953953335,153.76579678414862,809.2679111993086,152.0180403029106,92.76519945174203,23.655958712032568
ID_12_le_OA_gaitinitiation_0_bl4_GO0014,12,OA,False,early,333.0,08_le_gastroc_med,0.4034469364788542,0.04388673604106324,0.16690628401537036,0.03013743286848706,0.2164575465706191,0.7415027348241858,0.7415027348241858,0.48907771138772815,0.3310387562276442,0.5558922334814042,141.02401479011087,387.09204452645076,142.4508156799319,37.95403666641393,40.61905226111562
ID_13_le_OA_gaitinitiation_0_bl2_GO0005,13,OA,True,early,496.0,01_ri_soleus,0.15198258720514415,0.15408008743085397,0.10997104334001492,0.15782225016382512,0.007693558097699147,0.3307776577419758,0.43853523669645467,0.29790481193006835,0.43853523669645467,0.01807622930258529,47.46155424479031,2042.2675783941495,71.53226390546202,251.09299536223435,0.3727646315187367
ID_13_le_OA_gaitinitiation_0_bl2_GO0005,13,OA,True,early,496.0,02_ri_gastroc_med,0.23632193582505914,0.15677380709457223,0.1143455121624595,0.15150331622966826,0.09008735321185275,0.4502195253525508,0.4502195253525508,0.18278558439167658,0.32356595995569826,0.10180037560849146,73.74664552964833,2077.918200799976,74.31745135400983,240.96513547639844,4.4123783673442825
ID_13_le_OA_gaitinitiation_0_bl2_GO0005,13,OA,True,early,496.0,03_ri_tib_ant,0.026146456670786133,0.007753783051069367,0.007500732851986422,0.019079592938122874,0.02000029945228976,0.07008344117725283,0.08622244235717816,0.019231758964237115,0.08622244235717816,0.020159608132383783,8.137909524336644,102.76320723774413,4.870861860693882,30.335612803675925,0.9802795786651824
ID_13_le_OA_gaitinitiation_0_bl2_GO0005,13,OA,True,early,496.0,06_le_tib_ant,0.03286034848909537,0.0072163694937483385,0.015786775246629633,0.03130065089650884,0.008531110252205938,0.16410687123834866,0.2016638686753695,0.02733303711602158,0.2016638686753695,0.013029914814063714,10.192804068759164,95.65022547721904,10.26359858550596,49.74089594704666,0.4178829631168153
ID_13_le_OA_gaitinitiation_0_bl2_GO0005,13,OA,True,early,496.0,07_le_soleus,0.5374376358400287,0.09803038246448034,0.174483820898694,0.10806078690318202,0.21987077119227455,0.7868287220942921,0.7868287220942921,0.24148703419433856,0.45974627656563083,0.2593794180469383,167.88271313922755,1299.2330452228477,113.44095834537298,171.73791365845017,10.768037250640097
ID_13_le_OA_gaitinitiation_0_bl2_GO0005,13,OA,True,early,496.0,08_le_gastroc_med,0.4729386133594394,0.06571886849999715,0.0904704715323326,0.08770657704229784,0.17705082652938986,0.7147420292155806,0.7147420292155806,0.1361543103919016,0.45066743557925915,0.21169656211395674,147.72281507690656,870.9735604365062,58.79028755536902,139.35590261503205,8.671103551999416
ID_13_le_OA_gaitinitiation_0_bl1_GO0006,13,OA,True,early,333.0,01_ri_soleus,0.40414972733868837,0.0531972876307839,0.16853114986627352,0.0161883047291173,0.3117664048546818,0.9994895558200648,0.9994895558200648,0.22627591709242784,0.049294694525065796,0.7505796347458725,307.506689667494,585.3998783561786,106.85840234992708,20.4964486772553,128.9343433062374
ID_13_le_OA_gaitinitiation_0_bl1_GO0006,13,OA,True,early,333.0,02_ri_gastroc_med,0.3908080544519432,0.025562297036571657,0.0965155770719528,0.010973611553669414,0.3252743721458882,0.9996256365493004,0.9996256365493004,0.13927122332269587,0.022428621766692133,0.9190882724940886,297.33648734730923,281.0176125538237,61.189828685665915,13.889123591890021,134.4530301117603
ID_13_le_OA_gaitinitiation_0_bl1_GO0006,13,OA,True,early,333.0,03_ri_tib_ant,0.2413385512955257,0.0337254355466772,0.009800042261254182,0.15214644626507481,0.06452534720442639,0.9995159924324145,0.9995159924324145,0.028893821703390936,0.7846252321459968,0.1491781626446252,183.24267033713812,371.3948605909743,6.212772917467092,192.2119655092468,26.78024205805759
ID_13_le_OA_gaitinitiation_0_bl1_GO0006,13,OA,True,early,333.0,06_le_tib_ant,0.3093745886643092,0.01411943949736012,0.08870027769448266,0.020849719558973606,0.2915697347661906,0.999449342566017,0.999449342566017,0.15250848683293566,0.10657231720288318,0.9537405548997491,235.34667645812956,154.99832306734947,56.21656522305081,26.38271632681867,120.44309821253037
ID_13_le_OA_gaitinitiation_0_bl1_GO0006,13,OA,True,early,333.0,07_le_soleus,0.3199825587504646,0.05597262145162348,0.07279101754774316,0.028972624256346856,0.4559794232255019,0.9991790195821025,0.32012110421218165,0.12657371608173834,0.05981124534348249,0.9991790195821025,243.45282807132858,616.3334781368696,46.11093883305053,36.647025147584856,189.16270701676143
ID_13_le_OA_gaitinitiation_0_bl1_GO0006,13,OA,True,early,333.0,08_le_gastroc_med,0.26402504754728084,0.022983280682792716,0.04479781493406106,0.01600539661412823,0.3867982882523902,0.6685493218351984,0.1870326196701675,0.0894939543651504,0.026832867857320298,0.6685493218351984,200.8700533107789,252.98463983431742,28.386999663055622,20.246068994306796,160.37619184374455
ID_13_le_OA_gaitinitiation_0_bl1_GO0009,13,OA,True,early,420.5,01_ri_soleus,0.15773123982057313,0.25070213541820124,0.10636318727884454,0.26095561603094264,0.15346593400236455,0.3191295287140093,0.9415635428527921,0.3673151901628133,0.9415635428527921,0.3191295287140093,86.38062616876012,1816.5976922202522,64.79590378464962,375.88603332907945,21.763474769343624
ID_13_le_OA_gaitinitiation_0_bl1_GO0009,13,OA,True,early,420.5,02_ri_gastroc_med,0.21751104282495806,0.2810970676970078,0.14276115095433395,0.2851057721965898,0.2753253581755038,0.3128435501453418,0.9990479998346272,0.31386702563463376,0.9990479998346272,0.3128435501453418,119.17296216736388,2036.8980402606148,87.02214667231362,410.67298775547397,39.08811668779816
ID_13_le_OA_gaitinitiation_0_bl1_GO0009,13,OA,True,early,420.5,03_ri_tib_ant,0.0038313342318127977,0.029139931456749733,1.4544280141160276e-05,0.00012857212914791198,0.0035428678816344043,0.010222712214221464,0.9994128263577284,0.0005765926518579864,0.0006726998948238061,0.006854417301625346,2.1030604749839643,211.1735003824206,0.008537333128871328,0.18523995448570174,0.5027336071986006
ID_13_le_OA_gaitinitiation_0_bl1_GO0009,13,OA,True,early,420.5,06_le_tib_ant,0.29432188906824863,0.050299523239718445,0.1072307131779224,0.1410643779435985,0.1341663278515545,0.7897449831175478,0.7897449831175478,0.19098166370966072,0.6176187989452546,0.1653065685006979,161.33601539642058,364.4883171554143,65.357273882818,203.09289520004054,19.08863467141331
ID_13_le_OA_gaitinitiation_0_bl1_GO0009,13,OA,True,early,420.5,07_le_soleus,0.4081606687644791,0.03543667852281118,0.036675980606827426,0.012162424617293244,0.5427083905655768,0.9993313220770433,0.9993313220770433,0.10713301242650211,0.03128380830724528,0.974991528236635,224.0015549496528,256.30892147662354,22.319711041086045,17.5035634336853,77.0507586066262
ID_13_le_OA_gaitinitiation_0_bl1_GO0009,13,OA,True,early,420.5,08_le_gastroc_med,0.45088734731573943,0.043445302231402055,0.06589638693964768,0.01885443302498322,0.44290471679040855,0.9997970405684342,0.9997970405684342,0.1076962781024277,0.03015943835046727,0.8770974824200334,247.47459221339545,314.38546021709806,40.18859501617993,27.15186594339213,62.829992425924125
ID_13_le_OA_gaitinitiation_0_bl1_GO0015,13,OA,False,late,760.0,01_ri_soleus,0.21339513424615544,0.0412737171935381,0.3741905164118262,0.040367686678759736,0.5712177146774821,0.9706723537577668,0.1451780971765472,0.9354448113986937,0.1451780971765472,0.9706723537577668,211.16197812488184,253.85055879035755,415.2507681068897,85.49460125064545,205.74226804485016
ID_13_le_OA_gaitinitiation_0_bl1_GO0015,13,OA,False,late,760.0,02_ri_gastroc_med,0.2180209200636311,0.012809229206478404,0.2606036724898926,0.012810159717210312,0.5744549310449035,0.9994620273940147,0.05344615843935765,0.6834417162143465,0.05344615843935765,0.9994620273940147,215.89946281993798,78.76291196685835,289.1637376312328,27.13385472368659,206.9971518596924
ID_13_le_OA_gaitinitiation_0_bl1_GO0015,13,OA,False,late,760.0,03_ri_tib_ant,0.1580826276099632,0.013829818172126335,0.33991627117204964,0.011127277167550399,0.2776820736501491,0.3279863248813273,0.19166731272090165,0.9998785279536968,0.07967266530929143,0.3279863248813273,156.71578200973084,84.9670909199495,377.18059003544136,23.589766133372393,100.0402121422348
ID_13_le_OA_gaitinitiation_0_bl1_GO0015,13,OA,False,late,760.0,06_le_tib_ant,0.34335295872025506,0.04233363002440345,0.37852638087529383,0.055707390314716734,0.5525969582217103,0.9998561674999955,0.4644988301997741,0.9756736669993241,0.40582700789611914,0.9998561674999955,339.91041397777235,260.3370783442181,420.018039260349,117.8933309844642,198.9419781221373
ID_13_le_OA_gaitinitiation_0_bl1_GO0015,13,OA,False,late,760.0,07_le_soleus,0.39319042950814365,0.06373783513626465,0.12842348442074708,0.02075051136446006,0.4481296736397555,0.9992378181904089,0.9992378181904089,0.46716028480609717,0.04641479705277282,0.6870378018981733,390.0007720280312,391.69782314105,142.56613656959806,43.97005078192154,161.3934565136407
ID_13_le_OA_gaitinitiation_0_bl1_GO0015,13,OA,False,late,760.0,08_le_gastroc_med,0.13884510051183044,0.020065517629085143,0.1060633723532889,0.011916434639541949,0.20189645179019144,0.35455481823008916,0.2857894993414231,0.2399484518381958,0.03753438865510062,0.35455481823008916,137.66984223443475,123.27223325651696,117.7285469518229,25.24506141629825,72.68583981185901
ID_13_le_OA_gaitinitiation_0_bl1_GO0016,13,OA,False,late,984.0,01_ri_soleus,0.3962404695912122,0.043095234342656386,0.344443988098033,0.03345522560407331,0.8815984028289285,0.9992139412244232,0.7844119502427195,0.6311779253104619,0.10870463800269685,0.9992139412244232,164.5155724504127,527.3656135554627,380.6300882120681,85.90551239021995,120.03870754526673
ID_13_le_OA_gaitinitiation_0_bl1_GO0016,13,OA,False,late,984.0,02_ri_gastroc_med,0.4511456616720527,0.018788087100731668,0.28922127391610564,0.01565682735886887,0.9264473696356467,0.9995413637160067,0.8538127138230103,0.7727127937598017,0.037566131011077655,0.9995413637160067,187.28905752127355,229.65287413379272,319.4639495810335,40.20751319182925,126.08752901253
ID_13_le_OA_gaitinitiation_0_bl1_GO0016,13,OA,False,late,984.0,03_ri_tib_ant,0.18081128487940307,0.01260897445033984,0.2940027313975561,0.04059668459195362,0.3179708923446925,0.42133298691136806,0.25122683923940536,0.9996542390952434,0.25122683923940536,0.42133298691136806,74.96949130822375,154.32526036777097,324.52241603453126,104.21558813588162,43.25298437355698
ID_13_le_OA_gaitinitiation_0_bl1_GO0016,13,OA,False,late,984.0,06_le_tib_ant,0.39624369722201,0.021558192825317023,0.2934789636886483,0.08470493036645389,0.8851179492147024,0.9997601994542105,0.6266596363993882,0.988904390276583,0.3807285256060687,0.9997601994542105,164.32768166135628,263.69930628267997,324.05277469812336,217.50856035526107,120.43845002054327
ID_13_le_OA_gaitinitiation_0_bl1_GO0016,13,OA,False,late,984.0,07_le_soleus,0.2659629102206752,0.04837709380450679,0.27761900561654806,0.06119549587572753,0.021636462336787787,0.5683987746281383,0.5683987746281383,0.9997774810000347,0.3667252933387539,0.0752811146486189,110.50544912898272,592.4162794828077,306.8350296622685,157.00821780597647,2.919590897855059
ID_13_le_OA_gaitinitiation_0_bl1_GO0016,13,OA,False,late,984.0,08_le_gastroc_med,0.2340707852770656,0.026177236481867188,0.1814292159613541,0.035549412778199126,0.17972356851388052,0.32164910476769853,0.32164910476769853,0.5283416351099832,0.16455029869564816,0.20242928035427296,97.21215665190219,320.47779280163775,200.51331376184493,91.19987887467295,24.44564862967653
ID_13_le_OA_gaitinitiation_0_bl2_GO0009,13,OA,False,late,295.5,01_ri_soleus,0.07387886159950312,0.08283913510355266,nan,0.10505224065117405,0.10411309930920888,0.21452749992921802,0.3956655423566484,nan,0.3956655423566484,0.21070630176476932,24.086726762615157,898.2811474868805,0.0,124.99534319373896,7.786405601060087
ID_13_le_OA_gaitinitiation_0_bl2_GO0009,13,OA,False,late,295.5,02_ri_gastroc_med,0.1289223730828163,0.017334226726763154,nan,0.030766594077905576,0.35447107162681085,0.5616836394489391,0.13933121989265276,nan,0.11935307692631729,0.5616836394489391,42.05878138320173,187.8891910463472,0.0,36.57952351806742,26.56297150210086
ID_13_le_OA_gaitinitiation_0_bl2_GO0009,13,OA,False,late,295.5,03_ri_tib_ant,0.5721659677861194,0.022122162829185176,nan,0.0800893478035094,0.9441146256183138,0.9994868682955393,0.9732935979541313,nan,0.3671711945603189,0.9994868682955393,187.84383531971048,239.3041620858792,0.0,95.38892812411854,70.8590585947238
ID_13_le_OA_gaitinitiation_0_bl2_GO0009,13,OA,False,late,295.5,06_le_tib_ant,0.3990342834111391,0.054875495573687934,nan,0.3423826427536036,0.2762388464311705,0.9758298418637175,0.9994864096850294,nan,0.9994864096850294,0.39757453198896653,130.58869922445444,594.7563191429695,0.0,407.29034418177724,20.71438440409394
ID_13_le_OA_gaitinitiation_0_bl2_GO0009,13,OA,False,late,295.5,07_le_soleus,0.46577786766384566,0.06650833911897476,nan,0.0627836549338585,0.4504404159391645,0.7226888214280863,0.999090153573732,nan,0.3103796009211135,0.5490768575503583,153.04402242586602,720.91898438349,0.0,74.72758696458133,33.78444065639386
ID_13_le_OA_gaitinitiation_0_bl2_GO0009,13,OA,False,late,295.5,08_le_gastroc_med,0.2611400195585028,0.04457748362681545,nan,0.07520474991081778,0.3076796958820353,0.36043201825584514,0.5555391154464032,nan,0.2792239498480713,0.35498360239362675,85.68412829718991,483.1733900397022,0.0,89.44616382654874,23.085555808918205
ID_13_le_OA_gaitinitiation_0_bl2_GO0014,13,OA,False,early,323.0,01_ri_soleus,0.6528975041995202,0.08570259221469534,0.4377814093643401,0.027268200340259233,0.768377273876367,0.9997810426993519,0.9862320536577638,0.618579510877772,0.0925120386858332,0.9997810426993519,282.3997669810077,759.4255173881907,411.9938162738781,33.93149823343164,162.1090400003235
ID_13_le_OA_gaitinitiation_0_bl2_GO0014,13,OA,False,early,323.0,02_ri_gastroc_med,0.5732013416224563,0.048745628112211385,0.23562426653216836,0.0180589348020243,0.6871277549023501,0.9996726470069491,0.9876587718060161,0.34826038020709044,0.03343106584557432,0.9996726470069491,248.02373118881854,431.7237096765561,221.7176064894863,22.483210487078452,145.010496895495
ID_13_le_OA_gaitinitiation_0_bl2_GO0014,13,OA,False,early,323.0,03_ri_tib_ant,0.34538494283621957,0.06530280344348392,0.14387721971893472,0.2959981788549961,0.4249182402438447,0.7768417385529973,0.9998274794032378,0.4515139577632712,0.9998274794032378,0.553536888172743,148.91964138755912,578.9718083260551,135.30073162200543,368.4101771716151,89.78227404954029
ID_13_le_OA_gaitinitiation_0_bl2_GO0014,13,OA,False,early,323.0,06_le_tib_ant,0.42439610543254697,0.03955984080551397,0.1395488132109595,0.0727075211787065,0.8088159186904329,0.9994005753698818,0.7366775564625172,0.654912626215709,0.31368856190422373,0.9994005753698818,183.44577952367285,350.5481316776061,131.12155811235408,90.60687072930831,170.92421118086557
ID_13_le_OA_gaitinitiation_0_bl2_GO0014,13,OA,False,early,323.0,07_le_soleus,0.10155168407816126,0.05804730550059506,0.437635131280061,0.061621887711447026,0.14532109344508046,0.5906190899473329,0.4675213533149896,0.9996859392159164,0.3005406089976623,0.5906190899473329,43.54914156128612,514.7127065207327,411.8303616910061,76.6543435607826,30.5095826533182
ID_13_le_OA_gaitinitiation_0_bl2_GO0014,13,OA,False,early,323.0,08_le_gastroc_med,0.06357943244451954,0.005418157153934879,0.23782150427190663,0.0025923869748684923,0.10038823530259906,0.3901770488272175,0.08062235389415522,0.999721237210764,0.012701839404845608,0.3901770488272175,27.314735010753157,48.02925710633009,223.8066380618667,3.222748161682244,21.06088364759641
ID_13_le_OA_gaitinitiation_0_bl4_GO0010,13,OA,False,early,310.5,01_ri_soleus,0.35350839730180744,0.03581718647717143,0.14169644121826255,0.043630622452569164,0.4453657806641344,0.9995217662223187,0.1846459777881313,0.2658893943671599,0.1846459777881313,0.9995217662223187,273.10277066407315,386.1743761622173,118.27101159216605,53.23838800723596,272.4245971135015
ID_13_le_OA_gaitinitiation_0_bl4_GO0010,13,OA,False,early,310.5,02_ri_gastroc_med,0.33824060613132784,0.012208178866453171,0.1305718943651661,0.03297265698042519,0.42160938628637995,0.999284809967104,0.14741229615694895,0.22058164053754298,0.14741229615694895,0.999284809967104,261.3225793406203,131.63221504142751,109.0359175597816,40.21845243061928,257.92985773745323
ID_13_le_OA_gaitinitiation_0_bl4_GO0010,13,OA,False,early,310.5,03_ri_tib_ant,0.26889388263262315,0.03315879693822708,0.007980127412515702,0.2400950509986942,0.25163224393502365,0.45232901906174733,0.9996298730102469,0.019087651961216805,0.9996298730102469,0.45232901906174733,207.76356695983526,357.31080201582154,6.658718017642856,293.0757251058408,153.78210841697395
ID_13_le_OA_gaitinitiation_0_bl4_GO0010,13,OA,False,early,310.5,06_le_tib_ant,0.611647509507168,0.03911404311300784,0.17887825995745046,0.2726335773886114,0.6337747510820997,0.9996645207641558,0.6545462689614109,0.6751431678483917,0.6545462689614109,0.9996645207641558,472.176768068138,421.4909965624477,149.12846895239437,332.60840002549446,387.2851113750065
ID_13_le_OA_gaitinitiation_0_bl4_GO0010,13,OA,False,early,310.5,07_le_soleus,0.32547457825998055,0.0429720652110131,0.37664985417262237,0.024008599310827074,0.40665676132990725,0.9994834432495097,0.1461101454068529,0.669894300933054,0.06210159006905008,0.9994834432495097,251.51531434302615,463.2291214652025,314.71585759742266,29.310208742863907,248.70490509182443
ID_13_le_OA_gaitinitiation_0_bl4_GO0010,13,OA,False,early,310.5,08_le_gastroc_med,0.36763288068103966,0.044345745630564204,0.3020984252917496,0.10103657439370473,0.4046284114996628,0.8003566944302684,0.32618925625495343,0.6364339253657215,0.21705747251195776,0.8003566944302684,283.9169442540042,477.95689377403113,252.33627257793864,123.25552920282979,247.29531409354442
ID_13_le_OA_gaitinitiation_0_bl4_GO0012,13,OA,True,late,318.0,01_ri_soleus,0.2887829101610312,0.17577367922953335,0.23781851813016294,0.2008412010990068,nan,0.6391664718755996,0.9004831610225141,0.9004831610225141,0.7746883258763851,nan,45.213782952309984,1205.807884035357,255.02100301393276,248.08492344463198,0.0
ID_13_le_OA_gaitinitiation_0_bl4_GO0012,13,OA,True,late,318.0,02_ri_gastroc_med,0.34988751001982893,0.08329299237135188,0.3494210159065868,0.12049548077254502,nan,0.5532137547680525,0.8602432927004671,0.9998359485721957,0.42614969933564567,nan,54.83430262651552,571.181302824198,374.91458119293844,148.72429525898423,0.0
ID_13_le_OA_gaitinitiation_0_bl4_GO0012,13,OA,True,late,318.0,03_ri_tib_ant,0.5726140618893506,0.04639230391585412,0.3804330038316737,0.12694002762926737,nan,0.809171974618512,0.9270706814119564,0.9999240186645502,0.5514430049691794,nan,89.95178105337646,317.9224417273342,408.1652021295337,156.7865355901131,0.0
ID_13_le_OA_gaitinitiation_0_bl4_GO0012,13,OA,True,late,318.0,06_le_tib_ant,0.14116634749922152,0.04830931703335809,0.07232551144356492,0.23660944807371,nan,0.35058044688629614,0.866422193033857,0.2728699855025081,0.866422193033857,nan,22.0551618534267,331.41818863086576,77.61069125228134,292.25846438832815,0.0
ID_13_le_OA_gaitinitiation_0_bl4_GO0012,13,OA,True,late,318.0,07_le_soleus,0.8443477673044526,0.06738152211461058,0.4602832381148226,0.09976856376351875,nan,0.999356758002959,0.999356758002959,0.7114453177138967,0.5246611770299678,nan,132.7986978465138,462.20229167870207,493.73469989224213,123.06611368236818,0.0
ID_13_le_OA_gaitinitiation_0_bl4_GO0012,13,OA,True,late,318.0,08_le_gastroc_med,0.04085791117816662,0.006440281453263675,0.048343884215379745,0.011538374862877511,nan,0.05236741790057738,0.05236741790057738,0.06936746283700548,0.03723783404492335,nan,6.418845739260977,44.174356436712614,51.8636090009303,14.24936406836098,0.0
ID_13_le_OA_gaitinitiation_0_bl4_GO0016,13,OA,False,late,386.5,01_ri_soleus,0.3428356783689436,0.04880436256898215,0.08694200308707774,0.05312887024634586,0.4682727336241694,0.9992834818703826,0.9826779376706423,0.16266485639008205,0.14731144182679481,0.9992834818703826,260.1411625036314,640.7442241914124,70.33116995996367,72.93052746303013,183.46223777456487
ID_13_le_OA_gaitinitiation_0_bl4_GO0016,13,OA,False,late,386.5,02_ri_gastroc_med,0.3503693804011174,0.024130781613231216,0.06285413509699579,0.026458975086919377,0.49960727063904753,0.9997167431351694,0.8472636964908695,0.10435792593051885,0.11090638529928776,0.9997167431351694,265.9026443540357,316.61286318637366,50.8700374964188,36.321186389322506,195.88301919879177
ID_13_le_OA_gaitinitiation_0_bl4_GO0016,13,OA,False,late,386.5,03_ri_tib_ant,0.42667570855040815,0.04250837797399253,0.025587418855742436,0.012647623148879697,0.27998286481621754,0.999644171216452,0.999644171216452,0.03684011403544028,0.1675284141833444,0.9723220832133048,323.73746007968793,557.8546685791414,20.692843647758504,17.274183432244726,109.52509190155033
ID_13_le_OA_gaitinitiation_0_bl4_GO0016,13,OA,False,late,386.5,06_le_tib_ant,0.46970730883518746,0.05917007521506817,0.23671500461475808,0.3674620552245961,0.6402637907413089,0.7543041109486838,0.9996863127716716,0.42629980881959684,0.9996863127716716,0.7543041109486838,355.9159036798702,776.8238404963987,191.4632690242206,504.1486720017585,251.1421364650804
ID_13_le_OA_gaitinitiation_0_bl4_GO0016,13,OA,False,late,386.5,07_le_soleus,0.29948396785696735,0.06659944557603563,0.0914159202000417,0.015820807500240258,0.20987255993444295,0.9991879583034194,0.9991879583034194,0.19649393437743407,0.05275885116828004,0.9032420353821976,227.2200015233795,874.5873077572911,73.88728395196074,21.711916137127474,81.91776564954827
ID_13_le_OA_gaitinitiation_0_bl4_GO0016,13,OA,False,late,386.5,08_le_gastroc_med,0.28126285221625735,0.06266480726810168,0.08376535340171151,0.05257463553890482,0.25516917940359457,0.7631595218066022,0.9503126192281959,0.1816330593099797,0.09627632585161328,0.683680391585128,213.35159914330654,822.9737177319771,67.71403829914611,72.13056748886903,99.83888726487555
ID_14_le_OA_gaitinitiation_0_bl2_GO0008,14,OA,False,early,1763.5,01_ri_soleus,0.3553312646967993,0.004280587159602394,0.24463543599614887,0.004318305203675594,0.43959683485728207,0.9995263447004847,0.026559179796056247,0.769495521191141,0.026559179796056247,0.9995263447004847,220.99877326130166,37.02060921049696,211.8541615988028,17.807343525150333,220.2382987728206
ID_14_le_OA_gaitinitiation_0_bl2_GO0008,14,OA,False,early,1763.5,02_ri_gastroc_med,0.4028243537596848,0.005876174997020902,0.11275818418850915,0.00545898696460534,0.5063331477141364,0.9997796308978428,0.0782634744323348,0.2264404413321281,0.0782634744323348,0.9997796308978428,250.50082395742692,50.80734876441698,97.59156914862588,22.53169251384018,253.63107801015371
ID_14_le_OA_gaitinitiation_0_bl2_GO0008,14,OA,False,early,1763.5,03_ri_tib_ant,0.09557303408475118,0.03537006659798757,0.08720853667497062,0.06977477449073623,0.09007049923765308,0.2900405878279588,0.7621636097731035,0.2771443765404927,0.7621636097731035,0.2900405878279588,59.271398588370275,305.8175107255783,75.29263776676044,287.92655565416044,44.92263833794179
ID_14_le_OA_gaitinitiation_0_bl2_GO0008,14,OA,False,early,1763.5,06_le_tib_ant,0.4581208086579941,0.046753476862945134,0.25693354153730724,0.08797618874205747,0.5323198170422299,0.9995906218481508,0.7638378355079517,0.7259416363401131,0.7638378355079517,0.9995906218481508,284.5722182453043,404.2617764133169,222.16796798141354,362.98911847913854,266.33618462521576
ID_14_le_OA_gaitinitiation_0_bl2_GO0008,14,OA,False,early,1763.5,07_le_soleus,0.29415712910037217,0.011344260670639861,0.03759677745140563,0.004406521090528609,0.23471872448949935,0.9989611025315075,0.8366592553538708,0.11976872785989282,0.24533701006730277,0.9989611025315075,182.8308555854598,97.66937740223705,32.5308702201967,18.05354672130748,117.15835829618128
ID_14_le_OA_gaitinitiation_0_bl2_GO0008,14,OA,False,early,1763.5,08_le_gastroc_med,0.29220346135669667,0.0337235198058997,0.31098623416612525,0.03602508605568114,0.2013662283991726,0.9357822239811163,0.8790383633495207,0.651448434806638,0.4397500341975108,0.9357822239811163,181.5248022605055,291.1621858097211,269.13323636089376,148.4425196039834,100.44027025734924
ID_14_le_OA_gaitinitiation_0_bl1_GO0003,14,OA,False,early,818.5,01_ri_soleus,0.14316506436803778,0.0215483291017136,0.3082082654219058,0.009060131936236056,0.023254385756396222,0.5804136116701668,0.5804136116701668,0.9993643478786977,0.3210146828336482,0.28798364718555347,77.544994192267,102.81731774877125,417.57657550174076,20.09295995139246,9.150975508204926
ID_14_le_OA_gaitinitiation_0_bl1_GO0003,14,OA,False,early,818.5,02_ri_gastroc_med,0.08865467306683793,0.010667918444869577,0.34283603224148373,0.0059831148313165905,0.04455975886628424,0.24268632560791326,0.24240281874845607,0.9576403397730753,0.1626016576206504,0.24209339472522676,48.035088140931336,50.85958923507164,464.49060867899084,13.300036202565476,17.7270957565108
ID_14_le_OA_gaitinitiation_0_bl1_GO0003,14,OA,False,early,818.5,03_ri_tib_ant,0.07543568806130295,0.07076302097098777,0.16340436635040032,0.14709525700411744,0.0884071809571302,0.18074054022605657,0.999501326362425,0.48209369293823234,0.999501326362425,0.18074054022605657,40.837844363203985,338.18220523680816,221.3683036237125,328.9650797032534,35.42237581378042
ID_14_le_OA_gaitinitiation_0_bl1_GO0003,14,OA,False,early,818.5,06_le_tib_ant,0.2720148597021509,0.058800350636434344,0.5691485096285936,0.10602485209116055,0.3194392120976021,0.5420755534006438,0.7400889507845061,0.9993745408947949,0.7400889507845061,0.5420755534006438,147.37878004144181,280.95585812457045,770.7271458530906,237.0267497615115,127.86505865876285
ID_14_le_OA_gaitinitiation_0_bl1_GO0003,14,OA,False,early,818.5,07_le_soleus,0.61777791853792,0.030145053515202268,0.31255971454177534,0.007563704071006004,0.609161353668435,0.83603090221015,0.83603090221015,0.7581671292247417,0.22881954374171634,0.8241511789841118,335.1437610188948,143.63766258850984,423.1937245723485,16.787002351833674,243.68652302750766
ID_14_le_OA_gaitinitiation_0_bl1_GO0003,14,OA,False,early,818.5,08_le_gastroc_med,0.5599820008461492,0.0264572176394159,0.14287372482186375,0.010345669494660852,0.6584967795052366,0.9997711081773664,0.5553254480289812,0.5120696108526959,0.04421646093787067,0.9997711081773664,303.80223441719704,126.14052192289222,193.32694856029002,23.104205645000462,263.5241581589256
ID_14_le_OA_gaitinitiation_0_bl1_GO0005,14,OA,False,late,847.0,01_ri_soleus,0.22384267405042801,0.00464906208567295,0.04212338974035596,0.00645895568284683,0.32732323268524294,0.9992270135245194,0.07803792408631943,0.05834163749736861,0.07803792408631943,0.9992270135245194,196.0299329394539,41.76787108631558,13.78091148490758,14.77806981382535,192.79117414196236
ID_14_le_OA_gaitinitiation_0_bl1_GO0005,14,OA,False,late,847.0,02_ri_gastroc_med,0.3390494453402294,0.02193251601904209,0.06237044949172133,0.04494756858820915,0.46571953205563776,0.9995970279366715,0.3101225755205915,0.12059099985669715,0.3101225755205915,0.9995970279366715,296.7995766026403,196.9931184831317,20.38350018377773,102.93331577861015,274.26452435568365
ID_14_le_OA_gaitinitiation_0_bl1_GO0005,14,OA,False,late,847.0,03_ri_tib_ant,0.19224783315317032,0.0397991786089785,0.024356719087814928,0.1274396341700101,0.1964051257656235,0.7006208057794845,0.9210292324980027,0.0810083464700842,0.9210292324980027,0.7006208057794845,168.37266039885355,357.087685475391,7.93706254887401,292.35262788078865,115.29004596881681
ID_14_le_OA_gaitinitiation_0_bl1_GO0005,14,OA,False,late,847.0,06_le_tib_ant,0.3652386684952052,0.015441369896402667,0.2557278012848964,0.047385652827855874,0.49964021518964113,0.9995197763519561,0.36433896020911744,0.299679344843998,0.36433896020911744,0.9995197763519561,319.74513171040024,138.65280040274058,83.65643800628455,108.62061962390871,294.1410686095181
ID_14_le_OA_gaitinitiation_0_bl1_GO0005,14,OA,False,late,847.0,07_le_soleus,0.29722689037980976,0.01636576310369315,0.552737858178896,0.005502205328547323,0.2784372233614629,0.9992891157898682,0.9681289055308359,0.8919064822993702,0.01217918112610835,0.9992891157898682,259.96178405206035,146.48395121556194,180.7992397726445,12.62350149960448,163.09140714027632
ID_14_le_OA_gaitinitiation_0_bl1_GO0005,14,OA,False,late,847.0,08_le_gastroc_med,0.27594153460569293,0.038817143535001354,0.2933787804489732,0.02077742732169735,0.1819383299909868,0.9992548417394744,0.9992548417394744,0.4240053452667766,0.07473858576038299,0.8825152321986872,241.55505128352405,348.1056301983232,95.9758013889734,47.6493007014807,106.52593796052724
ID_14_le_OA_gaitinitiation_0_bl1_GO0008,14,OA,False,early,843.5,01_ri_soleus,0.35777755623696994,0.003876279838907431,0.22650493664972343,0.004519833340453607,0.5305898216326361,0.999653567283233,0.03913949157697011,0.988354677735814,0.03913949157697011,0.999653567283233,132.21940435153397,26.39321468328548,209.8824938547483,10.316903051945777,130.0175287268934
ID_14_le_OA_gaitinitiation_0_bl1_GO0008,14,OA,False,early,843.5,02_ri_gastroc_med,0.4069721470908533,0.02468323209700394,0.2210151834274384,0.060633032697770387,0.5241994202172867,0.9994633346414792,0.6845394267423485,0.916794809676737,0.6845394267423485,0.9994633346414792,150.28762118446096,168.13726937903962,204.80391697090502,138.43453708659487,128.48225226834128
ID_14_le_OA_gaitinitiation_0_bl1_GO0008,14,OA,False,early,843.5,03_ri_tib_ant,0.19146281160784095,0.062234492544769746,0.4445169452317141,0.17038505385299313,0.19292007981596299,0.3593119747808021,0.9994621202296173,0.8120383999769365,0.9994621202296173,0.3593119747808021,70.79035625896911,423.78821996873273,412.4585977568446,389.6203929934209,47.11295439384294
ID_14_le_OA_gaitinitiation_0_bl1_GO0008,14,OA,False,early,843.5,06_le_tib_ant,0.28701967952478746,0.04461215713879676,0.4721790295668081,0.10664699162664286,0.3924454619521105,0.8462511866116916,0.5269491494835178,0.999505640788362,0.5269491494835178,0.8462511866116916,105.97188023806592,303.88998527571493,438.0519186543153,243.80552669503686,96.11197424481948
ID_14_le_OA_gaitinitiation_0_bl1_GO0008,14,OA,False,early,843.5,07_le_soleus,0.2852476499585391,0.021416746478666725,0.15057007882863396,0.0355805945819445,0.30547396031680607,0.44093531718514695,0.3950713698419454,0.4917861087657469,0.3950713698419454,0.44093531718514695,105.72185926993727,145.6934080380164,139.81624849503402,81.32692322826833,74.89247300044633
ID_14_le_OA_gaitinitiation_0_bl1_GO0008,14,OA,False,early,843.5,08_le_gastroc_med,0.5341996133919071,0.05796513727887023,0.1698774694709262,0.03966897205158278,0.3791892954690163,0.999511665210021,0.999511665210021,0.7342545053610618,0.42810821749681516,0.9559005626585003,197.94054748357377,394.36290331199854,157.8015460782466,90.4762985472149,92.78346884780427
ID_14_le_OA_gaitinitiation_0_bl1_GO0013,14,OA,False,late,1035.5,01_ri_soleus,0.3563736380097517,0.003428062111819466,nan,0.0037260437628820644,0.7002381469552535,0.9994616121277436,0.11983142084568907,nan,0.02049982715681962,0.9994616121277436,144.95198863020246,38.5797978199153,0.0,9.940259392429756,142.33877957060457
ID_14_le_OA_gaitinitiation_0_bl1_GO0013,14,OA,False,late,1035.5,02_ri_gastroc_med,0.33337039758713655,0.010698527810420938,nan,0.02430800189451313,0.6364038754214211,0.999481627570306,0.21009981704775402,nan,0.21009981704775402,0.999481627570306,135.47366577748966,120.58356612980273,0.0,64.85840771138588,129.30536149859577
ID_14_le_OA_gaitinitiation_0_bl1_GO0013,14,OA,False,late,1035.5,03_ri_tib_ant,0.002588742258075586,0.09977475942770206,nan,0.3287358098797366,0.0009542115368877199,0.005396244680186252,0.9999533838530799,nan,0.9999533838530799,0.002902937995075754,1.0548314384244317,1124.9588547060584,0.0,878.0522310667563,0.1928731597196123
ID_14_le_OA_gaitinitiation_0_bl1_GO0013,14,OA,False,late,1035.5,06_le_tib_ant,0.4204675173959419,0.028852141979779655,nan,0.10101905122945694,0.7442428645383243,0.9994586443881639,0.5918615854846047,nan,0.5918615854846047,0.9994586443881639,171.0605696527048,325.17075809178124,0.0,269.77266806121116,151.2460886378364
ID_14_le_OA_gaitinitiation_0_bl1_GO0013,14,OA,False,late,1035.5,07_le_soleus,0.387559024719245,0.018789299597549537,nan,0.015706794551126505,0.030313694982528786,0.999187854738566,0.999187854738566,nan,0.5995755351666,0.2410057101957968,157.82111130766287,211.71407390967067,0.0,41.638408126500394,6.065018935928742
ID_14_le_OA_gaitinitiation_0_bl1_GO0013,14,OA,False,late,1035.5,08_le_gastroc_med,0.48287937159114575,0.03246773200517075,nan,0.025587319360894947,0.14591329765560748,0.9994217632521002,0.9994217632521002,nan,0.5310289024295388,0.5061015187074277,196.7451733255453,365.8002474714073,0.0,68.05235677040473,29.515729570074406
ID_14_le_OA_gaitinitiation_0_bl2_GO0004,14,OA,False,late,757.0,01_ri_soleus,0.32066612824295937,0.007369440279465847,0.06596808042532855,0.009593548336479504,0.6166042263934243,0.9989704522588051,0.21598104671381338,0.17379659025005306,0.1174789307301097,0.9989704522588051,175.59145829309955,79.45985985221074,53.848630461911725,20.22326304307867,161.96496021055464
ID_14_le_OA_gaitinitiation_0_bl2_GO0004,14,OA,False,late,757.0,02_ri_gastroc_med,0.3361148996298415,0.004445230435370775,0.14830932939221333,0.009337076683938706,0.6630613514029599,0.9991317560761825,0.1607913347172767,0.5010076805686553,0.1607913347172767,0.9991317560761825,183.85416546730423,47.95268438368903,121.04679719191859,19.659992026173068,174.0734765376182
ID_14_le_OA_gaitinitiation_0_bl2_GO0004,14,OA,False,late,757.0,03_ri_tib_ant,0.24748233855239823,0.03600977105769862,0.43894954310716305,0.1500172535226125,0.2988911003855838,0.47674919856154735,0.9658525752076619,0.9993523841555568,0.9658525752076619,0.47674919856154735,135.41438415584113,388.7211540323961,358.7861708808032,317.14813498116064,78.243618432469
ID_14_le_OA_gaitinitiation_0_bl2_GO0004,14,OA,False,late,757.0,06_le_tib_ant,0.3864686351619385,0.037565081073120905,0.27519857201421166,0.16998323098339013,0.6716074356626672,0.8945382684812968,0.9996368955271592,0.49837443089885447,0.9996368955271592,0.8945382684812968,211.3951755344184,405.48943441558157,224.73440758787632,359.1971985094355,176.2104640216824
ID_14_le_OA_gaitinitiation_0_bl2_GO0004,14,OA,False,late,757.0,07_le_soleus,0.40841781728595994,0.021666157898934658,0.060675208544778925,0.0028240866047429453,0.0712089704367754,0.9994325457008273,0.9994325457008273,0.18448162595529372,0.21020527167608205,0.3797493346340175,223.69547886742262,233.76766015809548,49.63814179906804,5.851603354625456,18.529334139688366
ID_14_le_OA_gaitinitiation_0_bl2_GO0004,14,OA,False,late,757.0,08_le_gastroc_med,0.396901640232329,0.05101049694201227,0.06144288253109765,0.024826190321524073,0.19460705876626486,0.761310380674621,0.761310380674621,0.1958204761951351,0.11505417428871796,0.6167097378997838,217.44673894187022,550.530349923731,50.27458388181276,52.40904439497075,50.87841361771205
ID_14_le_OA_gaitinitiation_0_bl2_GO0012,14,OA,True,early,757.5,01_ri_soleus,0.5329858008399234,0.10587965225348706,0.11811281333027834,0.0900396691939365,0.43287914837174657,0.9990446082704194,0.9950278584980256,0.49968737348923453,0.8258048807754014,0.9990446082704194,310.56474304250247,917.0472413822012,52.20757673374389,189.9617013246326,187.77519727988047
ID_14_le_OA_gaitinitiation_0_bl2_GO0012,14,OA,True,early,757.5,02_ri_gastroc_med,0.3643701857684674,0.035029644017159405,0.27947022269929295,0.03482350756132592,0.4128580876898566,0.9993866308184991,0.3768785002061102,0.9168625981074788,0.37044623240203073,0.9993866308184991,212.19178027219496,303.463635198848,123.9511616880617,73.45457236067621,179.16200888640913
ID_14_le_OA_gaitinitiation_0_bl2_GO0012,14,OA,True,early,757.5,03_ri_tib_ant,0.14354338379792903,0.007312121159430225,0.14553139074151272,0.024598641315691974,0.17707756679074854,0.2926437477103835,0.17241427186713856,0.28368169881025235,0.17241427186713856,0.2926437477103835,83.68380700349334,63.272530186863904,64.60080432812904,52.02294644578783,76.80543402180805
ID_14_le_OA_gaitinitiation_0_bl2_GO0012,14,OA,True,early,757.5,06_le_tib_ant,0.3360821102889067,0.020619347420927945,0.2841189818801594,0.07703766885673659,0.4366527019915694,0.999054717766432,0.7736141513165714,0.9822445333638168,0.7736141513165714,0.999054717766432,195.69479444503457,178.60746156019675,125.86683412969,162.85222605305907,189.40730662757034
ID_14_le_OA_gaitinitiation_0_bl2_GO0012,14,OA,True,early,757.5,07_le_soleus,0.317417718690451,0.0372919774252465,0.18477773198335198,0.0443355827787476,0.15144602895373466,0.9992999543769363,0.9992999543769363,0.32998469255910445,0.9386485731846236,0.48679281085608805,184.7976029509686,322.83755770866514,82.10130543313377,93.27887300413981,65.53461717965183
ID_14_le_OA_gaitinitiation_0_bl2_GO0012,14,OA,True,early,757.5,08_le_gastroc_med,0.35487874145630177,0.06774626077353839,0.6285033306366128,0.055506696862493994,0.20438572545505482,0.9240109359546743,0.9240109359546743,0.9361358853838209,0.43841622177990996,0.8647817821057112,206.89388863855788,586.4980925991497,279.4224267936113,117.15395179354942,88.34810762733709
ID_14_le_OA_gaitinitiation_0_bl2_GO0015,14,OA,False,late,757.0,01_ri_soleus,0.28459965610689675,0.0034654909160938712,0.04843851503073705,0.004787186363371145,0.5263772914214473,0.9990217925805185,0.08832149641784592,0.7262787095352705,0.086363439331069,0.9990217925805185,134.47271813919468,44.15765546599592,66.46222272986057,10.075128787562697,130.6956787490217
ID_14_le_OA_gaitinitiation_0_bl2_GO0015,14,OA,False,late,757.0,02_ri_gastroc_med,0.20017996974321595,0.021863962050846023,0.11935439563218056,0.06108223639348378,0.1960234818199537,0.8271548777280635,0.9988914547394037,0.542799061689301,0.9988914547394037,0.5183124626744011,94.19259005029713,278.5523987790683,164.44091531043284,128.6916473892185,48.57471610952111
ID_14_le_OA_gaitinitiation_0_bl2_GO0015,14,OA,False,late,757.0,03_ri_tib_ant,0.3368452943308136,0.023361585609948814,0.28477890164835457,0.11357379480070459,0.45217203057387256,0.6922412001798446,0.8269574497601763,0.9995104105181456,0.8269574497601763,0.6922412001798446,159.6232526030718,297.32981607059946,392.9073193810798,240.09613600972148,112.27337123878333
ID_14_le_OA_gaitinitiation_0_bl2_GO0015,14,OA,False,late,757.0,06_le_tib_ant,0.46914699724657993,0.022227032889728382,0.14826758104208299,0.11630825841745299,0.7766571064036927,0.9995182049352673,0.6823173147230529,0.4967510692004272,0.6823173147230529,0.9995182049352673,221.9652588637552,282.9793850124161,204.34817665192475,245.72324835645284,192.95431051810954
ID_14_le_OA_gaitinitiation_0_bl2_GO0015,14,OA,False,late,757.0,07_le_soleus,0.3184320865106486,0.01765368928583421,0.14067637457784538,0.016241944531605188,0.020471533874546206,0.8854533067270941,0.8854533067270941,0.9990066374774681,0.556931599514411,0.18594117733860735,150.64595671250257,224.78678046448218,194.12964638286712,34.03906363650264,5.003440898784486
ID_14_le_OA_gaitinitiation_0_bl2_GO0015,14,OA,False,late,757.0,08_le_gastroc_med,0.4101244826629931,0.03487004990864166,0.06424527076365899,0.017763275225527956,0.06647723177124311,0.9995160902685077,0.9995160902685077,0.15889156463132387,0.3866990792886952,0.4598233020695151,194.19650070652557,443.9543353824741,88.6414967166737,37.333212569790206,16.31297838584392
ID_14_le_OA_gaitinitiation_0_bl3_GO0004,14,OA,False,late,835.0,01_ri_soleus,0.16263517486526566,0.00478300432474839,0.17982558175012542,0.006185009513419192,0.3164822079463527,0.8681256136918231,0.05409025562916163,0.9994862426345797,0.05409025562916163,0.8681256136918231,78.89940661208321,52.201589328901676,262.8030716900265,14.016506106992352,75.81126232429045
ID_14_le_OA_gaitinitiation_0_bl3_GO0004,14,OA,False,late,835.0,02_ri_gastroc_med,0.020067564000197335,0.006195286647717159,0.3046079046526312,0.01680022497377714,0.034689697400846715,0.24860230902887803,0.20998124544305335,0.9997172678914277,0.20998124544305335,0.24860230902887803,9.632943164257554,67.6329416683686,445.68798050230316,38.10955677356776,8.223071139127438
ID_14_le_OA_gaitinitiation_0_bl3_GO0004,14,OA,False,late,835.0,03_ri_tib_ant,0.4887228913217814,0.02918184827081839,0.25310332326658896,0.06577462777581473,0.6881566707471166,0.999051715201162,0.4950495201431724,0.5523752539360667,0.4950495201431724,0.999051715201162,238.17850382570992,318.40365099250204,370.2214034154083,149.27858759114224,165.4028487835817
ID_14_le_OA_gaitinitiation_0_bl3_GO0004,14,OA,False,late,835.0,06_le_tib_ant,0.23018193500291645,0.030556037453636154,0.28811086522924856,0.131063763458472,0.3619187812240831,0.4790108273841259,0.999349378797661,0.961450368831634,0.999349378797661,0.4790108273841259,112.18062351280149,333.40324753983907,421.62816529656584,297.4937273393441,86.91611278045391
ID_14_le_OA_gaitinitiation_0_bl3_GO0004,14,OA,False,late,835.0,07_le_soleus,0.22551843410497102,0.010756408281845676,0.15883875330374286,0.00971306749404339,0.13429112466781104,0.3458309571369817,0.3458309571369817,0.9992416747081062,0.28399599548873355,0.19652364378333625,109.85705798734621,117.32315791264901,232.47615503717904,21.900330167203627,32.21287677995294
ID_14_le_OA_gaitinitiation_0_bl3_GO0004,14,OA,False,late,835.0,08_le_gastroc_med,0.5363022972335616,0.0522269668621177,0.18503026050826066,0.05714409620152099,0.3988376614018611,0.9993683923040984,0.9993683923040984,0.6358194468725586,0.7838121540407557,0.503248065917852,261.1473643108607,570.0335378296263,270.7034698529759,129.26541376828638,95.8347022672292
ID_14_le_OA_gaitinitiation_0_bl3_GO0010,14,OA,True,early,721.5,01_ri_soleus,0.1155754093778278,0.0515955975369648,0.03943449115051608,0.040599418565595395,0.053656123095969635,0.3121597461390193,0.3121597461390193,0.06977364370089129,0.2815867501554279,0.100938442930349,70.55063455991402,654.2910079866695,17.175519522496664,82.77982092517482,19.948929847801068
ID_14_le_OA_gaitinitiation_0_bl3_GO0010,14,OA,True,early,721.5,02_ri_gastroc_med,0.10754536189115466,0.016464177450366848,0.054207994001634514,0.01032710421321442,0.029790738262676034,0.33854806961077716,0.33854806961077716,0.0779739434854117,0.052399634550171846,0.13548764827566942,65.74956785208059,208.72162729619473,23.62231555528579,21.058602252778456,11.000538330410697
ID_14_le_OA_gaitinitiation_0_bl3_GO0010,14,OA,True,early,721.5,03_ri_tib_ant,0.07015974341632958,0.00967083580332921,0.0030921373865204736,0.03327007501266126,0.10814873097665605,0.25442974086088843,0.25719624859218654,0.004820994340218073,0.25719624859218654,0.25442974086088843,42.891788230337234,122.60656811946666,1.3510637883611638,67.91893373516317,40.318848500841845
ID_14_le_OA_gaitinitiation_0_bl3_GO0010,14,OA,True,early,721.5,06_le_tib_ant,0.1105267406670337,0.030582172347891665,0.10389984185539701,0.0645252719368392,0.15914444559046362,0.28389477221906406,0.3582863875510209,0.12529039332466446,0.3582863875510209,0.28389477221906406,67.57155898625098,387.77886678546145,45.34063952649636,131.78123798232897,59.26741515485196
ID_14_le_OA_gaitinitiation_0_bl3_GO0010,14,OA,True,early,721.5,07_le_soleus,0.08298662978960751,0.01217976021634833,0.026443283506348902,0.01037410952602096,0.03949810316640344,0.167760007294442,0.167760007294442,0.04409968585999051,0.12530064541504363,0.1025210590683234,50.70059011855106,154.40652269993654,11.519128100387997,21.123840529345337,14.656709022078934
ID_14_le_OA_gaitinitiation_0_bl3_GO0010,14,OA,True,early,721.5,08_le_gastroc_med,0.42432799902140983,0.06618281085786999,0.09275852664047222,0.033890540565418376,0.19260748938657,0.9996023781025241,0.9996023781025241,0.2436558603369586,0.29480638573249285,0.5829383609784143,259.4104418687996,839.0234449816766,40.392065266252686,69.05186046455562,71.42420177280684
ID_14_le_OA_gaitinitiation_0_bl3_GO0013,14,OA,True,early,860.5,01_ri_soleus,0.16328553250935166,0.05501395140050391,0.0881342553497761,0.06515695069531327,0.12419940829568255,0.21196069041182178,0.30092335773736834,0.15718778003881867,0.30092335773736834,0.18085319464403654,46.91486127887784,598.2753142415536,60.92895964696717,151.1256153887143,16.265273470364455
ID_14_le_OA_gaitinitiation_0_bl3_GO0013,14,OA,True,early,860.5,02_ri_gastroc_med,0.2846416760992642,0.08386543945675162,0.32949555882841175,0.12150189139263741,0.01282610248014957,0.9920500045324359,0.9988609926446419,0.453949001619722,0.9975515388897417,0.05434004916335387,81.4517145339529,912.1572295288361,227.8577623349447,281.4833610303679,1.6354368141973201
ID_14_le_OA_gaitinitiation_0_bl3_GO0013,14,OA,True,early,860.5,03_ri_tib_ant,0.16921347283981777,0.030205359733382453,0.04521298118069806,0.12595642400171114,0.19640438216353573,0.29079943712928,0.9992364095327961,0.2336790796724985,0.9992364095327961,0.2376690737043746,48.46303645547944,328.4817738346799,31.16928122814979,292.19046475513227,25.745686696716852
ID_14_le_OA_gaitinitiation_0_bl3_GO0013,14,OA,True,early,860.5,06_le_tib_ant,0.6317747647457304,0.046122095117977886,0.356803376310186,0.1760038191499842,0.8847980251770171,0.98644172744597,0.9990873677067917,0.6473171320849102,0.9990873677067917,0.98644172744597,181.37635850880878,501.30500492659326,246.47106152568003,408.2690816460731,116.08567148664511
ID_14_le_OA_gaitinitiation_0_bl3_GO0013,14,OA,True,early,860.5,07_le_soleus,0.25362081825919613,0.025099827729693474,0.05548866105814939,0.07750190002563714,0.06935139786656391,0.5035491987776372,0.9988108776770577,0.16670756100621234,0.9988108776770577,0.1977224573795013,72.86318416399396,272.899685726654,38.37784992335483,179.70594345684933,9.044734762948579
ID_14_le_OA_gaitinitiation_0_bl3_GO0013,14,OA,True,early,860.5,08_le_gastroc_med,0.42765802044053575,0.04368468999949901,0.16764840205852286,0.05874955422768145,0.08055659762424483,0.9991374501490773,0.9991374501490773,0.48053190198018364,0.9164609147496833,0.22999457444031218,122.66447085125765,475.0023423928339,115.94939178965906,135.8783815589056,10.476595529723458
ID_14_le_OA_gaitinitiation_0_bl3_GO0016,14,OA,False,late,948.0,01_ri_soleus,0.27971166544742687,0.017528402922688122,0.16421737563736508,0.020325319547413682,0.3592686650024171,0.9993887980621945,0.46892701169704576,0.9676581995566055,0.46892678707435076,0.9993887980621945,142.48757646426924,124.6610925736112,140.87884253181176,50.492869307385355,106.23287252823465
ID_14_le_OA_gaitinitiation_0_bl3_GO0016,14,OA,False,late,948.0,02_ri_gastroc_med,0.17570682463751036,0.007182783376575638,0.24090860340309436,0.011156090670606376,0.26877459168519136,0.976454229304857,0.19624775251205417,0.999506352480674,0.19624775251205417,0.976454229304857,89.3840436671583,51.08242247164227,206.91727231837345,27.75515972627356,79.3434715268516
ID_14_le_OA_gaitinitiation_0_bl3_GO0016,14,OA,False,late,948.0,03_ri_tib_ant,0.43327231086607587,0.034618312540686695,0.24892063166804668,0.08193790038161171,0.6262077860265259,0.9992404390108497,0.5847743291638677,0.49800661914833133,0.4492674662834655,0.9992404390108497,221.78349353946993,245.8640161219314,214.23942698548282,204.51557432131105,185.62308009046058
ID_14_le_OA_gaitinitiation_0_bl3_GO0016,14,OA,False,late,948.0,06_le_tib_ant,0.5433240154769988,0.05975795714273352,0.20889292814421861,0.13970695858198695,0.8415740500572054,0.9994955132690864,0.8143776963792113,0.9422552694685791,0.8143776963792113,0.9994955132690864,277.6716026043134,424.7135430149232,179.3444159609988,348.6561159695039,249.25961211549463
ID_14_le_OA_gaitinitiation_0_bl3_GO0016,14,OA,False,late,948.0,07_le_soleus,0.38146013233401443,0.028892935231812904,0.10171716779857734,0.008600177678662049,0.0947540173820487,0.9993320187274106,0.9993320187274106,0.39795291283782086,0.3849235690525187,0.4467037918143576,195.1008305836888,205.21714145867375,87.56797703302982,21.25687850053965,27.909355729507677
ID_14_le_OA_gaitinitiation_0_bl3_GO0016,14,OA,False,late,948.0,08_le_gastroc_med,0.35685222744219997,0.05695038572742161,0.06165571069151956,0.030336553358106692,0.06629830179485136,0.9992549379346226,0.9992549379346226,0.1539069971841299,0.5510627147275189,0.32317761999682515,182.4031518268017,404.79263019708486,53.00981989212535,75.4057616338751,19.509974791094557
ID_14_le_OA_gaitinitiation_0_bl4_GO0002,14,OA,True,early,810.0,01_ri_soleus,0.06706609257007928,0.05674387790192856,0.20418746690475995,0.09518689046471196,0.061650415621846026,0.24257805032832577,0.9990167561974858,0.4739250188191816,0.9990167561974858,0.11976535324845843,30.185561582353,383.79620953621,79.56809450078589,211.16476750959959,18.98372599065501
ID_14_le_OA_gaitinitiation_0_bl4_GO0002,14,OA,True,early,810.0,02_ri_gastroc_med,0.16622865715181706,0.06655155020032816,0.16402724784010494,0.09148129191326734,0.21631485454909366,0.7241694931182429,0.9989612392702778,0.6983179107715985,0.9989612392702778,0.7241694931182429,74.7814072350549,450.17905678462085,63.61794375767241,202.8843524900534,66.51287375988345
ID_14_le_OA_gaitinitiation_0_bl4_GO0002,14,OA,True,early,810.0,03_ri_tib_ant,0.5566332132208526,0.03873467225702542,0.2968658568740519,0.05937337276978193,0.41822810548911116,0.9992639216306998,0.9992639216306998,0.4166142951606434,0.47167288148358644,0.706614165166662,251.72837276024956,261.62913798173236,115.48850804882926,131.55413992663568,128.6956216486539
ID_14_le_OA_gaitinitiation_0_bl4_GO0002,14,OA,True,early,810.0,06_le_tib_ant,0.4656548300789646,0.041963965673663894,0.5591757559889684,0.09745614283388354,0.5109788827339302,0.7794423815678909,0.7999694738084642,0.9992729710248662,0.7999694738084642,0.7794423815678909,210.4649676628599,283.61990400478373,217.59654736308323,216.2703759516928,157.27558324009954
ID_14_le_OA_gaitinitiation_0_bl4_GO0002,14,OA,True,early,810.0,07_le_soleus,0.08436617986313374,0.03459809153485402,0.04488100701186596,0.08042944509345583,0.062332141291284754,0.41264917542660484,0.9993685041621404,0.1415200557874207,0.9993685041621404,0.14961544683667544,37.92391570143515,234.02423109399444,17.414613025529405,178.32527113976943,19.195312940684953
ID_14_le_OA_gaitinitiation_0_bl4_GO0002,14,OA,True,early,810.0,08_le_gastroc_med,0.31493718930223186,0.09348934107115284,0.22873994403005887,0.10464886268965402,0.3037578009465556,0.5943712380371867,0.7399010597704384,0.3997203352894597,0.7399010597704384,0.4049223602924389,142.15991826352314,632.2578161721925,88.9061804776378,231.9636714610706,93.57169074078199
ID_14_le_OA_gaitinitiation_0_bl4_GO0012,14,OA,False,late,857.5,01_ri_soleus,0.47769595569737533,0.019353495922302646,0.25931070197236,0.03146634373053016,0.5893201065764934,0.998939991916361,0.7080681970058981,0.7306616891383761,0.7080681970058981,0.998939991916361,223.6430910060132,172.1037737958079,334.8665964823707,72.4981103535885,167.17198330192622
ID_14_le_OA_gaitinitiation_0_bl4_GO0012,14,OA,False,late,857.5,02_ri_gastroc_med,0.055943226185335475,0.007883131351187499,0.43906641832729065,0.01640487197142016,0.010580314385027422,0.30347700905175057,0.3298815114882795,0.9997577993042863,0.3298815114882795,0.036116564803939565,26.097951251328467,70.1514857733414,566.983487199947,37.82048403307053,3.0130521332230273
ID_14_le_OA_gaitinitiation_0_bl4_GO0012,14,OA,False,late,857.5,03_ri_tib_ant,0.42500362442426526,0.05019187649728263,0.31890325104830597,0.1682506961394988,0.5327313348197553,0.9250846291698231,0.9798736966108814,0.9997685818087826,0.9798736966108814,0.9250846291698231,198.84483294875454,446.48948774029407,411.54172973668676,389.4847568000277,150.61225468541352
ID_14_le_OA_gaitinitiation_0_bl4_GO0012,14,OA,False,late,857.5,06_le_tib_ant,0.29730304899863935,0.042713934533235666,0.23630131965485351,0.14825230321771868,0.3786002113478383,0.6761928325346213,0.9996220358813444,0.498668814253486,0.9996220358813444,0.6761928325346213,139.36143069446118,379.88716878075155,305.02350838003247,343.20575815618747,107.17786789008545
ID_14_le_OA_gaitinitiation_0_bl4_GO0012,14,OA,False,late,857.5,07_le_soleus,0.3901773067621858,0.020107661886115537,0.16645219126861552,0.024537988619973073,0.29579244263536636,0.8038674560747048,0.8038674560747048,0.5185328995810028,0.7204540927021962,0.5582567961742029,182.40399508696314,178.90428745875928,214.85685615797908,56.434076697755145,83.73585276692373
ID_14_le_OA_gaitinitiation_0_bl4_GO0012,14,OA,False,late,857.5,08_le_gastroc_med,0.4845753034728579,0.03185953621577044,0.16531605449290143,0.03279609948937547,0.38608285929414976,0.919978006155173,0.8994161150438151,0.9996357827429936,0.7964068003798277,0.919978006155173,226.38794884572172,283.46218053978714,213.13249990248067,75.50869892442927,109.09882501297805
ID_14_le_OA_gaitinitiation_0_bl4_GO0014,14,OA,True,early,849.5,01_ri_soleus,0.31188402241898283,0.013705477758682734,0.19079035850364356,0.013447512590074087,0.5155482055396174,0.8701604016637139,0.14810996390326361,0.9990147114444061,0.04511709030315728,0.8701604016637139,106.21011116541618,148.57217228683817,119.36243937005256,30.902728380653766,99.48721348178138
ID_14_le_OA_gaitinitiation_0_bl4_GO0014,14,OA,True,early,849.5,02_ri_gastroc_med,0.05719176683683458,0.02274787635400076,0.19514510299470025,0.07495615829769418,0.05307108160562873,0.2815664062208136,0.9990936594309578,0.5225293339209969,0.9990936594309578,0.1005362023129005,19.354159792775942,246.7488863473152,122.4593951869254,172.16334446161787,10.250694999345
ID_14_le_OA_gaitinitiation_0_bl4_GO0014,14,OA,True,early,849.5,03_ri_tib_ant,0.17089433655716463,0.027953261426315972,0.17622237015789755,0.10895229128386387,0.08934102747832859,0.30887714808778405,0.9995178879254165,0.477572311022731,0.9995178879254165,0.2517014828635673,58.3518178913462,303.0779637644516,110.45049332414861,250.38648304410407,17.20390764880917
ID_14_le_OA_gaitinitiation_0_bl4_GO0014,14,OA,True,early,849.5,06_le_tib_ant,0.3956938412344795,0.039686155997413174,0.5641247230583845,0.12325251319306545,0.41760358551913873,0.5954239483196017,0.5912568201436856,0.9993576717295749,0.5750549903547895,0.595382828663073,135.11934807071356,430.17646447701594,353.9300452187425,283.27654656978274,80.57397222983381
ID_14_le_OA_gaitinitiation_0_bl4_GO0014,14,OA,True,early,849.5,07_le_soleus,0.3219334606931837,0.020750377894400287,0.13440221757874118,0.06452068973735073,0.26036073668459403,0.8328205658093731,0.9993414430556624,0.30404145223660056,0.9993414430556624,0.34913566710646815,109.51500360635416,225.01343613824272,84.2423803480546,147.897118177716,50.29225406416967
ID_14_le_OA_gaitinitiation_0_bl4_GO0014,14,OA,True,early,849.5,08_le_gastroc_med,0.44811549786303867,0.0476063454861286,0.44932686886710616,0.0894373310472992,0.38601454162845644,0.7624062629961552,0.9993190079732314,0.8425621063145148,0.9993190079732314,0.7414216772778366,152.48703709020637,516.2297552627692,281.78316347541255,205.20296068046315,74.37404244292398
ID_14_le_OA_gaitinitiation_0_bl4_GO0016,14,OA,False,late,838.0,01_ri_soleus,0.30780299868986455,0.008727825797691649,0.1767575191156907,0.010736996005963149,0.3129465109886188,0.983409426494888,0.5130330382933119,0.9991268441751021,0.379645403941285,0.983409426494888,138.12117036354636,112.41716074766826,121.95503520870359,24.236759174591278,76.80512840036182
ID_14_le_OA_gaitinitiation_0_bl4_GO0016,14,OA,False,late,838.0,02_ri_gastroc_med,0.12741124980184412,0.007980261002111048,0.25246873191683944,0.020857505520156316,0.2254671595298942,0.8695947669782338,0.18535026320722786,0.9994192952260965,0.18535026320722786,0.8695947669782338,56.97378213349216,102.80393304915093,174.45748767814075,47.42101457224139,55.26099259852145
ID_14_le_OA_gaitinitiation_0_bl4_GO0016,14,OA,False,late,838.0,03_ri_tib_ant,0.32341645194372265,0.019045699157901722,0.38504928091041346,0.07256546741069747,0.32937517372537206,0.6622566573623977,0.6597102127975482,0.76143914071445,0.4264221661247932,0.6620761458965669,145.824434375067,244.9763747443497,266.41565443848685,165.15139406062997,80.99528952101167
ID_14_le_OA_gaitinitiation_0_bl4_GO0016,14,OA,False,late,838.0,06_le_tib_ant,0.19153225485277942,0.016239945473098944,0.2696766006928896,0.08108320126412359,0.3153114149251314,0.4482134893656717,0.5048413863899068,0.40563609137134315,0.5048413863899068,0.4482134893656717,86.15399842215275,209.12099828783738,186.5837276542858,184.51807881232634,77.63710192552264
ID_14_le_OA_gaitinitiation_0_bl4_GO0016,14,OA,False,late,838.0,07_le_soleus,0.5613240883918107,0.021722687952065403,0.14910349386402547,0.03157256591521953,0.3355982849855649,0.9995138489456707,0.9995138489456707,0.4451836091984206,0.9175245330652674,0.6210446561809569,252.63417504254983,279.47175604011113,103.26242346839518,71.3896640779958,82.52531302462674
ID_14_le_OA_gaitinitiation_0_bl4_GO0016,14,OA,False,late,838.0,08_le_gastroc_med,0.5486263709883784,0.05300368144257346,0.11415195840946502,0.06318606877508555,0.32326692897931736,0.9995568458865502,0.9995568458865502,0.21311886530039553,0.7378000855418044,0.49779265765413705,246.99457577728333,682.4239880895208,78.99142799774998,143.395679863429,79.54495238715526
ID_15_ri_OA_gaitinitiation_0_bl2_GOf0004,15,OA,False,late,288.0,01_ri_soleus,-3.336172286936722e-05,0.012666676478805046,0.36018864279269885,0.009025287602219554,-0.00381526618764774,0.0048424997889323,0.052653012358552596,0.9596380167931354,0.018557970429243658,0.003116337645579964,-0.007047571451345491,111.35852429122883,374.22697933431823,10.604265946065738,-0.9067654058098571
ID_15_ri_OA_gaitinitiation_0_bl2_GOf0004,15,OA,False,late,288.0,02_ri_gastroc_med,0.0020762217270556714,0.011470346362995478,0.3365430696060832,0.005421195578404727,0.0022245441521521847,0.003483803373558924,0.08580653591356932,0.9995564493817637,0.01779317547076892,0.003483803373558924,0.9444332425802631,100.84611930978102,349.653985925284,6.368945217256379,0.5322310936306633
ID_15_ri_OA_gaitinitiation_0_bl2_GOf0004,15,OA,False,late,288.0,03_ri_tib_ant,0.04794001667015397,0.050756865704414705,0.019793311665696076,0.35789647008110753,0.04071653357211066,0.08693963453426437,0.9995296052807852,0.17097850158080088,0.9995296052807852,0.08626174236853507,21.83854060393449,446.2109224242484,20.470282188620885,420.86840963177553,9.723217463535757
ID_15_ri_OA_gaitinitiation_0_bl2_GOf0004,15,OA,False,late,288.0,06_le_tib_ant,0.2959950947462971,0.043772802033624325,0.3125916935890035,0.2264900285160388,0.09050368422667583,0.6513714394961156,0.6513714394961156,0.9998439049509928,0.630812123071852,0.2996011799181614,134.6725801276915,384.6934814013901,324.7955017328636,266.03382506922355,21.58272813158289
ID_15_ri_OA_gaitinitiation_0_bl2_GOf0004,15,OA,False,late,288.0,07_le_soleus,0.020044742616108144,0.006499940706355739,0.24641105110366368,0.004180576078762246,0.03877894524904878,0.2849910948726856,0.021270749272882944,0.999376803013968,0.010966533120397718,0.2849910948726856,8.985365825781496,57.151994851893555,255.65329342595163,4.910300498884879,9.157973912612444
ID_15_ri_OA_gaitinitiation_0_bl2_GOf0004,15,OA,False,late,288.0,08_le_gastroc_med,0.0598003954362239,0.024239288579591945,0.34207658460036844,0.010539672372483924,0.11812660345045019,0.5383841736159513,0.15491282071716733,0.9996670811680973,0.041476658487756925,0.5383841736159513,26.984848326238236,213.12135182251652,354.63825487544744,12.37641051529132,28.078089530899575
ID_15_ri_OA_gaitinitiation_0_bl1_GOf0003,15,OA,False,late,278.5,01_ri_soleus,0.07835078160934433,0.010087713845092274,0.3867015590413284,0.009776949485117807,0.13744830627545923,0.5940111437692157,0.041029509871835616,0.9994848402224706,0.041029509871835616,0.5940111437692157,39.550903163142195,128.98834931029558,528.4497332015148,11.289707055696482,38.0445884559868
ID_15_ri_OA_gaitinitiation_0_bl1_GOf0003,15,OA,False,late,278.5,02_ri_gastroc_med,0.11821958175349452,0.027635813878213435,0.3436821181790113,0.020447723996195558,0.20514369722264192,0.7502963961122393,0.12843424696089373,0.9997095922188736,0.09556119740213735,0.7502963961122393,59.7484540040664,353.33465892290576,469.459848225891,23.60603504010112,56.86272158328959
ID_15_ri_OA_gaitinitiation_0_bl1_GOf0003,15,OA,False,late,278.5,03_ri_tib_ant,0.04460931845288243,0.02618903212452446,0.1039843229218327,0.27085067977840466,0.02522076098842849,0.13402325019907374,0.9995360643679015,0.5412975394156521,0.9995360643679015,0.05677548819133947,22.631525195318076,334.85306320428003,142.24413240555617,313.3042445436939,7.004973064780578
ID_15_ri_OA_gaitinitiation_0_bl1_GOf0003,15,OA,False,late,278.5,06_le_tib_ant,0.2155076800532732,0.025137369526636068,0.23305888104870476,0.2020841772584019,0.08278725336336339,0.5382080184262202,0.5877600108177481,0.9998341802547983,0.5877600108177481,0.2394237640346739,109.29729026576706,321.31008972805586,318.6613813436766,233.5390631345568,22.852370780923565
ID_15_ri_OA_gaitinitiation_0_bl1_GOf0003,15,OA,False,late,278.5,07_le_soleus,0.288902125254096,0.00982466549390871,0.27171566214389165,0.007067264626541471,0.5397960907386689,0.9997039633890832,0.028834546029521364,0.9293504018920544,0.02275073915396872,0.9997039633890832,146.57714498769136,125.62966480244089,371.2350724178316,8.170569161163753,150.13630311875718
ID_15_ri_OA_gaitinitiation_0_bl1_GOf0003,15,OA,False,late,278.5,08_le_gastroc_med,0.09216736447004598,0.02183621315965714,0.2316123602918454,0.01062195448281693,0.17234730333024428,0.2793472658178544,0.103333234210546,0.8101225894910875,0.03981883137885494,0.2793472658178544,46.81741730588031,279.2058318525552,316.75633437930423,12.269672094284253,47.986362069356936
ID_15_ri_OA_gaitinitiation_0_bl1_GOf0011,15,OA,False,late,356.5,01_ri_soleus,0.002669890328674303,0.006679223855957736,0.25816946239984023,0.0051358354795886015,0.009476583413759723,0.1685246770249229,0.013395536281518277,0.9995873338511734,0.011597864995884503,0.1685246770249229,0.9146757867629153,72.99715263797432,386.7481503566886,6.7342813263358225,1.4922185070273937
ID_15_ri_OA_gaitinitiation_0_bl1_GOf0011,15,OA,False,late,356.5,02_ri_gastroc_med,-0.0029790661969792465,0.024407884559546716,0.3416909025616152,0.02106295927505922,-0.012120932040218113,0.06723639241919452,0.0993850475280811,0.9997221682793158,0.0732696141812379,0.06723639241919452,-1.1831119291343342,266.7150008460395,512.0623001301499,27.61108011250324,-2.042783774419478
ID_15_ri_OA_gaitinitiation_0_bl1_GOf0011,15,OA,False,late,356.5,03_ri_tib_ant,0.07289678238281912,0.03151706835652004,0.1288243670964305,0.23588743531028222,0.04239088066915122,0.22109827369342025,0.9996126212986873,0.6657398615915138,0.9996126212986873,0.05241182258875875,27.57716903082657,344.3624477722439,193.09612937021686,309.60549607183054,7.004087991830794
ID_15_ri_OA_gaitinitiation_0_bl1_GOf0011,15,OA,False,late,356.5,06_le_tib_ant,0.14925345543863344,0.02148783989822955,0.23554176467684534,0.1393593919819283,0.05647642366778617,0.32933568651653833,0.45969977908382254,0.9995697127958347,0.45969977908382254,0.13404538843939265,56.50825962190338,234.72550863717382,353.022510977489,182.8082846244796,9.266466328048045
ID_15_ri_OA_gaitinitiation_0_bl1_GOf0011,15,OA,False,late,356.5,07_le_soleus,0.06693231784121653,0.008535232990778931,0.16444177493251425,0.006324191691464044,0.16184715640802935,0.34232595304517205,0.028196552092810086,0.9994002696367138,0.0161518048074527,0.34232595304517205,25.25998433801151,93.25937187321809,246.31857555739165,8.29554431185699,26.687957496243484
ID_15_ri_OA_gaitinitiation_0_bl1_GOf0011,15,OA,False,late,356.5,08_le_gastroc_med,0.15802610567210676,0.025664735624132077,0.16666873210126767,0.025699382783249448,0.388062250047057,0.8505382030428852,0.10134432970684573,0.9041735685339691,0.10052736702571771,0.8505382030428852,59.61761344049769,280.43220144105317,249.40088525230112,33.7038385891096,63.97924928635469
ID_15_ri_OA_gaitinitiation_0_bl1_GOf0013,15,OA,False,late,415.0,01_ri_soleus,0.4920984513893074,0.015287307586001435,0.1540429196234178,0.006110149048682497,0.6694557093374245,0.999685525920267,0.09153521292625738,0.8890276458966551,0.024896357685098673,0.999685525920267,250.49877243766778,76.08396633075826,181.62379615048303,8.71884905413139,240.49933852313129
ID_15_ri_OA_gaitinitiation_0_bl1_GOf0013,15,OA,False,late,415.0,02_ri_gastroc_med,0.460345923815679,0.03430809074935423,0.17270694784613824,0.007414039714667553,0.5527527547983601,0.9996605240667428,0.29311868077674447,0.8148863004591304,0.1159287024194545,0.9996605240667428,234.29025785118966,170.75886822666985,203.7195367167379,10.52401127621467,198.47348163778332
ID_15_ri_OA_gaitinitiation_0_bl1_GOf0013,15,OA,False,late,415.0,03_ri_tib_ant,0.17147038287541005,0.04532646457052238,0.04463558635420969,0.11953103294124623,0.17714795973349307,0.32743457746713733,0.32520125586071474,0.18886377425527018,0.32520125586071474,0.32743457746713733,87.31718043578068,225.57389003157164,52.64975720251907,170.80963349960243,63.6688904318182
ID_15_ri_OA_gaitinitiation_0_bl1_GOf0013,15,OA,False,late,415.0,06_le_tib_ant,0.3316129310434844,0.040659057808409386,0.14836888332137027,0.10593776646311434,0.3766137119541318,0.9751250735099231,0.4760640684671437,0.9997430664423271,0.4760640684671437,0.9751250735099231,168.50192155777222,202.35961593593413,174.88002134157298,151.36103133112317,135.00733769438375
ID_15_ri_OA_gaitinitiation_0_bl1_GOf0013,15,OA,False,late,415.0,07_le_soleus,0.16327324792739945,0.01290915038835245,0.2719689831536001,0.001922982722481897,0.19732545395848375,0.4241973812447619,0.25147918538175,0.9992404874811983,0.008754174578941468,0.4241973812447619,83.2771110764007,64.15584281885364,321.4244482671173,2.754367970488636,70.90294789923594
ID_15_ri_OA_gaitinitiation_0_bl1_GOf0013,15,OA,False,late,415.0,08_le_gastroc_med,0.20207417021146815,0.02997831465560877,0.1879420066164357,0.0030825988116436023,0.24330509895012714,0.5292478390759777,0.3161495692004336,0.46094028478781446,0.016200264524383598,0.5292478390759777,103.07439111689044,149.12938414199812,222.120365241404,4.4114006772405485,87.42804748993099
ID_15_ri_OA_gaitinitiation_0_bl1_GOf0014,15,OA,False,late,332.5,01_ri_soleus,-0.004153136507266591,0.01149657757671937,0.5390453786456193,0.009864737256262308,-0.01408864771942676,0.02584890629844371,0.033824283538072944,0.9998511754143378,0.01964527825965262,0.02545908112399905,-1.7383222177563313,147.33026508433872,588.0553403482731,12.465574107750049,-3.6981592120069715
ID_15_ri_OA_gaitinitiation_0_bl1_GOf0014,15,OA,False,late,332.5,02_ri_gastroc_med,-0.0010651901189867663,0.28550283242656643,0.0567114678201979,0.15702745494132603,-0.0023299402834378855,0.0024905865830912727,0.9998604313392999,0.14326811103097195,0.9370647140015729,0.00030469273486962193,-0.4383379339921476,3659.00413082612,61.87416141829442,198.17303754929262,-0.6064496289680454
ID_15_ri_OA_gaitinitiation_0_bl1_GOf0014,15,OA,False,late,332.5,03_ri_tib_ant,0.0732753154756705,0.0336245346139986,0.03892524600617857,0.3199754081021657,0.0284443550110461,0.24526347570970963,0.9993877191281509,0.43349743980856903,0.9993877191281509,0.06239811976087027,30.06285002744695,430.89899529256377,42.235304152680285,404.64306012842155,7.389986553084974
ID_15_ri_OA_gaitinitiation_0_bl1_GOf0014,15,OA,False,late,332.5,06_le_tib_ant,0.18402159133477328,0.014381195657412605,0.3565422046212603,0.11020885998733362,0.12530440409620203,0.30132039361997387,0.30132039361997387,0.999719885817892,0.2706212720314761,0.24511474566152752,75.67115475163261,184.18378305151896,388.97740560120803,139.2783374565244,32.56962629675603
ID_15_ri_OA_gaitinitiation_0_bl1_GOf0014,15,OA,False,late,332.5,07_le_soleus,0.003667528316526842,0.00780740784801704,0.17256863422848157,0.0055553710682249334,0.004957974377573433,0.0716888015830788,0.018852368094873916,0.99960146507016,0.018852368094873916,0.0716888015830788,1.470645315737788,100.05734969002593,187.74422028253062,7.022813816297984,1.2546335812057234
ID_15_ri_OA_gaitinitiation_0_bl1_GOf0014,15,OA,False,late,332.5,08_le_gastroc_med,0.0018762193474789722,0.017370697521283333,0.17890594770103666,0.010796884176025702,0.0027863283664391245,0.05241641366748837,0.05262747449918605,0.999559526026194,0.04095357990522357,0.05241641366748837,0.7436957928548465,222.6191497666397,194.74094675618346,13.645556178002428,0.6986990266027476
ID_15_ri_OA_gaitinitiation_0_bl2_GOf0002,15,OA,False,late,359.0,01_ri_soleus,0.33933377642048995,0.018705567473741032,0.2451743424631024,0.0070380904024215565,0.49804407589839106,0.9995211319815333,0.495794184380639,0.7057397616619696,0.01414697069613575,0.9995211319815333,178.79658137685743,241.13883913385678,219.0611215979302,9.265733323594143,176.43910443788272
ID_15_ri_OA_gaitinitiation_0_bl2_GOf0002,15,OA,False,late,359.0,02_ri_gastroc_med,0.36933597390560696,0.04244209448818492,0.3408198531230392,0.011020176958418382,0.5412966844284246,0.9997410558337583,0.5190836688369822,0.8311606951117316,0.05663286150347282,0.9997410558337583,194.6079074315857,547.1282041678938,304.6433451350252,14.489477275949156,191.76987262616703
ID_15_ri_OA_gaitinitiation_0_bl2_GOf0002,15,OA,False,late,359.0,03_ri_tib_ant,0.21181406053383112,0.059736025717480976,0.2327112486395377,0.33408381609328036,0.10541637814793314,0.5222901170979235,0.9993645932589972,0.7858534326495352,0.9993645932589972,0.20598144220946243,111.50925694408865,769.6662702683429,208.07263501641253,440.0602574260807,37.24883531719541
ID_15_ri_OA_gaitinitiation_0_bl2_GOf0002,15,OA,False,late,359.0,06_le_tib_ant,0.3872057051443191,0.02863048009272767,0.29146216188696866,0.1520049458633701,0.35023411078364997,0.9876506741157289,0.63511944518982,0.999767065889154,0.63511944518982,0.9876506741157289,203.71064393787486,368.80308273059694,260.35482421469493,200.10575834260223,123.73740473945412
ID_15_ri_OA_gaitinitiation_0_bl2_GOf0002,15,OA,False,late,359.0,07_le_soleus,0.33134939465674507,0.01743981698023123,0.18404911204263605,0.0053558366896506926,0.47890695713594844,0.9992311843122458,0.30241413980621706,0.6335604859154393,0.02252781701922022,0.9992311843122458,174.98356968053008,224.68492062366522,164.7472092776159,7.063385327211602,169.8887821280291
ID_15_ri_OA_gaitinitiation_0_bl2_GOf0002,15,OA,False,late,359.0,08_le_gastroc_med,0.3341604564365278,0.03335866408647749,0.13598937827058133,0.00710421137632974,0.4805671086593727,0.9992578188803074,0.39267629324024134,0.5398403002169515,0.02683943531854282,0.9992578188803074,176.46950027747738,429.8853355178776,121.74135434251066,9.366542585303183,170.46747788085563
ID_15_ri_OA_gaitinitiation_0_bl2_GOf0006,15,OA,False,late,362.5,01_ri_soleus,0.4414572001416275,0.05720844120778926,0.34064611830775926,0.05312621352651883,0.6647004699337148,0.9464526631521076,0.7821531688290568,0.9991845444727385,0.3128607171853146,0.9464526631521076,172.6505507413578,278.08986985276806,389.165821353269,70.35784649577704,169.05888462984768
ID_15_ri_OA_gaitinitiation_0_bl2_GOf0006,15,OA,False,late,362.5,02_ri_gastroc_med,0.19062601760113546,0.0699151053373973,0.1681767270719812,0.13640871345368255,0.29911955060643025,0.4798261595456932,0.9990605007186831,0.48478369368246427,0.9990605007186831,0.4798261595456932,74.46974600032229,339.93679904053835,192.13431231727174,180.68366091702575,76.07825632356383
ID_15_ri_OA_gaitinitiation_0_bl2_GOf0006,15,OA,False,late,362.5,03_ri_tib_ant,0.042872891338422786,0.1139775809836318,0.06226941395708731,0.20815205564464484,0.021835995781443376,0.16578878024386462,0.9994282665795626,0.2546241323785117,0.9326037791800934,0.04789961832824825,16.698432159131578,553.9088255299516,71.27616694730824,275.71517601825843,5.540278184159817
ID_15_ri_OA_gaitinitiation_0_bl2_GOf0006,15,OA,False,late,362.5,06_le_tib_ant,0.287040694289609,0.06477707637164108,0.22846135645178572,0.1581508283387274,0.36658545720602614,0.8340469261487007,0.5844687483650717,0.9997886884071834,0.5844687483650717,0.8340469261487007,111.95290648780397,314.7448395114535,261.15290289991935,209.40631523504882,93.01407016120594
ID_15_ri_OA_gaitinitiation_0_bl2_GOf0006,15,OA,False,late,362.5,07_le_soleus,0.16981029208322368,0.050526028193992524,0.1921593025651133,0.010428798934736512,0.20831486929196116,0.3534550142917095,0.7076025922027877,0.9994950947898434,0.04399744078735664,0.3534550142917095,66.55371875951978,245.54409823396313,219.99609844650234,13.802866499308642,52.994940945441996
ID_15_ri_OA_gaitinitiation_0_bl2_GOf0006,15,OA,False,late,362.5,08_le_gastroc_med,0.1658432672123579,0.07573574862227199,0.07982007638458286,0.019675623588611652,0.19586575499823985,0.3631027895644715,0.9994154824439834,0.4762692014503182,0.09827673658037005,0.3631027895644715,65.00827194328184,368.0946137947444,91.37852939001209,26.041683541344323,49.80853651269596
ID_15_ri_OA_gaitinitiation_0_bl2_GOf0010,15,OA,False,late,249.0,01_ri_soleus,0.0486287306541523,0.014711018872746772,0.4051087757946315,0.007337691025738135,0.07899455148900725,0.4590059057251862,0.03320932538975155,0.9998190015006039,0.013808228897289328,0.4590059057251862,24.652713697137916,99.27652454490539,441.70681551861423,8.052319513107108,20.285297833055132
ID_15_ri_OA_gaitinitiation_0_bl2_GOf0010,15,OA,False,late,249.0,02_ri_gastroc_med,0.014899408019120439,0.019163909657691176,0.31369697376767597,0.0032030352390430383,0.016641512001520156,0.21762413067992853,0.11576516430650574,0.9996791484794285,0.01127015471730074,0.21762413067992853,7.508102685635586,129.3407792323838,342.1201445999644,3.5134308449721026,4.19911410322442
ID_15_ri_OA_gaitinitiation_0_bl2_GOf0010,15,OA,False,late,249.0,03_ri_tib_ant,0.21737809644177747,0.06222565774721367,0.17081549237345187,0.3036930841428717,0.10015576708245272,0.5291739665926848,0.9993858620287199,0.8831982867507477,0.9993858620287199,0.11935192256543689,110.99872957350152,419.96324609457565,186.1686021445462,333.1889040673778,25.948026537438672
ID_15_ri_OA_gaitinitiation_0_bl2_GOf0010,15,OA,False,late,249.0,06_le_tib_ant,0.39109225812896947,0.04059533107411905,0.3683737088611085,0.11863045729798485,0.22018356466361547,0.6437699813758122,0.6437699813758122,0.9998422437940423,0.39472291221732775,0.5268605237351692,199.91280009707924,273.7454021746693,401.7511991436113,130.0725796171805,56.834749067244104
ID_15_ri_OA_gaitinitiation_0_bl2_GOf0010,15,OA,False,late,249.0,07_le_soleus,0.06497641744316522,0.0049526857375797135,0.18240105813430416,0.0019393703850467405,0.13160465544746452,0.24293982195651626,0.010621677267986332,0.9992300337704855,0.007609082003994917,0.24293982195651626,33.175617985792556,33.42942011019147,198.88356128905951,2.1272235397840515,34.12739360481465
ID_15_ri_OA_gaitinitiation_0_bl2_GOf0010,15,OA,False,late,249.0,08_le_gastroc_med,0.16110034715847268,0.022991633539639292,0.22492478514239123,0.006632384776392027,0.3282726215160729,0.5969922786671207,0.06535185090204303,0.999430979072212,0.023964227622502346,0.5969922786671207,82.25830642383899,155.17919148410064,244.98401414517875,7.274251214563268,85.13124109512509
ID_15_ri_OA_gaitinitiation_0_bl3_GOf0003,15,OA,False,late,356.0,01_ri_soleus,0.4411141864673563,0.007518254850383477,0.1468329021935128,0.0038787522257028037,0.5894652701604655,0.9994877403044926,0.1016363055325222,0.7236721685150582,0.042985701772336155,0.9994877403044926,221.48655902964143,51.53241900343231,125.46621199476769,5.063212261963313,208.85009828376317
ID_15_ri_OA_gaitinitiation_0_bl3_GOf0003,15,OA,False,late,356.0,02_ri_gastroc_med,0.6886755190211773,0.0347284277721791,0.27802682992179045,0.01418823974478002,0.6431686910314768,0.9998778166995459,0.9525009879103978,0.9405286210319461,0.42470909965655324,0.9998778166995459,345.6952862074211,237.8997244926226,237.79261588033768,18.376702817514456,227.5289624957656
ID_15_ri_OA_gaitinitiation_0_bl3_GOf0003,15,OA,False,late,356.0,03_ri_tib_ant,0.15480023085189729,0.04409184065952721,0.016679855649394663,0.19338101801787405,0.10636895149609335,0.3010627001153017,0.9990563758185871,0.03238435271406753,0.9990563758185871,0.23839626929877294,77.73260158430737,302.346992455266,14.272048541948289,253.5979252199086,37.6242789247118
ID_15_ri_OA_gaitinitiation_0_bl3_GOf0003,15,OA,False,late,356.0,06_le_tib_ant,0.2158776433336072,0.016806045438555815,0.28099005983930375,0.08092989294389906,0.28278697263640873,0.8868069019836605,0.3226183409984459,0.9998852477361506,0.3226183409984459,0.8868069019836605,108.05530385267527,115.29671203318381,240.3477049347128,106.09874714803334,99.94602867845425
ID_15_ri_OA_gaitinitiation_0_bl3_GOf0003,15,OA,False,late,356.0,07_le_soleus,0.364295304954078,0.011227677032343246,0.11322295664832088,0.0007840931413206703,0.45331175126642115,0.9990901159895273,0.5078084576974954,0.4521421255154496,0.01723804662230045,0.9990901159895273,183.27071717024273,76.74767982674672,97.01133591518692,1.0382610980677787,160.66179608011197
ID_15_ri_OA_gaitinitiation_0_bl3_GOf0003,15,OA,False,late,356.0,08_le_gastroc_med,0.3267122138013045,0.030925251701206448,0.09410714637251137,0.008144662832073598,0.40148138672333544,0.7993222445714661,0.44677197720187944,0.3468294109092132,0.038375677305820075,0.7993222445714661,164.36071825917975,211.90406143168593,80.6544179498119,10.677977845149895,142.2984097838564
ID_15_ri_OA_gaitinitiation_0_bl3_GOf0006,15,OA,False,late,209.0,01_ri_soleus,0.10478715209816862,0.009584533214296344,0.30615225605492785,0.004935226861980514,0.2832030669085275,0.872712134033619,0.03327500198256944,0.9996109445598119,0.010661526694477763,0.872712134033619,84.43280007970348,47.32676787160878,302.00046342741996,5.017091640540762,81.69281783026541
ID_15_ri_OA_gaitinitiation_0_bl3_GOf0006,15,OA,False,late,209.0,02_ri_gastroc_med,0.08222235058326301,0.00892947686228555,0.21076395031012587,0.0008127175851223382,0.22550077744832978,0.8869988786164157,0.05141741663819192,0.9993994042051734,0.005080650543549624,0.8869988786164157,66.1453217824028,44.08162744868136,207.7622840454607,0.8245977220907179,64.94816770471812
ID_15_ri_OA_gaitinitiation_0_bl3_GOf0006,15,OA,False,late,209.0,03_ri_tib_ant,0.3989671690172017,0.1132147858378031,0.056240417218433085,0.2614492575144413,0.10937678694822112,0.9999008884736069,0.9999008884736069,0.17986074554427955,0.936158497600877,0.15339713615293324,322.6677131486221,558.9876358339516,55.54955901091746,265.6814952886213,31.631721576634995
ID_15_ri_OA_gaitinitiation_0_bl3_GOf0006,15,OA,False,late,209.0,06_le_tib_ant,0.24349516539569696,0.041467147270847646,0.33100013642238424,0.057722571178320886,0.1787531515804664,0.48559112259500914,0.48559112259500914,0.9997671777839647,0.222420814408285,0.40430416994678176,197.0002581788354,204.55672172432614,326.8236594956689,58.73135552955542,51.430719320208254
ID_15_ri_OA_gaitinitiation_0_bl3_GOf0006,15,OA,False,late,209.0,07_le_soleus,0.11087729469156114,0.003700891716550821,0.04955672640795598,0.0012032078302306247,0.3169523976815998,0.549028735536637,0.014780708360766679,0.17793994171689825,0.00391888817074991,0.549028735536637,89.71159991744278,18.268475876226756,48.84275076184944,1.2225453078962498,91.81280842921814
ID_15_ri_OA_gaitinitiation_0_bl3_GOf0006,15,OA,False,late,209.0,08_le_gastroc_med,0.21072228821567182,0.009913152586222886,0.038140257197221736,0.0008983167894608699,0.6020258882425273,0.9991544004754542,0.05194581869654815,0.2180166406121833,0.010278709373063194,0.9991544004754542,170.5613332215788,48.91232353354551,37.557163737679005,0.9090980449076157,174.42969997293235
ID_15_ri_OA_gaitinitiation_0_bl3_GOf0009,15,OA,False,late,307.5,01_ri_soleus,0.40172087885734786,0.005849012023822208,0.13505227576147816,0.006878107491390449,0.6340336727194431,0.9995662699655756,0.028555733419726996,0.8554131326077986,0.01859119262634396,0.9995662699655756,151.8181594955584,74.55375041083964,143.2557011582656,8.358154026090288,154.2427403077577
ID_15_ri_OA_gaitinitiation_0_bl3_GOf0009,15,OA,False,late,307.5,02_ri_gastroc_med,0.35118418044983857,0.0206510357009458,0.15600827198008868,0.01774963375328222,0.5553241901229955,0.9995983153599811,0.10939317462721351,0.9816078230627063,0.0650499844861123,0.9995983153599811,132.5988679237627,263.2933013482227,165.49821665881163,21.54002578735617,135.00141970397226
ID_15_ri_OA_gaitinitiation_0_bl3_GOf0009,15,OA,False,late,307.5,03_ri_tib_ant,0.04632013085178807,0.03869859058029302,0.03741943467489905,0.3949506518156601,0.03183733988762699,0.1634945572626312,0.9997228816914536,0.23688527400750686,0.9997228816914536,0.042341726842974665,17.445450846521606,493.391002821754,39.67219042065549,479.7753375640168,7.730513157137
ID_15_ri_OA_gaitinitiation_0_bl3_GOf0009,15,OA,False,late,307.5,06_le_tib_ant,0.22223314375697065,0.022733691771782253,0.2918921135919439,0.21494690889587967,0.2457776846923333,0.7564356706055844,0.6414017033456959,0.9997964611748413,0.6414017033456959,0.7564356706055844,83.64223086177398,289.8505898862457,310.185085263098,260.9609031930533,59.58031859986523
ID_15_ri_OA_gaitinitiation_0_bl3_GOf0009,15,OA,False,late,307.5,07_le_soleus,0.45247216500434934,0.012053793152971124,0.29974826566523094,0.004029463342437311,0.6535910440053364,0.934698016369957,0.32174500445205495,0.999470696637912,0.02327783707808636,0.934698016369957,171.40430680839438,153.50503155011234,318.73483525536096,4.9023682047735235,159.20045895568762
ID_15_ri_OA_gaitinitiation_0_bl3_GOf0009,15,OA,False,late,307.5,08_le_gastroc_med,0.5154177609741775,0.040607190973237964,0.3071326067004521,0.02468230226695849,0.706029207033785,0.9994979930253779,0.5072390007763045,0.9849775769504298,0.14143355958665907,0.9994979930253779,195.27883308970544,517.4577638652386,326.6589871569542,29.942977123128692,171.9179052064909
ID_15_ri_OA_gaitinitiation_0_bl3_GOf0013,15,OA,False,late,310.0,01_ri_soleus,0.3845627729864114,0.007725954124205797,0.13732457431961234,0.004617170705263928,0.6323752748868057,0.9995410016897406,0.15450022747155553,0.5875983286591298,0.011460176713996998,0.9995410016897406,217.3455323541866,84.00929402274653,100.86163305185232,5.629898401180401,191.86303939933697
ID_15_ri_OA_gaitinitiation_0_bl3_GOf0013,15,OA,False,late,310.0,02_ri_gastroc_med,0.4837982566688442,0.013400640434778389,0.16888372909841345,0.005203961198476765,0.6569583925906087,0.9995214669040948,0.4747489367733829,0.649521994709191,0.039261918882101544,0.9995214669040948,273.4808173322109,145.70536069706276,124.0934459242298,6.3431634087247435,199.2534246778984
ID_15_ri_OA_gaitinitiation_0_bl3_GOf0013,15,OA,False,late,310.0,03_ri_tib_ant,0.26156097031407355,0.05622330009615266,0.17436789361759314,0.41668063771361946,0.15817751943339128,0.6292854777535554,0.9996730934381649,0.2668494682412677,0.9996730934381649,0.2758065515790571,147.6840888145692,611.6966351044455,128.4274661064178,508.03445011450174,47.91656705012292
ID_15_ri_OA_gaitinitiation_0_bl3_GOf0013,15,OA,False,late,310.0,06_le_tib_ant,0.30807859633825846,0.017184110184723995,0.1926190537525339,0.12179781064857031,0.4543148130640824,0.9997440123837364,0.4171389242271929,0.995814207317084,0.4171389242271929,0.9997440123837364,173.69942997008744,187.00934565904637,141.4605122828637,148.4199704700113,137.62418633238102
ID_15_ri_OA_gaitinitiation_0_bl3_GOf0013,15,OA,False,late,310.0,07_le_soleus,0.310885582126899,0.013106243131901835,0.1412026026577012,0.0006976550023529114,0.2758720572996983,0.999182517732509,0.999182517732509,0.4116420447061208,0.009804314979895559,0.986980205202156,175.99299739398276,142.12304825345637,104.02796453729556,0.8701846822120292,83.37903976777534
ID_15_ri_OA_gaitinitiation_0_bl3_GOf0013,15,OA,False,late,310.0,08_le_gastroc_med,0.32525734606975804,0.021461324244306135,0.05407151818250991,0.004871520353485853,0.31045309409742733,0.9993600608481567,0.9970744652400162,0.12866768829451286,0.02795519955705438,0.9978335509836553,184.13166786480156,233.04221728953013,39.83316191266199,5.961950926287251,93.89379417316535
ID_15_ri_OA_gaitinitiation_0_bl4_GOf0005,15,OA,False,late,354.5,01_ri_soleus,0.38561017975690703,0.006094577727202133,0.15111714899868078,0.004942312411308311,0.5551976038490374,0.9993646842654069,0.01452069454447208,0.5714631236394266,0.012160709744116238,0.9993646842654069,199.05638376682285,29.669655568934914,165.48228329000887,6.457183706869687,198.46681416768223
ID_15_ri_OA_gaitinitiation_0_bl4_GOf0005,15,OA,False,late,354.5,02_ri_gastroc_med,0.20159626641140457,0.0027343608549406117,0.10905552326083436,0.002237005921529553,0.28953025430323825,0.5476540006657163,0.009037167813003915,0.4926498114421058,0.007634417585678223,0.5476540006657163,103.96996284076681,13.31070011398217,119.38228371875687,2.9211152923539063,103.4039098793494
ID_15_ri_OA_gaitinitiation_0_bl4_GOf0005,15,OA,False,late,354.5,03_ri_tib_ant,0.1948236905572237,0.09988501624531873,0.046947314490942346,0.3373430187401441,0.1611634529763692,0.30251140227292617,0.982722240711503,0.14171855899304037,0.982722240711503,0.2734792713169508,100.49659132116504,486.1012877401539,51.42937013419838,441.4264970418353,57.485411531828206
ID_15_ri_OA_gaitinitiation_0_bl4_GOf0005,15,OA,False,late,354.5,06_le_tib_ant,0.22164841783018896,0.07055674987399649,0.2091240077228683,0.21136104750413748,0.13454568527274094,0.6312139421017038,0.6586906413341859,0.9995728538171941,0.6586906413341859,0.6189813017742428,113.95424011712441,343.39594005534343,229.08475717175935,276.35402538355044,47.77333761553431
ID_15_ri_OA_gaitinitiation_0_bl4_GOf0005,15,OA,False,late,354.5,07_le_soleus,0.35113868792034497,0.01207548547010047,0.1787931188152464,0.007855993869183888,0.499052075825516,0.999215531883093,0.18934817149407532,0.4490201102107898,0.027336900769289997,0.999215531883093,181.5649110971486,58.66641018120967,195.94690152916868,10.289793990816522,178.56293908075523
ID_15_ri_OA_gaitinitiation_0_bl4_GOf0005,15,OA,False,late,354.5,08_le_gastroc_med,0.3560109748271091,0.023800062788102774,0.0877438812016819,0.01522238443157786,0.493896889353558,0.9993990317615078,0.2800034213190551,0.2505816567935636,0.07378928585316083,0.9993990317615078,184.0918275370717,115.68536405219015,96.2129230363407,19.909486493146385,176.67305150520005
ID_15_ri_OA_gaitinitiation_0_bl4_GOf0010,15,OA,False,late,324.5,01_ri_soleus,-0.0022524008679027678,0.008751836748601012,0.4106659114964094,0.006268079213131516,-0.0054688897925686255,0.0831935813154319,0.01779738920116824,0.9994799721087123,0.010529286715058067,0.0831935813154319,-1.0075882228849262,94.51445727309593,444.57851921154315,7.825927044647175,-1.547773972253216
ID_15_ri_OA_gaitinitiation_0_bl4_GOf0010,15,OA,False,late,324.5,02_ri_gastroc_med,0.00012041382315510473,0.016946471470098617,0.3850993674086173,0.006153842816167311,-0.001277610764092071,0.0455037533132151,0.11302741187056971,0.7556513580047444,0.028222028458846173,0.0455037533132151,0.023695923491377002,183.01376557781745,416.9726527310502,7.68395294013979,-0.37663966571770147
ID_15_ri_OA_gaitinitiation_0_bl4_GOf0010,15,OA,False,late,324.5,03_ri_tib_ant,0.061134132329664914,0.03354156156097538,0.03447187195156933,0.2780033855652276,0.05428500980837307,0.13297504643886413,0.9995916933925141,0.13311101655982088,0.9995916933925141,0.07927595008105505,25.898226391062256,362.22872107008556,37.32179143601341,347.15224392333346,14.839649981429366
ID_15_ri_OA_gaitinitiation_0_bl4_GOf0010,15,OA,False,late,324.5,06_le_tib_ant,0.08027798204304301,0.01819115943564919,0.3165298778856785,0.13835610300562778,0.04234891049158904,0.19127243344126238,0.5990473418997272,0.9997493577866683,0.5990473418997272,0.10295674644177384,34.0178986256957,196.4119751657117,342.77489524884135,172.71016115053737,11.547380798197395
ID_15_ri_OA_gaitinitiation_0_bl4_GOf0010,15,OA,False,late,324.5,07_le_soleus,0.116951981344058,0.009293823711621164,0.20071025610778873,0.007981341839442149,0.18482852175264658,0.8402772835428836,0.02754828247555574,0.9990841100921516,0.02754828247555574,0.8402772835428836,49.26793949847573,100.38068138250203,216.68448124524463,9.963489089362495,50.21978280027951
ID_15_ri_OA_gaitinitiation_0_bl4_GOf0010,15,OA,False,late,324.5,08_le_gastroc_med,0.07361488731192876,0.026032560114699527,0.14198370796023732,0.027822519888687537,0.11692052962907423,0.43749805544680964,0.14294506102267784,0.5229826037862589,0.14294506102267784,0.43749805544680964,31.062859076110687,281.14647658287004,153.32353937091273,34.73289921740475,31.82038437362479
ID_15_ri_OA_gaitinitiation_0_bl4_GOf0012,15,OA,False,late,492.5,01_ri_soleus,0.5268273681379714,0.023146707374480505,0.28646904769958836,0.010537950279935778,0.9254257842207446,0.9997839817797389,0.7973680680493275,0.6658351681670774,0.022406613281084155,0.9997839817797389,268.3465467041896,260.1424443952512,209.60003067595449,16.701812804861795,219.48857762563188
ID_15_ri_OA_gaitinitiation_0_bl4_GOf0012,15,OA,False,late,492.5,02_ri_gastroc_med,0.40180867649564284,0.018634451045382413,0.1797053613964198,0.005459556846444011,0.8113528753899774,0.9997148306975777,0.31612658144027994,0.6185991051601966,0.023313618461834964,0.9997148306975777,204.59774950000838,209.5933761287631,131.358837597876,8.651645088323681,192.6016547795241
ID_15_ri_OA_gaitinitiation_0_bl4_GOf0012,15,OA,False,late,492.5,03_ri_tib_ant,0.4362900011620445,0.06418247283655105,0.1326182563891962,0.3076490076788901,0.4095185220145953,0.7079615100099002,0.99958513429675,0.23719056689677998,0.99958513429675,0.5103532927847441,222.07155066073474,722.2527314768307,97.10744271522907,487.25427526063504,97.14218571905458
ID_15_ri_OA_gaitinitiation_0_bl4_GOf0012,15,OA,False,late,492.5,06_le_tib_ant,0.4324565561576129,0.02834475655725991,0.23803566465344508,0.12348396478436398,0.7010636094030143,0.9986312579886591,0.45684822592397606,0.9992773278819813,0.45684822592397606,0.9986312579886591,219.83463861733276,318.9692931535321,173.96053764017535,195.50378156864363,166.23643855659708
ID_15_ri_OA_gaitinitiation_0_bl4_GOf0012,15,OA,False,late,492.5,07_le_soleus,0.3725505602583406,0.03269651635692571,0.06051080533061605,0.006685636416637556,0.2528783909948654,0.9991803926967272,0.9991803926967272,0.21603974473514914,0.02183116033537825,0.8641554965411713,190.03117645395946,367.61047633882424,44.36960090232035,10.60804457357958,59.754635921715575
ID_15_ri_OA_gaitinitiation_0_bl4_GOf0012,15,OA,False,late,492.5,08_le_gastroc_med,0.355159469395465,0.041262434898052994,0.023667371858595285,0.012472169103473221,0.15945844992299357,0.9990855635349956,0.9990855635349956,0.09786307448132459,0.04241811196967292,0.6435218383510316,181.1502468769125,464.1403796556686,17.35346646795607,19.773317749069733,37.61778559765038
ID_15_ri_OA_gaitinitiation_0_bl4_GOf0015,15,OA,False,late,297.5,01_ri_soleus,0.24571814342576345,0.027539720591994266,0.23304288660413766,0.007080922846638117,0.40990815029057415,0.9993534274211738,0.17284265532977278,0.9664132089642742,0.04550933381048373,0.9993534274211738,146.66964012190786,79.81441909723704,273.06402967993324,8.429024432166596,120.84508166018516
ID_15_ri_OA_gaitinitiation_0_bl4_GOf0015,15,OA,False,late,297.5,02_ri_gastroc_med,0.3103514838437976,0.037098028494817574,0.2963755371148644,0.00572594996395735,0.4037448668824604,0.9997704057221846,0.4071307862130503,0.9925469415279811,0.12972951651379644,0.9997704057221846,185.33011766743664,107.53099375582714,347.36279055281557,6.77022421973782,119.02980125677462
ID_15_ri_OA_gaitinitiation_0_bl4_GOf0015,15,OA,False,late,297.5,03_ri_tib_ant,0.24368286494028246,0.2524512089602986,0.013908751468821942,0.38554332299961364,0.012216396123288923,0.8307824294318908,0.9994251584592954,0.04784916627154987,0.9994251584592954,0.0781823046038854,145.52316262127565,731.3610417960454,16.319358956880638,460.29298071745905,3.5520182760393686
ID_15_ri_OA_gaitinitiation_0_bl4_GOf0015,15,OA,False,late,297.5,06_le_tib_ant,0.26382737180036064,0.10524137071739544,0.18010730660144608,0.1325001231708404,0.10149967431053224,0.5462722523109497,0.5462722523109497,0.9994454082820965,0.40725494286856734,0.2612271229072283,157.73681268639206,304.81208447765243,211.35494293984104,158.1303360755473,29.821603941217425
ID_15_ri_OA_gaitinitiation_0_bl4_GOf0015,15,OA,False,late,297.5,07_le_soleus,0.19054513019997002,0.06641652709923514,0.2079804895992302,0.01944862269555235,0.38842195327511014,0.639105315607897,0.6328346508356488,0.9739964075378005,0.06563411049706083,0.639105315607897,113.92595542081078,192.4758763110419,243.471602025219,23.215553774905615,114.75235602228861
ID_15_ri_OA_gaitinitiation_0_bl4_GOf0015,15,OA,False,late,297.5,08_le_gastroc_med,0.2255290821427869,0.12253096814663077,0.16083487990407822,0.03660965148318285,0.45934216324652855,0.7072920641341119,0.6942463097654785,0.9929884956935752,0.11387899434397733,0.7072920641341119,134.8223461600667,355.0810632009882,188.0543075532523,43.69463115355041,135.66688755454996
ID_16_le_OA_gaitinitiation_0_bl2_GO0004,16,OA,False,early,401.0,01_ri_soleus,0.00777340277848075,0.028720314395432996,0.29757363576062906,0.027589203430001548,0.013221642908116235,0.08448938322462794,0.1328618455341759,0.9988727076938968,0.1328618455341759,0.08448938322462794,2.4710257020184407,256.5498791861887,350.48689126832335,38.661655420980935,2.523546906850192
ID_16_le_OA_gaitinitiation_0_bl2_GO0004,16,OA,False,early,401.0,02_ri_gastroc_med,0.15573795122439885,0.03262933020069544,0.5387970557130111,0.07680187775803202,0.1934540186176816,0.24054417112627996,0.5180396180628254,0.9996031446949061,0.5180396180628254,0.24054417112627996,50.40409038287886,291.4140278222452,634.4783434384004,107.57508628118012,37.34215167840749
ID_16_le_OA_gaitinitiation_0_bl2_GO0004,16,OA,False,early,401.0,03_ri_tib_ant,0.27606184276638135,0.04381231104697876,0.2932861094806957,0.2403619671724386,0.19132946531617084,0.6087569167168608,0.9086139153153081,0.856823673713139,0.9086139153153081,0.24610896709120728,89.30246887036434,391.2767219057482,344.9708804756853,336.6775898047153,36.911585984816114
ID_16_le_OA_gaitinitiation_0_bl2_GO0004,16,OA,False,early,401.0,06_le_tib_ant,0.2976861678442727,0.05414592315407386,0.49203952135962764,0.2889556857163081,0.09910458258581878,0.7348827262189024,0.7396653380656937,0.999033360789667,0.7396653380656937,0.3197380382558353,96.32593980739728,483.51367882621037,579.4004894130516,404.7470411844251,19.003202014885574
ID_16_le_OA_gaitinitiation_0_bl2_GO0004,16,OA,False,early,401.0,07_le_soleus,0.4876323334198224,0.04019328759685017,0.15280580907890073,0.016470687741804015,0.7733449502201613,0.9994644111223231,0.25699283251586996,0.7368164248244552,0.05099320416685006,0.9994644111223231,158.106182043355,358.8800785023667,179.51720022365618,23.088279950678455,149.49656410102733
ID_16_le_OA_gaitinitiation_0_bl2_GO0004,16,OA,False,early,401.0,08_le_gastroc_med,0.4125565143175962,0.18890475656317868,0.2987195587321897,0.18448306516711835,0.5671533043920659,0.8173689663004827,0.23520798632829307,0.7917134313482768,0.19732628721447049,0.8173689663004827,133.59516239872116,1687.2705990689524,351.3562855359294,258.4671343283541,109.5045662246724
ID_16_le_OA_gaitinitiation_0_bl1_GO0004,16,OA,False,early,281.5,01_ri_soleus,0.019682323696686314,0.03186156943662363,0.22674362669514309,0.021386843024475185,0.007787522887604668,0.0718488190678995,0.26887074608147804,0.9989548314574537,0.0792055087036814,0.021750429592367084,9.389593983205188,277.24583465642417,250.55474342174375,24.81842316910555,2.634286144943575
ID_16_le_OA_gaitinitiation_0_bl1_GO0004,16,OA,False,early,281.5,02_ri_gastroc_med,0.0434319945539006,0.021300808135644795,0.07340672641443598,0.016461470583181526,0.024064570537133654,0.12088987713369152,0.22481853124675463,0.11757503367399916,0.12107315266093363,0.03847835560665186,20.734473670998057,185.3420712686666,81.07976737717186,19.07683694139185,8.152383759409425
ID_16_le_OA_gaitinitiation_0_bl1_GO0004,16,OA,False,early,281.5,03_ri_tib_ant,0.2529562188424103,0.07350977798616835,0.14147703010234056,0.28564982380196124,0.24584241579167643,0.4253768432424935,0.672672172158415,0.28131429796257157,0.672672172158415,0.4253768432424935,121.03777143071994,639.3278514854942,156.1023341178958,332.15794964371275,83.28707619367137
ID_16_le_OA_gaitinitiation_0_bl1_GO0004,16,OA,False,early,281.5,06_le_tib_ant,0.7190198954348874,0.08595515179780155,0.2431202324715504,0.4161680928545825,0.6216486764586138,0.999911254163586,0.999911254163586,0.6514366389739779,0.9526754723744268,0.9909241188085746,343.87609978443385,747.2949894241809,268.44939049951137,483.5900979865982,210.74401859632584
ID_16_le_OA_gaitinitiation_0_bl1_GO0004,16,OA,False,early,281.5,07_le_soleus,0.0352158801644198,0.017078113058636112,0.14499705341784538,0.004527710045905887,0.04820412866254819,0.32781827700988375,0.4504345841791162,0.46432787698553685,0.013471363223586847,0.32781827700988375,16.694430107646404,148.6098817585759,159.92603904475826,5.257073476359616,16.2166866828495
ID_16_le_OA_gaitinitiation_0_bl1_GO0004,16,OA,False,early,281.5,08_le_gastroc_med,0.040935331414774144,0.049485208854960466,0.14156761538874837,0.04205873072390235,0.04098793349090459,0.0560331866536354,0.17177266781065864,0.47937227260310245,0.0457748743197349,0.0560331866536354,19.55876323960909,430.5829525523088,156.1485418049401,48.872939254516766,13.886479436264182
ID_16_le_OA_gaitinitiation_0_bl1_GO0008,16,OA,False,early,360.5,01_ri_soleus,0.04080566491892219,0.04441831018074995,0.13185600583740462,0.02772065789388151,0.029139895881522306,0.08097260982455504,0.20520809279509128,0.9996297370667309,0.11851014384380901,0.05711807988706001,19.049953085851527,216.2239673139426,177.0087870419177,36.572368963756844,9.29038346854165
ID_16_le_OA_gaitinitiation_0_bl1_GO0008,16,OA,False,early,360.5,02_ri_gastroc_med,0.11303454335733418,0.013010890297921,0.23168698595237036,0.009730723831143146,0.09077289920898994,0.17971803861871813,0.17971803861871813,0.9994759717051886,0.13100847658417006,0.11941937080401092,52.79783228182596,63.28871345687326,311.73152808191566,12.781503422990472,28.9535830027613
ID_16_le_OA_gaitinitiation_0_bl1_GO0008,16,OA,False,early,360.5,03_ri_tib_ant,0.2815162362630622,0.06691198298650718,0.3057202354548647,0.15050129541293575,0.2666975813191045,0.43956562666712234,0.4355632989856254,0.8789237600101248,0.3307734714597135,0.43956562666712234,131.62634898424682,325.576398270434,411.30470498835587,198.71760681579914,85.09594073750759
ID_16_le_OA_gaitinitiation_0_bl1_GO0008,16,OA,False,early,360.5,06_le_tib_ant,0.5602082786970253,0.11013577008167486,0.11048532539494563,0.27157697539941417,0.44980103752905265,0.9938444712524277,0.9997084323674418,0.39741304000693817,0.9997084323674418,0.5303398853535131,261.47710328809785,535.9795689823075,148.44381985101913,358.2540893338335,143.4642152311377
ID_16_le_OA_gaitinitiation_0_bl1_GO0008,16,OA,False,early,360.5,07_le_soleus,-0.0016676717213492858,0.03329273444713202,0.2899918378431958,0.012478123450406362,-0.005448024865641353,0.010024131914526925,0.4878284419095835,0.9996638205969515,0.029753310701290274,0.00966107633929705,-0.7914197868520767,162.0931155109655,390.3001284740432,16.46529212793081,-1.753482403954136
ID_16_le_OA_gaitinitiation_0_bl1_GO0008,16,OA,False,early,360.5,08_le_gastroc_med,0.11914291470241328,0.13481280955180497,0.2997803801321198,0.12250299723957976,0.12050857765362522,0.13259185864924952,0.2788639733202731,0.9360405525118924,0.141945852986804,0.13259185864924952,55.64822338597687,656.2780978333099,402.9807918465999,161.70444777098675,38.44645479030609
ID_16_le_OA_gaitinitiation_0_bl1_GO0009,16,OA,False,late,300.5,01_ri_soleus,0.05556133293754604,0.06379265440061185,nan,0.03967635569257025,0.003130535060368152,0.23567560231115348,0.9994268937825123,nan,0.24508474153524862,0.005786538698384641,24.659052173646177,817.5466451987647,0.0,47.516288424575556,0.7177236223040813
ID_16_le_OA_gaitinitiation_0_bl1_GO0009,16,OA,False,late,300.5,02_ri_gastroc_med,0.06739540089208451,0.021595515881712518,nan,0.03151624697691823,0.021059177267023704,0.20068562292413175,0.20540511151054552,nan,0.20540511151054552,0.025652392194559337,29.95045752762382,276.75378325152076,0.0,37.73748936716368,4.8444616259814754
ID_16_le_OA_gaitinitiation_0_bl1_GO0009,16,OA,False,late,300.5,03_ri_tib_ant,0.21168393086410905,0.023443905385126074,nan,0.12747665233958522,0.22901834824537562,0.3719182654572598,0.4070383351316929,nan,0.4070383351316929,0.3719182654572598,94.39776770642555,300.27700608113577,0.0,153.09578216161992,52.71364257460762
ID_16_le_OA_gaitinitiation_0_bl1_GO0009,16,OA,False,late,300.5,06_le_tib_ant,0.3402070819766082,0.017650001851206586,nan,0.132755364752846,0.6494730752439186,0.9995214141806483,0.36384729005163374,nan,0.36384729005163374,0.9995214141806483,151.26377488310877,226.1572150657882,0.0,159.43650006221773,149.51561149789896
ID_16_le_OA_gaitinitiation_0_bl1_GO0009,16,OA,False,late,300.5,07_le_soleus,0.13895580423178158,0.03302877047191769,nan,0.007634114760425841,0.1103290016121351,0.30239636488935134,0.6848899774867067,nan,0.01701840884925457,0.2895966783190701,61.97009347200021,423.14345533661333,0.0,9.15306165363579,25.342762587697454
ID_16_le_OA_gaitinitiation_0_bl1_GO0009,16,OA,False,late,300.5,08_le_gastroc_med,0.0874199276510774,0.09723601081626233,nan,0.08907027758322175,0.08461667187782994,0.09183324911093932,0.2586528626021749,nan,0.10061943600292415,0.09183324911093932,38.90229344132847,1246.090693154061,0.0,106.8796053936414,19.459432466525584
ID_16_le_OA_gaitinitiation_0_bl1_GO0012,16,OA,False,late,241.0,01_ri_soleus,0.04037646428910206,0.03157768821663095,0.24070447882073817,0.02689150297874242,0.06706011160298518,0.15779023761520822,0.23894413376886808,0.9989293139318441,0.10049036733367436,0.15779023761520822,18.82089858178299,212.73719565998636,195.84054979312378,29.055369879314195,14.272125930394683
ID_16_le_OA_gaitinitiation_0_bl1_GO0012,16,OA,False,late,241.0,02_ri_gastroc_med,0.15881270298557734,0.040085081091595115,0.512542592273761,0.03429327624354189,0.2048082969815964,0.36229432290011454,0.2503680419686374,0.9996277179771902,0.24943972238905526,0.36229432290011454,74.17352818294736,270.03472673276985,416.88512762697934,36.97354069431955,43.62659337122923
ID_16_le_OA_gaitinitiation_0_bl1_GO0012,16,OA,False,late,241.0,03_ri_tib_ant,0.4374140088962605,0.26699054466397876,0.40297168056815824,0.4266288877872884,0.44064665419072574,0.5837279816213881,0.9006610321930462,0.6452530785261027,0.9006610321930462,0.5146554809810169,204.88050147916044,1798.3055489838753,327.6730098759398,461.44165624278753,93.8881082859302
ID_16_le_OA_gaitinitiation_0_bl1_GO0012,16,OA,False,late,241.0,06_le_tib_ant,0.24968192109211462,0.09011826357675944,0.6109180636128695,0.265862030061422,0.1075320963803268,0.6822718383073405,0.6844797103660235,0.9086642828783361,0.6844797103660235,0.29952590391910855,116.60451484603333,606.949979052426,496.8440846418071,287.3179048437721,22.857306453402153
ID_16_le_OA_gaitinitiation_0_bl1_GO0012,16,OA,False,late,241.0,07_le_soleus,0.30937118950546666,0.07152266958246195,0.05806765300792408,0.008997286998877488,0.38246981691371895,0.6803191568123081,0.999754470338039,0.2518559900107841,0.03281338514336374,0.6803191568123081,145.06616178830694,481.5061351793728,47.212561861795386,9.739438397532743,81.46885529761596
ID_16_le_OA_gaitinitiation_0_bl1_GO0012,16,OA,False,late,241.0,08_le_gastroc_med,0.592990124579922,0.23477870121469002,0.3035089802684036,0.18523339254363427,0.8931304088819174,0.9997670900277275,0.9111340396760437,0.7157937985752804,0.24257711491792372,0.9997670900277275,277.67087265795976,1581.2075275259913,246.59937379737903,200.25137459545368,190.35245086387846
ID_16_le_OA_gaitinitiation_0_bl2_GO0002,16,OA,False,late,309.0,01_ri_soleus,0.01088762620721829,0.02524467570961765,nan,0.02290077529045781,0.002179015730894203,0.05404299981823959,0.10161401029145814,nan,0.10161401029145814,0.0027260913093217405,4.8479077140556175,324.7111579843614,0.0,27.86097911538357,0.43971020056822
ID_16_le_OA_gaitinitiation_0_bl2_GO0002,16,OA,False,late,309.0,02_ri_gastroc_med,0.12350678714702985,0.030406844398417284,nan,0.06657504111424763,0.085378496719379,0.39046357495204786,0.4587851752677289,nan,0.4587851752677289,0.12449057646421316,55.11625896067289,391.0646550999704,0.0,80.88292584243611,17.26340887493114
ID_16_le_OA_gaitinitiation_0_bl2_GO0002,16,OA,False,late,309.0,03_ri_tib_ant,0.14836661056830944,0.01892651654224387,nan,0.16677094958368172,0.13614464035018223,0.2005695744521328,0.45146071291986056,nan,0.45146071291986056,0.18827938829294136,66.33210067777266,243.4042591166529,0.0,203.07804663064883,27.503645508276705
ID_16_le_OA_gaitinitiation_0_bl2_GO0002,16,OA,False,late,309.0,06_le_tib_ant,0.4474708728879798,0.04106658194153532,nan,0.35040468665706537,0.5113142032919178,0.6670183673602625,0.9994532214518841,nan,0.9994532214518841,0.6669483133810619,200.10968333859023,527.9059625844106,0.0,426.60901977940034,103.28874119829341
ID_16_le_OA_gaitinitiation_0_bl2_GO0002,16,OA,False,late,309.0,07_le_soleus,0.022691297335763222,0.02583894929037958,nan,0.014301396092806756,0.04601445915587914,0.1801418717422964,0.06531518162922166,nan,0.039243738887022525,0.1801418717422964,10.067192283376155,332.3534282540857,0.0,17.404830456956788,9.247519703278
ID_16_le_OA_gaitinitiation_0_bl2_GO0002,16,OA,False,late,309.0,08_le_gastroc_med,0.09939394036529704,0.10361978824497117,nan,0.1013964716686688,0.1002509096515735,0.11116049236829136,0.11279514308511318,nan,0.11245873543498827,0.11116049236829136,44.42193967536379,1332.7604426803616,0.0,123.39973657720698,20.243519263917875
ID_16_le_OA_gaitinitiation_0_bl2_GO0009,16,OA,False,late,346.0,01_ri_soleus,0.008642419402512695,0.03576372498190944,nan,0.03911602712094776,0.011226210033290527,0.03909840697731256,0.16888741694781353,nan,0.1423445390085623,0.038221151223527886,3.3128860719177426,461.67127920111534,0.0,50.50782345725159,1.899343832925179
ID_16_le_OA_gaitinitiation_0_bl2_GO0009,16,OA,False,late,346.0,02_ri_gastroc_med,0.12366823964078215,0.06069287593214243,nan,0.11993640178367702,0.21871716449510092,0.49712189367467474,0.6152621170648811,nan,0.6152621170648811,0.49712189367467474,47.636741786869315,783.4499736606397,0.0,154.82995975391586,37.10998306713851
ID_16_le_OA_gaitinitiation_0_bl2_GO0009,16,OA,False,late,346.0,03_ri_tib_ant,0.25091815650565513,0.04265063949664042,nan,0.2046934865921003,0.153371123631082,0.39698616950262744,0.8358472609530342,nan,0.8358472609530342,0.20259391790002704,97.1627523351238,550.4576383324865,0.0,264.33821925208696,26.05179037980155
ID_16_le_OA_gaitinitiation_0_bl2_GO0009,16,OA,False,late,346.0,06_le_tib_ant,0.4468646424856211,0.044020902929109235,nan,0.3164716033232432,0.09931716935569818,0.8588714127535464,0.8588714127535464,nan,0.7698234571047526,0.33369690594757473,172.94676578754314,568.0850864546163,0.0,408.4933278103948,16.756977827719016
ID_16_le_OA_gaitinitiation_0_bl2_GO0009,16,OA,False,late,346.0,07_le_soleus,0.35138734271590083,0.05604621751004999,nan,0.032778203730334146,0.7657846474487909,0.9992425339170884,0.3279419427950657,nan,0.08456408882510952,0.9992425339170884,135.93462847207584,723.3627777132222,0.0,42.31727162035423,130.40712572058914
ID_16_le_OA_gaitinitiation_0_bl2_GO0009,16,OA,False,late,346.0,08_le_gastroc_med,0.5030249901322329,0.2832061253842529,nan,0.2754476672324267,0.7969051264959657,0.9994009706833001,0.39586285356434103,nan,0.3158695003749244,0.9994009706833001,194.60158088636115,3655.5693461546457,0.0,355.6112360207841,135.62010759191926
ID_16_le_OA_gaitinitiation_0_bl2_GO0016,16,OA,True,early,286.5,01_ri_soleus,0.11305460036647554,0.056625875041589425,0.2787075484190752,0.015110311298658665,0.07285639593432708,0.3071124304628401,0.4432763958407455,0.9991572400187472,0.0795815673938684,0.246741137471829,67.32356873405433,267.5458923021944,417.70628315987335,17.68316876727451,31.90997421383452
ID_16_le_OA_gaitinitiation_0_bl2_GO0016,16,OA,True,early,286.5,02_ri_gastroc_med,0.16012700843389865,0.023833325111788265,0.4681562130706605,0.015452482623733626,0.1052881439313499,0.38192000666976733,0.38192000666976733,0.9991950874310025,0.2151647451454966,0.21781827442816387,95.23979544999798,112.61100767796937,701.433199392794,18.00614161775178,46.1536659783503
ID_16_le_OA_gaitinitiation_0_bl2_GO0016,16,OA,True,early,286.5,03_ri_tib_ant,0.42471693137162986,0.1342087417220476,0.42505183068186886,0.24148124147494063,0.5448263299359869,0.7185569526494501,0.8109264898544133,0.9995991897833809,0.8109264898544133,0.7185569526494501,252.7165527165251,634.5403540005336,636.6230653488899,283.20135592731407,239.22353816827544
ID_16_le_OA_gaitinitiation_0_bl2_GO0016,16,OA,True,early,286.5,06_le_tib_ant,0.14410227211479676,0.0992589409557859,0.3044564170729015,0.28918422965086044,0.1024787080471766,0.5548937030947074,0.9995945087641015,0.9974794587766371,0.9995945087641015,0.25616819050929224,85.47131948120398,469.3949480480195,456.1491996691658,338.92627401524334,44.95324338554992
ID_16_le_OA_gaitinitiation_0_bl2_GO0016,16,OA,True,early,286.5,07_le_soleus,0.5301189488953022,0.09830330497783446,0.25571171813687377,0.04312254814378783,0.4928107222563868,0.9814604430956597,0.9992601348486735,0.7230982031004793,0.2222778997097458,0.9710845194414153,315.6681250745114,464.29464171970056,383.09981607614816,50.50227818378472,216.13787801223458
ID_16_le_OA_gaitinitiation_0_bl2_GO0016,16,OA,True,early,286.5,08_le_gastroc_med,0.6022057586745345,0.17156272487012986,0.4282469828201371,0.15299712392295967,0.6809983921324305,0.9996079078723354,0.6773751113618901,0.7952689438130385,0.17534544957007642,0.9996079078723354,358.61158891154884,810.8960706593101,641.5310619760052,179.30332561203448,299.0727555205012
ID_16_le_OA_gaitinitiation_0_bl3_GO0004,16,OA,False,early,2489.5,01_ri_soleus,0.03708858989140145,0.11769486700605337,nan,0.14928953127356143,0.054400695893429885,0.24565535992011153,0.730688574867474,nan,0.730688574867474,0.24565535992011153,13.125778165417394,1543.1415613779814,0.0,832.7412363768117,12.180391487440833
ID_16_le_OA_gaitinitiation_0_bl3_GO0004,16,OA,False,early,2489.5,02_ri_gastroc_med,0.23455778298641367,0.028527216443723503,nan,0.04329902901082884,0.3610258077192403,0.8488392307748418,0.2662880766606407,nan,0.2662880766606407,0.8488392307748418,83.71853002962378,374.04193647154057,0.0,241.49918371650364,81.16750549703687
ID_16_le_OA_gaitinitiation_0_bl3_GO0004,16,OA,False,early,2489.5,03_ri_tib_ant,0.4711478128750361,0.02813921632471021,nan,0.05508268067814866,0.48314114444699935,0.5077633545795897,0.9997873578599771,nan,0.9997873578599771,0.5077633545795897,168.7291831716452,368.7240726942918,0.0,307.1200954353697,108.72724336203173
ID_16_le_OA_gaitinitiation_0_bl3_GO0004,16,OA,False,early,2489.5,06_le_tib_ant,0.16538298129145715,0.01486078534851807,nan,0.033749343913340876,0.23764797648687067,0.4880225613637193,0.609207287981641,nan,0.609207287981641,0.4880225613637193,59.07878679643105,194.85198066087037,0.0,188.23433798961668,53.46481338652734
ID_16_le_OA_gaitinitiation_0_bl3_GO0004,16,OA,False,early,2489.5,07_le_soleus,0.5303392691259132,0.046917163021397715,nan,0.05110555784167273,0.4550944709245109,0.9993744278910176,0.9897201119116282,nan,0.6043587682853698,0.9993744278910176,190.24265793052516,614.6635412657022,0.0,284.9506211679654,102.35201442165402
ID_16_le_OA_gaitinitiation_0_bl3_GO0004,16,OA,False,early,2489.5,08_le_gastroc_med,0.6456041354419815,0.14665203230856866,nan,0.14268921209939112,0.6683341144506156,0.9993892175502499,0.9169426718283,nan,0.3240426448139885,0.9993892175502499,231.45032539247444,1922.3615662896505,0.0,795.8249676432954,150.42104154347328
ID_16_le_OA_gaitinitiation_0_bl3_GO0008,16,OA,False,early,264.5,01_ri_soleus,0.023511845892102826,0.01986686454000293,0.4727435160701306,0.01514926365241098,0.029858464252594346,0.1663216722645532,0.12310606241465132,0.9996470887118976,0.06720778185494893,0.1663216722645532,9.85041322084619,132.80065504285483,394.64145963886466,17.088842493876594,7.84887670998778
ID_16_le_OA_gaitinitiation_0_bl3_GO0008,16,OA,False,early,264.5,02_ri_gastroc_med,0.07043524347234659,0.04608399919710721,0.6277356559423495,0.062082324903500845,0.08879732477649879,0.35449660327495325,0.30471995036471694,0.9995479493052304,0.30471995036471694,0.35449660327495325,29.534382200982144,308.0866476912291,523.7508940330086,69.99818874812932,23.436057173120034
ID_16_le_OA_gaitinitiation_0_bl3_GO0008,16,OA,False,early,264.5,03_ri_tib_ant,0.18561438140913508,0.20581907368912677,0.2538670308418456,0.32951870190058996,0.1876682610164071,0.2837697697124211,0.6066752749876434,0.5827965039182965,0.6066752749876434,0.24652944906173055,78.28203173858299,1376.0352481668908,211.59569190300158,371.7673628880063,49.78911945965182
ID_16_le_OA_gaitinitiation_0_bl3_GO0008,16,OA,False,early,264.5,06_le_tib_ant,0.46805820849030466,0.13297314285581197,0.32996025764516385,0.221317581263329,0.22711160182326418,0.9994474747788828,0.9994474747788828,0.6384053918851416,0.5847745855277482,0.6613365125172818,197.44530086298755,888.6167935847712,275.18961158605293,249.52407408847606,59.83261869019075
ID_16_le_OA_gaitinitiation_0_bl3_GO0008,16,OA,False,early,264.5,07_le_soleus,0.4662704597042261,0.028226518437727204,0.18168328276953047,0.0420477443304403,0.7095072375703027,0.9670939283658173,0.22490291513674293,0.5034750224302141,0.22490291513674293,0.9670939283658173,196.91513198271315,188.62848640663898,151.3316561778741,47.417274487477435,188.37023773692837
ID_16_le_OA_gaitinitiation_0_bl3_GO0008,16,OA,False,early,264.5,08_le_gastroc_med,0.7896403839291398,0.3010483090776653,0.23873694983436383,0.2245752211463879,0.8205921157797047,0.9994507012147441,0.9191927874337976,0.4479851489117824,0.35401517153919704,0.9994507012147441,333.5889934153081,2012.1576771677817,198.9644324748454,253.20593469490677,217.61127878008543
ID_16_le_OA_gaitinitiation_0_bl3_GO0009,16,OA,False,late,594.5,01_ri_soleus,0.03502544132563858,0.10407333612612649,0.3200696201824033,0.1285185190925456,0.004244773385071798,0.12516681840616392,0.3571512062505126,0.9270832747916866,0.3571512062505126,0.005608867278350147,7.636392224784213,767.7827207445723,287.97006458070746,229.8144229843332,0.12692317257022354
ID_16_le_OA_gaitinitiation_0_bl3_GO0009,16,OA,False,late,594.5,02_ri_gastroc_med,0.02745380059110037,0.03350726441508159,0.6566399307795867,0.0756018845700124,0.037428342851627716,0.14275042924962636,0.4666368439992209,0.9998309093895099,0.4666368439992209,0.047849788605650645,5.935257759927355,247.20382819765,590.4812862435704,135.1616432187887,1.1223570429600158
ID_16_le_OA_gaitinitiation_0_bl3_GO0009,16,OA,False,late,594.5,03_ri_tib_ant,0.3311114060837048,0.059569789490276394,0.41781334734105297,0.17297031497306353,0.45477105319817146,0.4554502350180686,0.998748928900719,0.5573798018557699,0.998748928900719,0.4554502350180686,72.58129978272756,439.2568240210094,375.6343199697229,309.4083807112557,13.64439007873604
ID_16_le_OA_gaitinitiation_0_bl3_GO0009,16,OA,False,late,594.5,06_le_tib_ant,0.058685587026884416,0.038822042022067585,0.31567985927073433,0.15237245319587964,-0.007997553216795605,0.2748929130682992,0.8384869286940881,0.5194231658133128,0.8384869286940881,-0.0026399743955467765,12.762927998591167,286.43607839471787,283.847681428227,272.4441433272302,-0.24106510235356698
ID_16_le_OA_gaitinitiation_0_bl3_GO0009,16,OA,False,late,594.5,07_le_soleus,0.54830216969894,0.049770719340904754,0.14857522330327774,0.05445892204769884,0.9935694355394693,0.9993836993754845,0.9788978790580135,0.9608486247992291,0.4407916213908553,0.9993836993754845,120.13271587326184,366.6908434412401,133.22675195835308,97.41010849398037,29.81728668985995
ID_16_le_OA_gaitinitiation_0_bl3_GO0009,16,OA,False,late,594.5,08_le_gastroc_med,0.6194573394598677,0.2117339501867612,0.4682526909183978,0.20789340419529698,0.9873065533367397,0.9992349377942714,0.9452168497057398,0.9963541313335307,0.31978182471428157,0.9992349377942714,135.66911159802402,1561.6020138812405,420.7805314584059,371.71144607707004,29.626119566085105
ID_16_le_OA_gaitinitiation_0_bl3_GO0012,16,OA,False,late,272.0,01_ri_soleus,0.12066268218800566,0.01502443514250733,0.07205095016678625,0.004802192589062728,0.11178490833835512,0.21219296283004435,0.21219296283004435,0.22313023882694108,0.024822236728078432,0.12611901682848464,33.738879697711425,102.05270097022736,107.88252923197132,5.491208707703029,2.9060071588610343
ID_16_le_OA_gaitinitiation_0_bl3_GO0012,16,OA,False,late,272.0,02_ri_gastroc_med,0.2695500587351013,0.06655467144364738,0.3866518798745153,0.05205563637289424,0.02478343204748593,0.5347311880401875,0.5347311880401875,0.9995543783798174,0.4462298962172966,0.02581334158148309,75.22826041402843,452.3576215581804,579.3980574693666,59.28552374106852,0.642982039040865
ID_16_le_OA_gaitinitiation_0_bl3_GO0012,16,OA,False,late,272.0,03_ri_tib_ant,0.2791131331157938,0.22069358158496996,0.4186090724480797,0.2629297230550516,0.8405330697525168,0.8729972659154386,0.755685478764089,0.9997300286451164,0.573165328934479,0.8729972659154386,77.65334671033976,1499.59362698302,626.8231904413399,300.693915270076,21.85844220234778
ID_16_le_OA_gaitinitiation_0_bl3_GO0012,16,OA,False,late,272.0,06_le_tib_ant,0.18039553131650138,0.08526255357429541,0.17209867125298284,0.23124084911261575,0.016092541973816304,0.7355401904419847,0.9997005236950605,0.35331516737043317,0.9997005236950605,0.026118496659087533,50.1155700900165,579.4892833434617,257.7809603999847,264.1575816135324,0.4176801854699572
ID_16_le_OA_gaitinitiation_0_bl3_GO0012,16,OA,False,late,272.0,07_le_soleus,0.5776946247800937,0.05734073812819315,0.30764986025617286,0.049088894815458306,0.866180741602469,0.9995642152129678,0.9995642152129678,0.7957013961072337,0.3124296490306334,0.897814120452282,161.356923003409,389.28567277041475,460.7193103828948,56.16559704824243,22.521584807275808
ID_16_le_OA_gaitinitiation_0_bl3_GO0012,16,OA,False,late,272.0,08_le_gastroc_med,0.4926102628059192,0.21289371095238535,0.6678934273240242,0.17473738610972478,0.833503596164622,0.8343241298884847,0.8284467933468157,0.9096058064620696,0.27953327597072836,0.8343241298884847,137.4510258612534,1446.5443555079787,1000.4950293584376,199.75373328842363,21.672798296296985
ID_16_le_OA_gaitinitiation_0_bl4_GO0003,16,OA,False,late,425.5,01_ri_soleus,0.02510630743063713,0.021667063432978896,0.256584733841585,0.03498462635933101,-3.001761117076774e-05,0.1584326402227289,0.20789439610991783,0.999342935155053,0.20789439610991783,0.0016669351089656204,10.612055132183954,153.12077680404505,373.5549921315757,50.66632388422692,-0.005911538875285199
ID_16_le_OA_gaitinitiation_0_bl4_GO0003,16,OA,False,late,425.5,02_ri_gastroc_med,0.08230270822135861,0.027533068661939355,0.3770954370589032,0.028059569800473055,0.005984577743627958,0.27415755831050503,0.27415755831050503,0.9997600688692538,0.25677532778154755,0.012662491988448484,34.924911468246584,194.51869531307733,548.7718225329919,40.572147328032344,1.244040384301272
ID_16_le_OA_gaitinitiation_0_bl4_GO0003,16,OA,False,late,425.5,03_ri_tib_ant,0.31366492574515087,0.09910550697464582,0.3535077766701508,0.14240919890272294,0.40434781744632353,0.631968712297236,0.6308848559958712,0.9639406323692115,0.44848589990490195,0.6319207182160245,133.53117239876542,699.9597506960987,514.1233360882035,206.65244717246716,84.49032507995675
ID_16_le_OA_gaitinitiation_0_bl4_GO0003,16,OA,False,late,425.5,06_le_tib_ant,0.5482101728603052,0.06522928075829675,0.2992923007361501,0.1643261962628017,0.34079241790384146,0.9994951463917653,0.9994951463917653,0.974132548378015,0.7464486466951208,0.7629415255380846,233.36622215863213,460.5581935809281,435.6624426906515,238.31565198292185,71.12344160166703
ID_16_le_OA_gaitinitiation_0_bl4_GO0003,16,OA,False,late,425.5,07_le_soleus,0.06567449963948127,0.058790771870721244,0.38554165553914216,0.07925430126502657,0.09983136350762951,0.38218003168910025,0.5961957602842859,0.999624061990651,0.5961957602842859,0.38218003168910025,27.67694276914595,415.42171621929,560.7142479950143,114.88442169041153,20.77235658807995
ID_16_le_OA_gaitinitiation_0_bl4_GO0003,16,OA,False,late,425.5,08_le_gastroc_med,0.010048041271751528,0.10266604671349623,0.010075325089844564,0.3759424743871459,0.006564780350790527,0.015366082995692133,0.9999689909865335,0.026231456373639484,0.9999689909865335,0.009493413905061202,4.271803760332296,725.5326205761271,14.65322819389894,544.9889848311681,1.3705340949809501
ID_16_le_OA_gaitinitiation_0_bl4_GO0004,16,OA,False,early,4989.5,01_ri_soleus,0.050603581643593756,0.035461581648819275,0.051660620802521644,0.03527530537742185,0.01317513287128494,0.14411906785144837,0.21673777591335136,0.24710772491602234,0.21322330891913346,0.05270553698607093,16.87824646669357,571.4700782731406,77.3535688414367,373.0893864277521,2.5802601792951565
ID_16_le_OA_gaitinitiation_0_bl4_GO0004,16,OA,False,early,4989.5,02_ri_gastroc_med,0.07626330319628831,0.05302583951113473,0.042988569379768596,0.06369828444285955,0.06335114709220317,0.1020929309794271,0.2883074329483294,0.3100037933648244,0.2883074329483294,0.08441676215581287,25.48340038210368,854.5187972705385,64.28905511298504,673.7868900291901,12.487815083070066
ID_16_le_OA_gaitinitiation_0_bl4_GO0004,16,OA,False,early,4989.5,03_ri_tib_ant,0.058487110640764596,0.013846909190074124,0.1277699012201583,0.016027566015413126,0.10605587355767182,0.2545706595537075,0.35393036082838425,0.3598919911737974,0.34101949551823607,0.2545706595537075,19.469274767530525,223.10360097610703,191.3907358311368,169.56043860844193,20.872944210560856
ID_16_le_OA_gaitinitiation_0_bl4_GO0004,16,OA,False,early,4989.5,06_le_tib_ant,0.11030852828458883,0.018578923777494174,0.047568458736929914,0.026648850405223273,0.15503608485535336,0.18155969152570667,0.8331696169517256,0.29108760047925974,0.8331696169517256,0.18155969152570667,36.902208710740894,299.3539773138475,71.10628583086425,281.916379574287,30.589378823903726
ID_16_le_OA_gaitinitiation_0_bl4_GO0004,16,OA,False,early,4989.5,07_le_soleus,0.2572400401285514,0.039454100273451156,0.24565701303533583,0.03698015657115067,0.011814009362953634,0.9569022866138376,0.9996073277852933,0.6620499615860584,0.9996073277852933,0.16299722601284225,85.6645918357482,635.7391752402931,368.21153064822136,390.71909265076516,2.220682286642549
ID_16_le_OA_gaitinitiation_0_bl4_GO0004,16,OA,False,early,4989.5,08_le_gastroc_med,0.38957022747068126,0.33966861586347596,0.434474882810498,0.3442771792240448,0.30589194345605164,0.6618233879610751,0.6743764986207333,0.7598330386834096,0.6743764986207333,0.3573667660721559,130.03708888984787,5473.763717570786,650.992882138141,3641.6118612156497,60.250062251338136
ID_16_le_OA_gaitinitiation_0_bl4_GO0005,16,OA,False,late,347.5,01_ri_soleus,0.05075776490152385,0.03294223670812027,0.48118318644273417,0.03791475352069865,0.021258358305311337,0.2729830673742758,0.2946745845669293,0.9989680298961587,0.2946745845669293,0.12419881747838413,23.29346048753008,426.5638819748023,371.8869863674808,48.941250893181305,4.380762787736627
ID_16_le_OA_gaitinitiation_0_bl4_GO0005,16,OA,False,late,347.5,02_ri_gastroc_med,0.09650901197194772,0.013650861713562473,0.6759328996911398,0.027660118226241086,0.1385264245272977,0.545138354970073,0.19334309170001693,0.9995528065866562,0.19334309170001693,0.545138354970073,44.307338342389826,176.77751327369,522.06343536855,35.72448861479193,28.679011418161803
ID_16_le_OA_gaitinitiation_0_bl4_GO0005,16,OA,False,late,347.5,03_ri_tib_ant,0.4361633983260121,0.03344372676408958,0.21514823842579142,0.23852561846818465,0.3851896825888023,0.6300130119072469,0.9994553348887767,0.6925097676121048,0.9994553348887767,0.45189203632799596,201.72050997306445,432.8332872441922,165.80400657477858,308.8240530139345,80.12074978951335
ID_16_le_OA_gaitinitiation_0_bl4_GO0005,16,OA,False,late,347.5,06_le_tib_ant,0.28943095527714147,0.02775159598056434,0.7473602427864925,0.2088954006445894,0.22959423659901426,0.7570110590430648,0.8865219176670669,0.9637700005715166,0.8865219176670669,0.7570110590430648,133.45899859767485,359.34962481733515,577.0896403513468,270.3659059350946,47.588593101263726
ID_16_le_OA_gaitinitiation_0_bl4_GO0005,16,OA,False,late,347.5,07_le_soleus,0.4774457130356625,0.02736757431281739,0.031244997088565474,0.03808876012154766,0.646739500354526,0.9994801057307943,0.9623233383300516,0.116875117643639,0.2371167540396218,0.9994801057307943,220.95859049634038,353.88798199188574,24.053670071237775,49.28008957726443,134.6121935998534
ID_16_le_OA_gaitinitiation_0_bl4_GO0005,16,OA,False,late,347.5,08_le_gastroc_med,0.5164152745522974,0.15143442893526443,0.23540372444268332,0.14422401108254576,0.6526221235950522,0.9994414345469688,0.9227362182250219,0.3219494974883197,0.15755608348180436,0.9994414345469688,238.92861951074184,1960.385182315125,181.75780955060827,186.61743526704623,135.8342202732817
ID_16_le_OA_gaitinitiation_0_bl4_GO0006,16,OA,True,early,521.0,01_ri_soleus,0.025254505218774752,0.0723418870477926,nan,0.07592486985927031,0.027525740704224214,0.0590973232465853,0.4145756542274202,nan,0.28813996564421107,0.0590973232465853,8.8103533187456,809.538968994503,0.0,124.62934926431593,5.518970724998908
ID_16_le_OA_gaitinitiation_0_bl4_GO0006,16,OA,True,early,521.0,02_ri_gastroc_med,0.15673655445571424,0.05445723921804761,nan,0.10280433106350759,0.2225362340315696,0.5805757513817827,0.5903229916668674,nan,0.5903229916668674,0.5805757513817827,54.67656873676775,609.3666883841947,0.0,168.75397665048362,44.58589373379923
ID_16_le_OA_gaitinitiation_0_bl4_GO0006,16,OA,True,early,521.0,03_ri_tib_ant,0.6715212753846144,0.024865547696485694,nan,0.09699463166105748,0.8080122790450028,0.9995223066963383,0.6538674805936597,nan,0.46416452653422036,0.9995223066963383,235.30264579696814,277.9344866587822,0.0,159.0523137871989,162.69173086133145
ID_16_le_OA_gaitinitiation_0_bl4_GO0006,16,OA,True,early,521.0,06_le_tib_ant,0.21952930922363073,0.022288958894775744,nan,0.12485395084060515,0.3079062975478667,0.6506603170925211,0.743477705197334,nan,0.743477705197334,0.6506603170925211,76.68208307187396,249.38196148962294,0.0,204.97120593675032,61.81329312643087
ID_16_le_OA_gaitinitiation_0_bl4_GO0006,16,OA,True,early,521.0,07_le_soleus,0.601857306226138,0.06080106313651835,nan,0.14509249475043814,0.5636869868997411,0.9001951044082643,0.9996714911091857,nan,0.9996714911091857,0.640069433139652,210.6084432227534,680.0917116655469,0.0,237.76655747876399,113.41264215429136
ID_16_le_OA_gaitinitiation_0_bl4_GO0006,16,OA,True,early,521.0,08_le_gastroc_med,0.8043610322508993,0.224399130551372,nan,0.2565709768829242,0.8102229950669609,0.9358332270550163,0.8280485446622781,nan,0.7248125470976141,0.9358332270550163,281.4913642923831,2510.7566933553876,0.0,420.81858068612996,162.807412770158
ID_17_ri_OA_gaitinitiation_0_bl2_GO0008,17,OA,False,late,322.5,01_ri_soleus,0.10190798214109628,0.05016886169748101,0.5062460642790755,0.025024263797608873,0.06928328242008805,0.20052561921726716,0.20052561921726716,0.9993613558967389,0.11264508919457986,0.10322413464675202,58.0193204821354,245.158640330591,575.2010329110333,31.06422649651624,22.611697763756005
ID_17_ri_OA_gaitinitiation_0_bl2_GO0008,17,OA,False,late,322.5,02_ri_gastroc_med,0.2398791433764497,0.03145854350423635,0.41436471966178756,0.02434573108365624,0.1403612676152458,0.6097851333031419,0.6097851333031419,0.9998240571421138,0.4789942152531534,0.1979801502227753,136.4602658311759,153.71494890672784,470.93665980442665,30.05816232367866,45.824413821146294
ID_17_ri_OA_gaitinitiation_0_bl2_GO0008,17,OA,False,late,322.5,03_ri_tib_ant,0.4145116380509847,0.08090666437886032,0.0801051060769271,0.2355595202307075,0.44026106108949453,0.8237706213532464,0.8237706213532464,0.29251306115417386,0.7536628711546973,0.791317232128341,236.10034356396653,395.0684856275425,90.91163260541795,293.2513976296834,143.4110907859686
ID_17_ri_OA_gaitinitiation_0_bl2_GO0008,17,OA,False,late,322.5,06_le_tib_ant,0.04483180625348263,0.07428664625779972,0.24175488663562428,0.2725510082424259,0.03217410981819727,0.3381360810188564,0.9994346045268518,0.6295502358264102,0.9994346045268518,0.038602792526120505,25.355105931304646,363.1055855894806,274.7787839152286,339.1399499613224,10.497756665357873
ID_17_ri_OA_gaitinitiation_0_bl2_GO0008,17,OA,False,late,322.5,07_le_soleus,0.5445827582605751,0.04187153721344321,0.12657948056650162,0.007060725069394204,0.4398374255594595,0.9995953519706186,0.9995953519706186,0.40010864137796076,0.08680512569260941,0.8418346442067252,310.16877614399874,204.2324868869386,143.72564280420937,8.734077425247317,143.20407527432263
ID_17_ri_OA_gaitinitiation_0_bl2_GO0008,17,OA,False,late,322.5,08_le_gastroc_med,0.724488707529226,0.031571324574560945,0.3766763049911389,0.0007657333019074699,0.8012712621822211,0.9997714166293237,0.8709063686812119,0.9657281117906329,0.08773553110903587,0.9997714166293237,412.41917143374747,153.931448921614,427.79247063943626,0.9019666992059583,261.1411289722063
ID_17_ri_OA_gaitinitiation_0_bl1_GO0003,17,OA,False,early,326.0,01_ri_soleus,0.28806891070244856,0.022394573035601203,nan,0.013057607832995222,0.3424734792328618,0.9840822256270183,0.24624682088505406,nan,0.03310784171601254,0.9840822256270183,226.97965666097363,286.4134566919651,0.0,16.35685698364749,220.37877962737718
ID_17_ri_OA_gaitinitiation_0_bl1_GO0003,17,OA,False,early,326.0,02_ri_gastroc_med,0.28036821024959313,0.0008814522928570119,nan,-0.001574430244160731,0.3279355956735322,0.7677583535801423,0.2808248081925911,nan,0.0020476195781840936,0.7677583535801423,220.89824214757812,11.12607441160398,0.0,-1.9557730997457266,210.98734440273017
ID_17_ri_OA_gaitinitiation_0_bl1_GO0003,17,OA,False,early,326.0,03_ri_tib_ant,0.20174145071980606,0.0374053433359738,nan,0.32197012948068054,0.17228249693458306,0.6057704933206496,0.9993337989245685,nan,0.9993337989245685,0.6057704933206496,158.62190108888052,478.58371948031737,0.0,402.8235947940094,110.82713013415803
ID_17_ri_OA_gaitinitiation_0_bl1_GO0003,17,OA,False,early,326.0,06_le_tib_ant,0.13284369159607526,0.026087023234516518,nan,0.1939950019511798,0.046528158008037016,0.5801480578946514,0.607440467036372,nan,0.607440467036372,0.33151533708723135,104.38723114752548,333.6328061265316,0.0,242.59246407932315,29.78479931511378
ID_17_ri_OA_gaitinitiation_0_bl1_GO0003,17,OA,False,early,326.0,07_le_soleus,0.3343213612899627,0.008302259642074764,nan,0.007287488007622717,0.41109195392174,0.9995267461239363,0.0701642040344643,nan,0.016490093019399955,0.9995267461239363,263.31094625075747,106.17948789956765,0.0,9.131330611551931,264.5540738819707
ID_17_ri_OA_gaitinitiation_0_bl1_GO0003,17,OA,False,early,326.0,08_le_gastroc_med,0.4776748602002733,0.0007768357619333178,nan,0.0010762905668909664,0.5886596907898105,0.9995819655577556,0.04106870733043096,nan,0.004238762593072039,0.9995819655577556,376.18095021361574,9.913366671777675,0.0,1.3573910503336113,378.83164241831247
ID_17_ri_OA_gaitinitiation_0_bl1_GO0007,17,OA,False,late,287.0,01_ri_soleus,0.05310119534042075,0.05493277269128307,0.6162773613832268,0.024621396385430993,0.04942932589311973,0.09908737940356269,0.19044963643848273,0.9996459803508865,0.06388868823526901,0.09908737940356269,36.42436304649446,264.87609732066835,923.5219166259658,28.88057988557794,21.56859627228114
ID_17_ri_OA_gaitinitiation_0_bl1_GO0007,17,OA,False,late,287.0,02_ri_gastroc_med,0.20401246868955436,0.018426891401035157,0.5158508130778615,-0.0014459758741982118,0.11808692711633938,0.5587617157319811,0.5587617157319811,0.9997087433318697,0.01911448397137181,0.3117534459762009,140.08105916602727,88.70494640068819,773.0693963803874,-1.7106068995769277,51.49468984941828
ID_17_ri_OA_gaitinitiation_0_bl1_GO0007,17,OA,False,late,287.0,03_ri_tib_ant,0.2911263291136936,0.1230080702248877,0.15558053592882995,0.4295899278203775,0.27738978213271354,0.7422920630151826,0.9996671987501138,0.4194687041262967,0.9996671987501138,0.5703209271019121,199.62049768231606,593.0892649235122,233.14719565368907,503.94836641111846,121.3198608605622
ID_17_ri_OA_gaitinitiation_0_bl1_GO0007,17,OA,False,late,287.0,06_le_tib_ant,0.30412900006503857,0.0896753580390649,0.34072768826798794,0.24342705432390457,0.15075396357084914,0.8402977032372579,0.849139408384945,0.9997523876772085,0.849139408384945,0.3384839756899176,208.35375325879215,432.4455158446988,510.5798700307679,285.3609429585907,65.81222422141553
ID_17_ri_OA_gaitinitiation_0_bl1_GO0007,17,OA,False,late,287.0,07_le_soleus,0.3407188011044961,0.02145819371714739,0.032712351638509406,0.014678978358028739,0.49898291180591337,0.9995452325606777,0.4179453857957382,0.1447926659485949,0.03437258069423391,0.9995452325606777,234.01677585818953,103.26008828090276,48.96425680187197,17.22494684713715,218.26588106294267
ID_17_ri_OA_gaitinitiation_0_bl1_GO0007,17,OA,False,late,287.0,08_le_gastroc_med,0.37794928901872216,0.005196914288797244,0.033792342273111224,0.0012597042758577912,0.5458515387465154,0.9994436935895035,0.5217419473886789,0.1784189745038687,0.005005226728844356,0.9994436935895035,259.5675175389542,24.78550418401151,50.56255159131165,1.4862382733985293,238.70849422522986
ID_17_ri_OA_gaitinitiation_0_bl1_GO0009,17,OA,False,late,257.5,01_ri_soleus,0.0018899791562450908,0.0010195810022205402,0.008434873739355782,0.0005492789512247025,0.0012934535803501544,0.004403490495617492,0.004403490495617492,0.013297137212426416,0.0014382186535248284,0.0033035881124960447,1.1841695375129508,6.862086460254945,8.952844523619952,0.6116496373578155,0.5280196859071419
ID_17_ri_OA_gaitinitiation_0_bl1_GO0009,17,OA,False,late,257.5,02_ri_gastroc_med,0.24188209964025245,0.0312551826588387,0.3864191275861157,-0.0008020611090247487,0.12859082270942795,0.6567565820903452,0.6567565820903452,0.9993972323757733,0.07469984089334115,0.3983620383349101,151.5960328825347,210.19630757031575,410.2695589085405,-0.9379729876689411,52.492547606659
ID_17_ri_OA_gaitinitiation_0_bl1_GO0009,17,OA,False,late,257.5,03_ri_tib_ant,0.3284254045246207,0.11230030226365138,0.09997506412430035,0.3927762359597211,0.3848821268149235,0.9992467444342535,0.8883821247085057,0.28980478909306495,0.8883821247085057,0.9992467444342535,205.77081319528887,755.396798267803,106.10085737489995,437.8220683752555,157.43836866020837
ID_17_ri_OA_gaitinitiation_0_bl1_GO0009,17,OA,False,late,257.5,06_le_tib_ant,0.1398614757793821,0.08798974534018515,0.4359474520963009,0.285498211181932,0.0712261643652957,0.7926145486356242,0.9994519023920688,0.8735021513683803,0.9994519023920688,0.1232062262630067,87.22151071780135,592.1200928494807,462.8434031560723,317.91320115559375,29.14608705491515
ID_17_ri_OA_gaitinitiation_0_bl1_GO0009,17,OA,False,late,257.5,07_le_soleus,0.41147509701520074,0.04866153621214197,0.04250973274949333,0.0036279843401076017,0.3786051276224385,0.9995973686004899,0.9928509167214251,0.18148013733906246,0.015864722074620925,0.9995973686004899,257.9111309420856,327.08764075363314,45.05051916726882,4.04417769092214,154.64461809407513
ID_17_ri_OA_gaitinitiation_0_bl1_GO0009,17,OA,False,late,257.5,08_le_gastroc_med,0.49105487055985414,0.042981690217755095,0.07045616239444637,-0.0024354452515160676,0.4736666937438807,0.9993491117912626,0.9993491117912626,0.44888189675248286,0.004070269525901666,0.9425983457993409,307.6673150441245,288.8701367236982,74.60015693968103,-2.714368684065384,193.4989600495647
ID_17_ri_OA_gaitinitiation_0_bl1_GO0016,17,OA,False,early,318.0,01_ri_soleus,0.03929854696244807,0.033409713696143956,0.5118784938874248,0.017967440643791854,0.056062748051202885,0.10216514777310019,0.08934914360310314,0.9997394873302496,0.038750555585334245,0.10216514777310019,15.395971403277294,226.14368372309235,566.8950695026177,22.192760728073168,14.52805378248482
ID_17_ri_OA_gaitinitiation_0_bl1_GO0016,17,OA,False,early,318.0,02_ri_gastroc_med,0.0518684419182797,0.0054288910242121305,0.4184385370794889,0.02747506736030861,0.08043595004829097,0.11922466094200328,0.19845583872807115,0.9996659214262487,0.19845583872807115,0.11922466094200328,20.326955932598814,36.74601710709776,463.4099560804427,33.95376736489267,20.858693317192415
ID_17_ri_OA_gaitinitiation_0_bl1_GO0016,17,OA,False,early,318.0,03_ri_tib_ant,0.33972701183703274,0.061963530870911034,0.08283127321153932,0.2850134437171186,0.40050807654501913,0.5350370722826236,0.9995247447653588,0.21830585216237433,0.9995247447653588,0.5350370722826236,133.32778142896998,419.2400679498923,91.65391874554032,352.157688693126,103.90302519628358
ID_17_ri_OA_gaitinitiation_0_bl1_GO0016,17,OA,False,early,318.0,06_le_tib_ant,0.08196995008307646,0.06999133485481454,0.3806585107367922,0.34810879947105444,0.07312559107673598,0.2709928720078862,0.9994971583448689,0.8341616443761282,0.9994971583448689,0.13072768010920985,32.013497165304535,473.746886804363,421.6328666906054,430.1142700820892,18.95432223086184
ID_17_ri_OA_gaitinitiation_0_bl1_GO0016,17,OA,False,early,318.0,07_le_soleus,0.62315710845029,0.035071316219389206,0.0632134368229757,0.02138792391196021,0.571436321439063,0.9992791567132638,0.9992791567132638,0.3202160819823319,0.24542763967262776,0.9739593701131447,244.59940573751308,236.90246425936212,69.8770762436593,26.280533214423205,147.9184237737863
ID_17_ri_OA_gaitinitiation_0_bl1_GO0016,17,OA,False,early,318.0,08_le_gastroc_med,0.7259604465733,0.013537784165768575,0.12525042427306812,0.0019801509935965743,0.7778492580766765,0.9993589080194341,0.9907823561196348,0.6541007865102751,0.15369073378342307,0.9993589080194341,284.8801349911012,91.13806316205016,138.44409845958398,2.3590227636894925,201.40927334599354
ID_17_ri_OA_gaitinitiation_0_bl2_GO0003,17,OA,False,late,559.5,01_ri_soleus,0.2430646764884552,0.07371671500155687,0.09181985498692148,0.04040625873657121,0.20709230072119175,0.9990618244448133,0.9901589317524527,0.20062882467138468,0.12194441555685713,0.9989188470590797,192.17868180852082,248.12092828941348,63.13875376066493,69.4562656126812,110.60918793104305
ID_17_ri_OA_gaitinitiation_0_bl2_GO0003,17,OA,False,late,559.5,02_ri_gastroc_med,0.09220182235360905,0.018324210507060245,0.07522521416901264,0.021510829293883187,0.09147263332893454,0.3518185518493059,0.3331657352668679,0.14919452434353572,0.2080488111878153,0.3518185518493059,72.87280054943584,61.63731601927043,51.755971978357024,36.982693926195786,48.885568523163286
ID_17_ri_OA_gaitinitiation_0_bl2_GO0003,17,OA,False,late,559.5,03_ri_tib_ant,0.2670648770623773,0.17418178198249562,0.044634053096572014,0.2894098747883395,0.22676966131637447,0.6401709838503942,0.9996864504825693,0.061181798437327975,0.9996864504825693,0.5020039347167252,210.91845429707732,587.4906892810459,30.71273075648009,497.1742437773304,121.74206265009101
ID_17_ri_OA_gaitinitiation_0_bl2_GO0003,17,OA,False,late,559.5,06_le_tib_ant,0.07578448448076136,0.1433961984010121,0.37296296190253353,0.26819455635176953,0.07248157264799576,0.21350120477543263,0.9996948340880806,0.5146895771090091,0.9996948340880806,0.20400091215486965,59.7310166047813,483.6692937264013,256.70311068406943,460.9181189493071,38.81028092631192
ID_17_ri_OA_gaitinitiation_0_bl2_GO0003,17,OA,False,late,559.5,07_le_soleus,0.29805006656034544,0.012762315804974587,0.1487142744351383,0.019378899733381375,0.42828135444680926,0.9994978805757253,0.23139835632939235,0.1974277639961561,0.05938082791102639,0.9994978805757253,235.7055971933143,42.92008342016547,102.35670708514778,33.30935546316936,229.80743313497095
ID_17_ri_OA_gaitinitiation_0_bl2_GO0003,17,OA,False,late,559.5,08_le_gastroc_med,0.43789792281317097,0.00565864310502847,0.1301924292719427,0.005949302235663009,0.6302015764033815,0.9995952361578532,0.1660858008221246,0.4083822778575855,0.021725243750755262,0.9995952361578532,346.1661256101946,18.99631478667083,89.45301406214124,10.222004042745347,338.1200982387752
ID_17_ri_OA_gaitinitiation_0_bl2_GO0009,17,OA,False,early,272.5,01_ri_soleus,0.2701891548827317,0.05152506461742636,0.47268582035728174,0.025952090752581113,0.46039312458966025,0.7507544065652841,0.11219840152087249,0.8544533786202235,0.07263874015517158,0.7507544065652841,83.11572207612274,447.315721828907,565.0131942483699,29.687760855520526,78.31271614599162
ID_17_ri_OA_gaitinitiation_0_bl2_GO0009,17,OA,False,early,272.5,02_ri_gastroc_med,0.2042826288729782,0.011642953502260123,0.1737614677422878,0.030092521152017552,0.16705345846511907,0.3885766632757809,0.3887015568757789,0.3542817960063906,0.385863833354357,0.24978176985422373,62.80340466723146,101.04450687831348,207.8272648770217,34.25963412452967,28.390003176450094
ID_17_ri_OA_gaitinitiation_0_bl2_GO0009,17,OA,False,early,272.5,03_ri_tib_ant,0.12759985427159043,0.032589200340337646,0.015564960289644164,0.2217583924055725,0.12322861974020527,0.1839198520127907,0.694806992256499,0.04466630320920599,0.694806992256499,0.1839198520127907,39.32078720304847,282.88449415244855,18.615544034299305,253.82713967041846,20.961466093310204
ID_17_ri_OA_gaitinitiation_0_bl2_GO0009,17,OA,False,early,272.5,06_le_tib_ant,0.042397285651071835,0.031598149261314046,0.028257820329414988,0.22498235748317189,0.058978480973479575,0.12509202150940954,0.6505587491864551,0.13192971380674517,0.6505587491864551,0.12509202150940954,12.989464294716544,274.3636238607198,33.754721119099024,257.5551627952842,10.020460254867505
ID_17_ri_OA_gaitinitiation_0_bl2_GO0009,17,OA,False,early,272.5,07_le_soleus,0.6388694469043914,0.042262348622942175,0.23597195028247075,0.04455457601222359,0.4082160943402392,0.9996047062016455,0.9996047062016455,0.3496548193147626,0.6890747979809515,0.8280300933141778,196.99422155414163,366.522477968776,282.28997774755237,50.64129991982898,69.32721294798077
ID_17_ri_OA_gaitinitiation_0_bl2_GO0009,17,OA,False,early,272.5,08_le_gastroc_med,0.6341351638154433,0.019063230710499025,0.22787097999413103,0.0309463114282278,0.4084435942882729,0.9994559473278845,0.9994559473278845,0.36623218027492677,0.7045895514517594,0.7563271915501542,195.48865383163985,165.13524595920464,272.5190766569923,35.0630529188579,69.3704241493969
ID_17_ri_OA_gaitinitiation_0_bl2_GO0014,17,OA,False,early,292.0,01_ri_soleus,0.13305569792879604,0.02154835792238655,0.20223231998073704,0.013574320612646911,0.16601276344772561,0.6288165596057097,0.25136687677970604,0.9993202360186529,0.04872659699350675,0.6288165596057097,90.55358816939854,231.10116150095553,203.18704175904827,16.051800014540625,89.6521031074504
ID_17_ri_OA_gaitinitiation_0_bl2_GO0014,17,OA,False,early,292.0,02_ri_gastroc_med,0.18414617080347345,0.0020977294288347485,0.1697950944471632,0.0010260898237091527,0.23162204536066971,0.7547178306930377,0.03686367663988306,0.7218338955078557,0.001684384769643593,0.7547178306930377,125.403386147804,22.49614315399952,170.52936196489625,1.2137948734611228,125.1690135624927
ID_17_ri_OA_gaitinitiation_0_bl2_GO0014,17,OA,False,early,292.0,03_ri_tib_ant,0.11357752236651662,0.0293328155819811,0.12037944278590339,0.22558579215538788,0.07498770049796406,0.27175412378051433,0.6038029279236328,0.3978728910611832,0.6038029279236328,0.2576356193011432,77.44471982039886,314.45794288690064,121.215420882186,266.9652905553977,40.511373236913684
ID_17_ri_OA_gaitinitiation_0_bl2_GO0014,17,OA,False,early,292.0,06_le_tib_ant,0.2163761596286845,0.05677629415136627,0.09681694056306128,0.4232761305426598,0.1652877167389138,0.6028447227422877,0.851506955619169,0.21067080924952536,0.851506955619169,0.2884559028902838,147.43602932084718,608.7650891123119,97.43186224315922,500.8464796269485,89.41862651845108
ID_17_ri_OA_gaitinitiation_0_bl2_GO0014,17,OA,False,early,292.0,07_le_soleus,0.003943676346618331,0.014028804404071902,0.24073202638942617,0.0077617743037001604,0.0036370242720901516,0.007013336309985606,0.05024564760097372,0.9993556382148802,0.018680794308386546,0.007013336309985606,2.691765020556036,150.4565508782248,242.4084528110967,9.182415270970933,1.9694071503700057
ID_17_ri_OA_gaitinitiation_0_bl2_GO0014,17,OA,False,early,292.0,08_le_gastroc_med,0.009489689187340779,0.0008855527928711569,0.4398965683479973,0.002085069983366131,0.009423570403376984,0.021393787991694287,0.011214310618111931,0.9995385518971173,0.011214310618111931,0.021393787991694287,6.472833734283499,9.492991877357017,442.76979502735946,2.4628460744875995,5.100332920243476
ID_17_ri_OA_gaitinitiation_0_bl3_GO0002,17,OA,False,early,295.0,01_ri_soleus,0.036081279623903846,0.055005179851770156,0.5925775103146849,0.034059928821923546,0.036507648354229816,0.07882898084365622,0.1260740563900617,0.9996747023604122,0.1260740563900617,0.045882439238965816,16.424622282734408,589.9027309989974,669.981666124703,40.47285460026639,11.726423322677745
ID_17_ri_OA_gaitinitiation_0_bl3_GO0002,17,OA,False,early,295.0,02_ri_gastroc_med,0.1573153611584477,0.025059476583926262,0.5131092464704757,0.125534508759794,0.1689524693153182,0.37787738443276164,0.9330000398802183,0.9996773339619592,0.9330000398802183,0.2803573483278933,71.62587680867045,268.75813188213635,580.1153869634511,149.17402017883683,54.33422823400547
ID_17_ri_OA_gaitinitiation_0_bl3_GO0002,17,OA,False,early,295.0,03_ri_tib_ant,0.32028215252192965,0.04718663063117165,0.027235492902435765,0.3660469619644998,0.277103806188706,0.45688680877529275,0.9996887649734665,0.059417676653337324,0.9996887649734665,0.4431145856275339,146.22151842612016,505.853212801058,30.791949205418412,435.45110088697663,89.00318099154063
ID_17_ri_OA_gaitinitiation_0_bl3_GO0002,17,OA,False,early,295.0,06_le_tib_ant,0.08380506335216532,0.04311790782446458,0.27912782163945954,0.3551576500164933,0.008553065529817168,0.5439213752198542,0.999728265649811,0.5672760132692207,0.999728265649811,0.040786485151398884,38.004927784067036,462.4143610434494,315.6109473984942,422.3503615921809,2.720502051892921
ID_17_ri_OA_gaitinitiation_0_bl3_GO0002,17,OA,False,early,295.0,07_le_soleus,0.6015685477881589,0.01917450755754498,0.08007808953432609,0.015052609916463225,0.7912155075568272,0.9997684365432541,0.4421728855010526,0.583774122498222,0.03653670947869333,0.9997684365432541,274.6323510702085,205.39478171039252,90.27348570353624,17.905589571190728,254.2380625686897
ID_17_ri_OA_gaitinitiation_0_bl3_GO0002,17,OA,False,early,295.0,08_le_gastroc_med,0.5534499003942971,0.002266449750838165,0.07427472213138352,-0.0006943092963270512,0.7278072979742388,0.9994639813211448,0.43717661960189524,0.4483739162352838,0.004721899889431587,0.9994639813211448,252.71371065838815,24.072162906760955,83.77759113297368,-0.8123957876363082,233.88804368528446
ID_17_ri_OA_gaitinitiation_0_bl3_GO0003,17,OA,False,late,295.0,01_ri_soleus,0.22524156022725844,0.0362855451135798,0.5504033617392668,0.030353110967198154,0.340036368378183,0.6215127629532683,0.20573573521077085,0.7908200463018611,0.20568670247909124,0.6215127629532683,117.16236006410531,247.8641824098298,824.3436897497746,35.99567429349606,94.8878049310874
ID_17_ri_OA_gaitinitiation_0_bl3_GO0003,17,OA,False,late,295.0,02_ri_gastroc_med,0.12110287028141963,0.005404729105602101,0.15330639139362384,0.00920793303907564,0.14932451381298745,0.17756153870238148,0.1488668994882089,0.2422025773890218,0.13838650254872395,0.17756153870238148,63.070810448402085,36.89278325421342,229.65402450941315,10.886339437083466,41.70406481060611
ID_17_ri_OA_gaitinitiation_0_bl3_GO0003,17,OA,False,late,295.0,03_ri_tib_ant,0.34148384498122786,0.07455633179332459,0.027558830342148073,0.3394678948190968,0.2963496017174384,0.9939951894111994,0.9995336017285122,0.04138085252341335,0.9995336017285122,0.9794352748625549,178.27656194920053,508.86508067161554,41.29945008988167,403.9887875319188,82.48234040970856
ID_17_ri_OA_gaitinitiation_0_bl3_GO0003,17,OA,False,late,295.0,06_le_tib_ant,0.08679433178869152,0.07766362980750624,0.11582240211797405,0.4053101911105063,0.04515379509093635,0.5768300312356232,0.9996860182188361,0.5660154855757062,0.9996860182188361,0.1525174248464978,44.92160821945255,530.5840637974482,173.52189166447943,482.0093635544997,12.562475996088398
ID_17_ri_OA_gaitinitiation_0_bl3_GO0003,17,OA,False,late,295.0,07_le_soleus,0.4647175103183683,0.03308176175093994,0.09800389510920648,0.005241762377334847,0.24044849036835372,0.9993981734308097,0.9993981734308097,0.25412530700501296,0.1835178021179718,0.48473982608494043,242.42437469044384,225.75703023709121,146.75441253142847,6.126763275254914,67.02035692971813
ID_17_ri_OA_gaitinitiation_0_bl3_GO0003,17,OA,False,late,295.0,08_le_gastroc_med,0.5150267709369589,0.02570324983865991,0.1240135841884453,-0.0006550326618612206,0.34143035790332293,0.9993591791086883,0.9993591791086883,0.3352337510649642,0.13123536131914654,0.6007242354300539,268.6579056472289,175.29177317440866,185.6533658749281,-0.8553589968669643,95.18199378827126
ID_17_ri_OA_gaitinitiation_0_bl3_GO0006,17,OA,False,late,323.0,01_ri_soleus,0.04716446494218385,0.06509601898797521,0.620555961339094,0.02944432421682795,0.05054224344332444,0.07949931252626596,0.14600131116375697,0.9334476970675161,0.07749225618272784,0.06814066634334273,25.892471039378407,321.91881130597113,726.8549523634005,36.61212244255266,12.605433287894748
ID_17_ri_OA_gaitinitiation_0_bl3_GO0006,17,OA,False,late,323.0,02_ri_gastroc_med,0.07542427862367097,0.015201294417148412,0.4592498562835237,0.012748502691743971,0.08662350232374831,0.15632321456646342,0.15770351332243843,0.9998305710010053,0.15770351332243843,0.1060309355045352,41.37338702292431,75.15679185798014,538.0502508801499,15.801975780318703,21.595779666642702
ID_17_ri_OA_gaitinitiation_0_bl3_GO0006,17,OA,False,late,323.0,03_ri_tib_ant,0.05928806346545679,0.03856238540210123,0.008500085986752417,0.13108482183659054,0.027350969911128564,0.13518952601507223,0.4676439707390808,0.01977542221139378,0.4676439707390808,0.09543915716171197,32.59633268842319,190.67888611486654,9.954754599144312,163.32520397438037,6.781867397148866
ID_17_ri_OA_gaitinitiation_0_bl3_GO0006,17,OA,False,late,323.0,06_le_tib_ant,0.1602853712566857,0.09430970249735911,0.16233675581335805,0.31109824812737646,0.05532936438170651,0.7662334719550987,0.9996296284296188,0.609854811543008,0.9996296284296188,0.07961236876997994,87.7459007056965,466.453775313223,190.23830746627706,387.23766082701616,13.808536940141405
ID_17_ri_OA_gaitinitiation_0_bl3_GO0006,17,OA,False,late,323.0,07_le_soleus,0.44444853591459915,0.04740954714748157,0.12423314911286581,0.008943895366909458,0.33419048991595857,0.9994554347159281,0.9994554347159281,0.35650648038559485,0.03188767362279126,0.7051357621648554,244.32393367996318,234.11029549956925,145.43875271356734,11.145449471017193,83.04675980925587
ID_17_ri_OA_gaitinitiation_0_bl3_GO0006,17,OA,False,late,323.0,08_le_gastroc_med,0.5482907583696818,0.03280476903367415,0.2262975532927932,-0.0014874353081984755,0.5591268366666231,0.9994593013794594,0.9994593013794594,0.5550405906791197,0.0054560543702453276,0.7751472801299775,301.35196563492866,161.85435566385337,264.9934599660629,-1.839412874672909,139.16392436356404
ID_17_ri_OA_gaitinitiation_0_bl3_GO0011,17,OA,False,early,290.0,01_ri_soleus,0.3849356281641481,0.10579384099576651,0.0526962718064551,0.04647168668055834,0.24330920224951846,0.9995360929515409,0.9995360929515409,0.12508461099395052,0.5226150585070343,0.8109342690570951,244.12635853146662,498.9280563673478,75.1674278039776,54.52220110712545,119.99628760615958
ID_17_ri_OA_gaitinitiation_0_bl3_GO0011,17,OA,False,early,290.0,02_ri_gastroc_med,0.4475921280455944,0.08451177137615214,0.012050381970264165,0.02258830343539046,0.3361991101762084,0.9994643652167328,0.9994643652167328,0.03505601009971496,0.40705230266377723,0.879983589160006,283.9969374631588,398.4444114633339,17.188945841443832,26.41780161936921,165.96825873469933
ID_17_ri_OA_gaitinitiation_0_bl3_GO0011,17,OA,False,early,290.0,03_ri_tib_ant,0.2464014759048468,0.08379576135735962,0.23639712434578594,0.2877556871520026,0.2886913636651586,0.9077793264255692,0.589645072082488,0.9998213544885889,0.589645072082488,0.9077793264255692,155.86137393050385,395.50365741789886,336.87271515924266,339.40406464341555,142.43842020748158
ID_17_ri_OA_gaitinitiation_0_bl3_GO0011,17,OA,False,early,290.0,06_le_tib_ant,0.2501328341486316,0.11715064569805136,0.3075821167313513,0.3750615544783868,0.2468145293021461,0.5792293867629221,0.9996446730703094,0.6502214144681393,0.9996446730703094,0.5792293867629221,158.41348526755615,552.8057815913924,438.520785601549,442.44331797691046,121.7617450449799
ID_17_ri_OA_gaitinitiation_0_bl3_GO0011,17,OA,False,early,290.0,07_le_soleus,0.28116870737805877,0.02386145685760898,0.4104143797364328,0.023470351757397617,0.35443984396270406,0.6441089258338478,0.05768975890816924,0.6638813360380428,0.047219232930800784,0.6441089258338478,178.29516455951884,112.6176682246451,585.3430148241124,27.662898041159753,175.2115039446398
ID_17_ri_OA_gaitinitiation_0_bl3_GO0011,17,OA,False,early,290.0,08_le_gastroc_med,0.16991833208870963,0.0029520955998303994,0.20976849907413034,0.0059103762351190095,0.21119422602092117,0.38865050331256323,0.04138866040218288,0.389427051214969,0.029565600347547315,0.38865050331256323,107.69861812001628,13.912390162849732,299.10896944044543,6.967485186614306,104.32667075427003
ID_17_ri_OA_gaitinitiation_0_bl4_GO0002,17,OA,False,late,313.0,01_ri_soleus,0.30054112921010434,0.0396599402662935,nan,0.03139440637184768,0.7141942617206853,0.999640687851703,0.1755217420494881,nan,0.11018618492396574,0.999640687851703,281.0471177274293,522.6667218951557,0.0,38.45550914765337,271.04870027407156
ID_17_ri_OA_gaitinitiation_0_bl4_GO0002,17,OA,False,late,313.0,02_ri_gastroc_med,0.36841787407842946,0.026567734926890317,nan,0.024705192624947345,0.6909344890083969,0.9996563197749087,0.526452990859862,nan,0.2956406004821672,0.9996563197749087,344.4675591387735,350.1305036736389,0.0,30.113359933911674,262.2562324817716
ID_17_ri_OA_gaitinitiation_0_bl4_GO0002,17,OA,False,late,313.0,03_ri_tib_ant,0.05372172181609156,0.02356306547630952,nan,0.21749502230533302,0.06298758343288113,0.23929258990330743,0.9995181844978236,nan,0.9995181844978236,0.15376301152019864,50.08629262630825,310.60525724387435,0.0,266.51490142950763,23.866304613827484
ID_17_ri_OA_gaitinitiation_0_bl4_GO0002,17,OA,False,late,313.0,06_le_tib_ant,0.592835661361757,0.04667858744082319,nan,0.277535441629094,0.7590977105035286,0.9998243709450485,0.9254792400175045,nan,0.9254792400175045,0.9998243709450485,554.0484721194753,615.2562996477556,0.0,339.8042493482139,288.0022087819034
ID_17_ri_OA_gaitinitiation_0_bl4_GO0002,17,OA,False,late,313.0,07_le_soleus,0.20711468054450924,0.05756712349317047,nan,0.043736846838665876,0.29833971571078244,0.9992409831416683,0.9661948630198216,nan,0.0771548591012956,0.9992409831416683,193.83912513423712,758.3458057450281,0.0,53.56902230498831,112.87359502655468
ID_17_ri_OA_gaitinitiation_0_bl4_GO0002,17,OA,False,late,313.0,08_le_gastroc_med,0.1878314327538267,0.022179497264668013,nan,0.020943893255467874,0.21065302620890172,0.9991518020770906,0.9991518020770906,nan,0.059975014155984954,0.981420416259042,175.8008140228903,291.8722824581598,0.0,25.651649549236055,79.54926580540008
ID_17_ri_OA_gaitinitiation_0_bl4_GO0003,17,OA,False,late,668.5,01_ri_soleus,0.02040263915024904,0.05468988827785409,0.6111950624656591,0.04876711967225527,0.02922008609761462,0.046305129632318864,0.16866860624348343,0.999795347336738,0.13425340025745516,0.033342131950445386,9.570033492955048,634.115956408345,844.9456695147808,94.40510001526741,6.1712232551706965
ID_17_ri_OA_gaitinitiation_0_bl4_GO0003,17,OA,False,late,668.5,02_ri_gastroc_med,0.04150319187529146,0.00466891795418645,0.3251377665770715,0.01986448280803381,0.04582158256080342,0.14169477423801677,0.26472660492788613,0.9682644605255801,0.26472660492788613,0.055823368184853984,19.444685066282794,54.121498679288344,449.5967220497972,38.40059953124364,9.667515916394102
ID_17_ri_OA_gaitinitiation_0_bl4_GO0003,17,OA,False,late,668.5,03_ri_tib_ant,0.14319101942140441,0.029945679201295632,0.02180863908219873,0.1522089627509486,0.1292965519505242,0.28279512531299705,0.9995813028404577,0.06179976861306532,0.9995813028404577,0.27693554162142636,67.42129045085781,347.10925853935987,30.143694649787115,294.81758950802697,27.26047189063133
ID_17_ri_OA_gaitinitiation_0_bl4_GO0003,17,OA,False,late,668.5,06_le_tib_ant,0.10358796467447602,0.05632622506032064,0.14864620303150336,0.30806361241704405,0.023802091902746927,0.5490918436003773,0.999843522019839,0.4482687620399758,0.999843522019839,0.03870971111949779,48.48617782470636,653.1536980122858,205.47343817151693,596.4323661415644,5.024191910395492
ID_17_ri_OA_gaitinitiation_0_bl4_GO0003,17,OA,False,late,668.5,07_le_soleus,0.5712546169810765,0.03893500020268248,0.17669171706463416,0.01954568095439412,0.6474776480325473,0.9995786382499852,0.9995786382499852,0.6251749386869565,0.04857202485554689,0.9347397126278946,268.7697262462736,451.0033937810749,244.06373560059177,37.85259134971366,136.49279110567804
ID_17_ri_OA_gaitinitiation_0_bl4_GO0003,17,OA,False,late,668.5,08_le_gastroc_med,0.5913183230424137,0.008718074549810158,0.20593534075535216,0.0008110773520594605,0.8811565852731607,0.9997716986066536,0.9539255808625073,0.6795762461526128,0.006073153250497327,0.9997716986066536,278.17833352940943,100.61235851928943,284.4613892145194,1.5841309198237161,185.97605250245732
ID_17_ri_OA_gaitinitiation_0_bl4_GO0005,17,OA,True,early,285.5,01_ri_soleus,0.25853717581626456,0.08420696167049041,0.7021044402702563,0.09935923035203793,0.2112321293074185,0.5598994877421151,0.6799425242186732,0.9996475753997556,0.6799425242186732,0.45030324159652624,117.6375339946248,397.33975313853375,660.2079724889825,116.02376831292122,64.74015902474949
ID_17_ri_OA_gaitinitiation_0_bl4_GO0005,17,OA,True,early,285.5,02_ri_gastroc_med,0.6362652383331114,0.06727230359416297,0.683631472391222,0.10604678256765313,0.5274876890685223,0.9778643497581104,0.9996430324349364,0.9858874732567259,0.9996430324349364,0.8187063959869011,289.8861515635544,317.15824441546187,642.7803887045305,123.67976631840585,161.70611347082996
ID_17_ri_OA_gaitinitiation_0_bl4_GO0005,17,OA,True,early,285.5,03_ri_tib_ant,0.13018381589202152,0.07937933885280489,0.01608358644212845,0.3028211840803152,0.1617183706456148,0.20788437229886986,0.9997681250237307,0.04410893509523135,0.9997681250237307,0.20788437229886986,59.465792734124065,374.5892640391223,15.10422810901379,354.59896128828734,49.71106066963337
ID_17_ri_OA_gaitinitiation_0_bl4_GO0005,17,OA,True,early,285.5,06_le_tib_ant,0.03402162548867421,0.1118367087710992,0.026157283223782735,0.4348490554462387,0.043305176143051516,0.07144013045608835,0.9996240896844096,0.0317956004212558,0.9996240896844096,0.06742327882223839,15.49145087741591,527.7986263361178,24.584507594426057,509.1658096741,13.317432979358642
ID_17_ri_OA_gaitinitiation_0_bl4_GO0005,17,OA,True,early,285.5,07_le_soleus,0.48256698506954643,0.06363633458161148,0.3293505208641974,0.06636738543030182,0.3230070070959296,0.9993522782019137,0.9993522782019137,0.5829886235668911,0.892087531743098,0.4162661841252639,219.89225871648944,300.1427200542942,309.65759313482994,77.24787978246628,99.08575876282184
ID_17_ri_OA_gaitinitiation_0_bl4_GO0005,17,OA,True,early,285.5,08_le_gastroc_med,0.5796743673928215,0.046426730351300946,0.46548077262383053,0.05810650573945244,0.4326401604823449,0.999584137920254,0.999584137920254,0.7439150168138061,0.934245618952785,0.6296184527044996,264.20578819896855,218.8085436910177,437.5356175610789,67.56564642032231,132.70263758438725
ID_17_ri_OA_gaitinitiation_0_bl4_GO0012,17,OA,False,early,330.5,01_ri_soleus,0.05061112452458433,0.08456310811649571,0.5996287220224664,0.059546164250698606,0.043748847619662405,0.09714614200876023,0.17532828404011128,0.9996601877362477,0.17532828404011128,0.04931959554869675,18.754117893164782,912.5631715671379,655.0614242147818,75.00760523952121,10.49682942087544
ID_17_ri_OA_gaitinitiation_0_bl4_GO0012,17,OA,False,early,330.5,02_ri_gastroc_med,0.1976405139486691,0.026081588997797635,0.3740246215621371,0.11328912685133558,0.16600382223906315,0.551867875328198,0.7355437474625648,0.999699582578231,0.7355437474625648,0.3845807697327135,73.04714798260582,281.4560130315673,408.47239517325573,142.55181450610684,39.80412157240255
ID_17_ri_OA_gaitinitiation_0_bl4_GO0012,17,OA,False,early,330.5,03_ri_tib_ant,0.48077956454189935,0.03299441278951286,0.05678872257776313,0.19244540464540308,0.3120590489097414,0.9991261293648985,0.9991261293648985,0.26798769029227937,0.8259463245008553,0.8794989464489784,178.62788502442632,355.61930281259106,61.89697784777577,242.4940442937974,74.71338896767134
ID_17_ri_OA_gaitinitiation_0_bl4_GO0012,17,OA,False,early,330.5,06_le_tib_ant,0.032366850055073615,0.05584513484235494,0.4893602199617507,0.4600614712877835,0.031716789067843254,0.08586547438645298,0.9997737332876777,0.883077276314793,0.9997737332876777,0.04946199041238243,11.968456239705294,602.6733368839203,534.6237800618351,580.0887366340165,7.612526501215745
ID_17_ri_OA_gaitinitiation_0_bl4_GO0012,17,OA,False,early,330.5,07_le_soleus,0.5885036962103776,0.026718552915770414,0.03867618739112074,0.021584400377131108,0.4625481164485052,0.9995593309712418,0.9995593309712418,0.13560162892322766,0.42039197070485956,0.9762733339796095,218.64898351957348,287.8513631797449,42.22592597988398,26.985015006222604,110.93528135854247
ID_17_ri_OA_gaitinitiation_0_bl4_GO0012,17,OA,False,early,330.5,08_le_gastroc_med,0.5271721100315652,0.014595057805920405,0.09465915544247751,0.02646385405528159,0.32345176605285203,0.9993491693530265,0.9993491693530265,0.26173505208251685,0.6698967402756663,0.7227437760977862,195.64294623110396,157.13293138260192,103.35302276589162,33.01791388867209,77.46939490059738
ID_18_ri_OA_gaitinitiation_0_bl2_GO0010,18,OA,False,early,328.0,01_ri_soleus,0.18895840296449495,0.05044692325082251,0.3556794261492744,0.06974287058311154,0.15736401371214856,0.5973182810848281,0.31929577648659024,0.9997929785486074,0.31690558132443836,0.5973182810848281,79.27128554409747,493.72926968198465,494.32371636868737,87.39471907627679,45.10598583382162
ID_18_ri_OA_gaitinitiation_0_bl2_GO0010,18,OA,False,early,328.0,02_ri_gastroc_med,0.1322891726256655,0.028438399776300364,0.39076893111498984,0.09971625474538195,0.09564435092822744,0.4306852719022003,0.656126756963546,0.999816100814364,0.656126756963546,0.4205269120239306,55.388544790335224,278.3659537162328,543.2356517322914,125.00689109752717,27.40807080365337
ID_18_ri_OA_gaitinitiation_0_bl2_GO0010,18,OA,False,early,328.0,03_ri_tib_ant,0.309078756914437,0.04038511347889608,0.34852686908111624,0.26987012222413864,0.40813842586049404,0.5736252997864201,0.9996355161242251,0.8890314814591245,0.9996355161242251,0.5736252997864201,130.36856334951437,395.17541735775524,484.5968174395855,338.9637429758551,117.72598710417103
ID_18_ri_OA_gaitinitiation_0_bl2_GO0010,18,OA,False,early,328.0,06_le_tib_ant,0.20094188407869434,0.05085381688719915,0.5161579908690741,0.3633460674562097,0.1725119685392341,0.5036761994251201,0.9996835781765773,0.966735926380893,0.9996835781765773,0.44289941652920284,84.31265667725211,497.78555500334113,717.5270391086415,456.102198555375,49.60853586308454
ID_18_ri_OA_gaitinitiation_0_bl2_GO0010,18,OA,False,early,328.0,07_le_soleus,0.4648225742848104,0.04744476751568539,0.020301527012111457,0.014704240069964496,0.5116596358172854,0.9992830045904297,0.7901841944050044,0.07633074125642933,0.06539714224345664,0.9992830045904297,196.12200971712332,464.02326243556394,28.216596630340735,18.43982884225635,147.43903580918564
ID_18_ri_OA_gaitinitiation_0_bl2_GO0010,18,OA,False,early,328.0,08_le_gastroc_med,0.6011166020595801,0.012468530694233869,0.021315544862685415,-0.000422329467744936,0.8207485533859091,0.9998543973288194,0.39445776297294277,0.4548994653344553,0.010010514431346056,0.9998543973288194,253.44115024908405,121.84154782987027,29.398269140267566,-0.5214872605463423,236.73640968077117
ID_18_ri_OA_gaitinitiation_0_bl1_GO0012,18,OA,False,late,453.5,01_ri_soleus,0.2859052952833324,0.10238304709708437,0.277212194035884,0.0972959024399211,0.35991722072787796,0.9996856437234806,0.30587023506843114,0.8402054226099247,0.2254779636011856,0.9996856437234806,265.67793452402526,1037.3095022344012,263.1548921860034,146.48550401738157,253.67264000758803
ID_18_ri_OA_gaitinitiation_0_bl1_GO0012,18,OA,False,late,453.5,02_ri_gastroc_med,0.25164165475500877,0.01755662956157495,0.19619590996738495,0.06724352603396068,0.3165092430709637,0.9996029920960703,0.4467269245369264,0.7524123450773507,0.4467269245369264,0.9996029920960703,233.805406858731,177.88116381756984,186.1593426695656,101.24776001890339,223.06922366424018
ID_18_ri_OA_gaitinitiation_0_bl1_GO0012,18,OA,False,late,453.5,03_ri_tib_ant,0.044781249908347406,0.01614933883291766,0.3695828324380452,0.05335294289192284,0.051568565941357274,0.12004124318060179,0.20757949548890098,0.9995587363127901,0.19181529017283558,0.12004124318060179,41.68243542864853,163.58740191817702,351.3005112092694,80.40148602719125,36.36112207917173
ID_18_ri_OA_gaitinitiation_0_bl1_GO0012,18,OA,False,late,453.5,06_le_tib_ant,0.34779602697769463,0.049522846883054014,0.07028503580352674,0.23076420403435097,0.36831006325293253,0.9995650675074215,0.9689853217895548,0.6434434041477589,0.9689853217895548,0.9995650675074215,323.38145172666896,501.64029931159365,66.50947492208792,347.6737245239728,259.57163962902763
ID_18_ri_OA_gaitinitiation_0_bl1_GO0012,18,OA,False,late,453.5,07_le_soleus,0.23631956914258226,0.060506448433019513,0.05218009405003461,0.05930410686669738,0.3113515304721456,0.9992956230933345,0.5678258828894511,0.14047924372176118,0.22048955669053769,0.9992956230933345,220.0072076747462,612.9889619542595,49.58629239343571,89.28566370921011,219.76130526698967
ID_18_ri_OA_gaitinitiation_0_bl1_GO0012,18,OA,False,late,453.5,08_le_gastroc_med,0.2630879840541911,0.021427270418281123,0.050718844188790926,0.019637948599807074,0.34862602005005056,0.9997201990767769,0.6406381279344653,0.18141171239764572,0.09885802119469995,0.9997201990767769,244.93746086899674,217.03262091654418,48.1544696502632,29.596873119781232,246.0586269482353
ID_18_ri_OA_gaitinitiation_0_bl1_GO0013,18,OA,False,early,367.0,01_ri_soleus,0.21346106498854725,0.054727254966456064,0.40319630398802564,0.05702320909463399,0.2023127795332084,0.9053568005766355,0.3004404256627975,0.9998408118942728,0.27904407407499937,0.9053568005766355,112.31784901027105,431.98424884848646,516.344543948207,75.89610870761415,73.93904506831737
ID_18_ri_OA_gaitinitiation_0_bl1_GO0013,18,OA,False,early,367.0,02_ri_gastroc_med,0.29001237047436756,0.03263375621952886,0.42930845499974574,0.08481015595092316,0.14772609859676775,0.9793476383038934,0.9994874088113676,0.9672004201057216,0.9994874088113676,0.5776846461082806,152.62594484433654,257.54567643735675,549.935298867844,112.63824022639682,53.97182489444678
ID_18_ri_OA_gaitinitiation_0_bl1_GO0013,18,OA,False,early,367.0,03_ri_tib_ant,0.3128228426089615,0.06494449639090825,0.14454735904804,0.34295014295077986,0.44312935819773497,0.8200007660379459,0.9999288011467826,0.32513044086319554,0.9999288011467826,0.8200007660379459,165.44900802216162,512.6312474447222,185.17521072116932,457.5003597549904,162.92333303389864
ID_18_ri_OA_gaitinitiation_0_bl1_GO0013,18,OA,False,early,367.0,06_le_tib_ant,0.16872841170147568,0.04068014638075879,0.5574609832437762,0.21493049667222983,0.16757730258341824,0.37972049764794125,0.5497196660259409,0.9997801894257157,0.5497196660259409,0.37972049764794125,88.94843359449747,321.15132092705073,714.119672429116,286.56468235446164,61.494185680248464
ID_18_ri_OA_gaitinitiation_0_bl1_GO0013,18,OA,False,early,367.0,07_le_soleus,0.41993163676357814,0.07282328335631223,0.0728731890749339,0.026872531269819765,0.5480100508090231,0.9994164344039559,0.4478488186230757,0.2042538426096189,0.13874622720710603,0.9994164344039559,222.12592832810384,574.6538293930993,93.37222982592718,35.84111788147443,201.39278259454093
ID_18_ri_OA_gaitinitiation_0_bl1_GO0013,18,OA,False,early,367.0,08_le_gastroc_med,0.4900091730800898,0.0021372363207682616,0.06400192830422465,-0.0011148223447069966,0.681333235201474,0.9996277933068652,0.3028594121719305,0.18584912057312122,0.0023456201249292623,0.9996277933068652,259.13180468725017,16.707171346246355,81.93238707426259,-1.4686136633326745,250.4592660838433
ID_18_ri_OA_gaitinitiation_0_bl2_GO0006,18,OA,False,late,377.0,01_ri_soleus,0.14790591077019716,0.04175026294366394,0.6868633918799685,0.03114612527581834,0.20499153370629541,0.5088556175937302,0.08799302659352727,0.9995406478715371,0.04417298594530367,0.5088556175937302,117.78303925394533,584.4222257163309,424.22138783277046,42.1350510470576,113.07388348372136
ID_18_ri_OA_gaitinitiation_0_bl2_GO0006,18,OA,False,late,377.0,02_ri_gastroc_med,0.1100448460683163,0.01601483920038465,0.48105791407372883,0.007815942407495714,0.1610878855244935,0.4033164873244142,0.048287511095497046,0.9994147385588092,0.02571361794276984,0.4033164873244142,87.69103997116278,224.19234702537398,297.0927423561146,10.577148728476724,88.9138829466768
ID_18_ri_OA_gaitinitiation_0_bl2_GO0006,18,OA,False,late,377.0,03_ri_tib_ant,0.3658203492015021,0.03883848718914065,0.11605727094872971,0.28288200720694257,0.31609277800575625,0.7417705041954383,0.999402410990613,0.4776685692083199,0.999402410990613,0.7417705041954383,291.0248362266304,543.5670786593056,71.46285318070244,382.7354661075471,174.1031149746593
ID_18_ri_OA_gaitinitiation_0_bl2_GO0006,18,OA,False,late,377.0,06_le_tib_ant,0.06604856703000832,0.024351684143456533,0.4040852523192813,0.22117532702524662,0.03569699742256529,0.4632858920424443,0.7886410347734886,0.6743267661273933,0.7886410347734886,0.12973197162579408,52.331803688191975,340.8998261537331,249.3958718044733,299.22736396651015,19.638168845325698
ID_18_ri_OA_gaitinitiation_0_bl2_GO0006,18,OA,False,late,377.0,07_le_soleus,0.2987287328225412,0.04609339490981657,0.09169087459891691,0.025404746947991264,0.43063825535517547,0.9996488018685256,0.10174327371289285,0.16496994938511703,0.061458200549618126,0.9996488018685256,238.00727895401667,645.2463829460304,56.577101346416214,34.37668239566835,237.6409956457849
ID_18_ri_OA_gaitinitiation_0_bl2_GO0006,18,OA,False,late,377.0,08_le_gastroc_med,0.2431087233612475,0.033287316156416134,0.26944427244951613,0.14358752559323706,0.35021935097408,0.8085096785805337,0.9993238264810923,0.5151056285467555,0.9993238264810923,0.8085096785805337,193.494023383643,465.97621428620164,166.18005445448293,194.42125211540727,193.04701729424076
ID_18_ri_OA_gaitinitiation_0_bl2_GO0012,18,OA,False,late,428.5,01_ri_soleus,0.09527051479062901,0.04935319796892833,0.3454285461526854,0.03529086769387006,0.15091719357888664,0.5384858370417562,0.12424866291355308,0.9996390922477769,0.12424866291355308,0.5384858370417562,46.92134262618318,498.5945245792084,436.9258251549929,51.3450115523484,37.451811442512856
ID_18_ri_OA_gaitinitiation_0_bl2_GO0012,18,OA,False,late,428.5,02_ri_gastroc_med,0.1456023023575304,0.016774870099386018,0.37275208716109115,0.04359785305080325,0.11018991118016898,0.40290008855347265,0.424376085339141,0.9995550682510359,0.424376085339141,0.32951542963470154,71.84462529585454,169.47532855470112,471.6379725442203,63.31503634039551,27.38278934574662
ID_18_ri_OA_gaitinitiation_0_bl2_GO0012,18,OA,False,late,428.5,03_ri_tib_ant,0.09494599823229272,0.024397226439141037,0.029878217398261544,0.1347441234109607,0.13205399825478442,0.20387805293249778,0.430401217001667,0.1100698181882325,0.430401217001667,0.20387805293249778,47.07932347530844,246.3866120644816,37.79647536618742,196.32660711102582,32.895971366775186
ID_18_ri_OA_gaitinitiation_0_bl2_GO0012,18,OA,False,late,428.5,06_le_tib_ant,0.16562919169326237,0.028652643481289927,0.47159398653977724,0.17103381631113374,0.1944217953768484,0.25235678468271566,0.7643455831173867,0.999777448460871,0.7643455831173867,0.25235678468271566,81.9509068375674,289.4350285145016,596.675983639637,249.12034155629692,48.43593036435206
ID_18_ri_OA_gaitinitiation_0_bl2_GO0012,18,OA,False,late,428.5,07_le_soleus,0.29878280197853707,0.07572439529928397,0.0437777651204691,0.05413378090088409,0.3742504564258904,0.8183262862990682,0.7560261140377168,0.12444455115346276,0.2220504656204514,0.8183262862990682,148.19719090642923,764.6161376576758,55.34859334233179,78.82762163861081,93.1667921362918
ID_18_ri_OA_gaitinitiation_0_bl2_GO0012,18,OA,False,late,428.5,08_le_gastroc_med,0.4210751855108975,0.019446158077069956,0.09881987991579148,0.0006636080215979822,0.6737074533269517,0.9994968562468862,0.7323098136433386,0.49746122642606067,0.004563314429145637,0.9994968562468862,208.8125680981479,196.08482746155485,124.7986768059474,0.9799165255579424,167.98667510883973
ID_18_ri_OA_gaitinitiation_0_bl3_GO0004,18,OA,False,early,369.5,01_ri_soleus,0.4219106283282764,0.05486051542155125,0.08677908752465906,0.018610731063299614,0.5839201978177467,0.9993398783832605,0.23615284230802608,0.3222005861650052,0.04901998957722132,0.9993398783832605,232.44278348155936,543.3460119810613,105.88076294129222,24.91658728636616,223.47376908571871
ID_18_ri_OA_gaitinitiation_0_bl3_GO0004,18,OA,False,early,369.5,02_ri_gastroc_med,0.47516356093501144,0.019423206191680614,0.15191043954485237,0.0013238040530922561,0.6621899740430061,0.999681973562566,0.3317452487149942,0.38924257734246914,0.010616047187414945,0.999681973562566,261.7413525590481,192.26597601211603,185.44607676178225,1.787737294466418,253.3677243397905
ID_18_ri_OA_gaitinitiation_0_bl3_GO0004,18,OA,False,early,369.5,03_ri_tib_ant,0.08612534717144266,0.023182871032438494,0.33861563037527,0.1271405570453495,0.05782286172232663,0.4589941377055869,0.38375334686042245,0.9997623853909312,0.38375334686042245,0.4589941377055869,47.08649684247993,229.6501457091715,413.4653570692246,170.1158388988361,21.88090624474571
ID_18_ri_OA_gaitinitiation_0_bl3_GO0004,18,OA,False,early,369.5,06_le_tib_ant,0.183180545934005,0.03360907656458313,0.23576426738364176,0.23864082582620869,0.2549128003092495,0.5332542349037587,0.9997186364789543,0.4643732302360729,0.9997186364789543,0.5332542349037587,100.94648856348635,332.88410490682054,288.0400753666406,319.5519238555675,97.5511711983239
ID_18_ri_OA_gaitinitiation_0_bl3_GO0004,18,OA,False,early,369.5,07_le_soleus,0.21624522327147835,0.07719814796544415,0.3756681502628247,0.0657975936649092,0.15655542249362323,0.8169070440904787,0.48152886696687347,0.9996522494811122,0.47355358900040123,0.8169070440904787,118.492162541209,764.6607682259853,458.59508268261754,87.83971505299152,59.47191256927355
ID_18_ri_OA_gaitinitiation_0_bl3_GO0004,18,OA,False,early,369.5,08_le_gastroc_med,0.2817280714797262,0.030623328085125426,0.4945949619396414,0.06856263246637695,0.1658240884974769,0.7916205944678094,0.7916205944678094,0.9996594266538483,0.7829091275628486,0.7038257861944233,154.47620191298833,303.30889951964133,603.8907393825572,91.41033437270562,63.07639809518157
ID_18_ri_OA_gaitinitiation_0_bl3_GO0005,18,OA,False,late,393.0,01_ri_soleus,0.19101029028085906,0.059290256666410975,0.5218868221247909,0.04973183663018381,0.21955068663245333,0.6858521525535692,0.30913044689846714,0.9995827176403933,0.2919434498883996,0.6858521525535692,96.72375118617626,477.3535816147964,721.2936451916972,68.76029699849691,52.99860237953154
ID_18_ri_OA_gaitinitiation_0_bl3_GO0005,18,OA,False,late,393.0,02_ri_gastroc_med,0.27809703571216926,0.035721833390338194,0.4859748780175064,0.08180694904291247,0.19659781702781126,0.7365776069021587,0.7652093846054014,0.9997229760768664,0.7652093846054014,0.5942293191158454,140.8744016595155,287.63855006309143,671.7681646138416,113.01201515495254,47.48074391749717
ID_18_ri_OA_gaitinitiation_0_bl3_GO0005,18,OA,False,late,393.0,03_ri_tib_ant,0.21879823810528323,0.04091814910627376,0.015833744801921668,0.19155771057813506,0.3435070275188057,0.5866635995766882,0.9994374539301634,0.043702765581061974,0.9994374539301634,0.5866635995766882,111.35200541940526,329.2286989886846,21.880403357092625,265.5021650039818,83.20635822605391
ID_18_ri_OA_gaitinitiation_0_bl3_GO0005,18,OA,False,late,393.0,06_le_tib_ant,0.16274315924120222,0.0350524838241186,0.3764159980963686,0.1456047164117748,0.06660101041555642,0.49639603567516516,0.5048165340683755,0.9997928794762462,0.5048165340683755,0.2116181089041949,82.476129970361,282.23940347131327,520.4466722221094,201.55786235168608,16.07119167541208
ID_18_ri_OA_gaitinitiation_0_bl3_GO0005,18,OA,False,late,393.0,07_le_soleus,0.36208787143171806,0.05218180126967276,0.15587480315792865,0.01974446878267672,0.4147912385876962,0.9735206531873779,0.9725744400656376,0.7293592260323747,0.080281911048764,0.9681727104651593,184.29092379036797,419.61716983173017,215.3260727612574,27.36688917025949,100.27822415101184
ID_18_ri_OA_gaitinitiation_0_bl3_GO0005,18,OA,False,late,393.0,08_le_gastroc_med,0.4753754605922049,0.015894347200717106,0.11882859328286469,0.00029674312158958424,0.7684408200377294,0.999710587160752,0.8535420821301308,0.44830116442531215,0.0029784186618469115,0.999710587160752,241.80215921011273,127.54066388953058,163.93425127341962,0.42459193200787626,186.1122846208505
ID_18_ri_OA_gaitinitiation_0_bl3_GO0008,18,OA,False,late,365.5,01_ri_soleus,0.4711423609858407,0.0834375489452075,0.4001306595419582,0.0881925148144011,0.6154290623304175,0.9997867315585776,0.4834262837383596,0.46023189712821033,0.4834262837383596,0.9997867315585776,418.8603222354251,502.4075594904119,294.4557004489972,117.1320955718097,368.40957030617153
ID_18_ri_OA_gaitinitiation_0_bl3_GO0008,18,OA,False,late,365.5,02_ri_gastroc_med,0.3827804534137634,0.035991249317913046,0.3421543279498545,0.13668807246011402,0.555009138054198,0.9538351950561383,0.9993484955034718,0.4474470094004016,0.9993484955034718,0.9538351950561383,340.33898592099143,216.7340527516185,251.7552509783228,181.78135476038335,332.2590063959266
ID_18_ri_OA_gaitinitiation_0_bl3_GO0008,18,OA,False,late,365.5,03_ri_tib_ant,0.0983307149669476,0.05435284374009187,0.1041153792664574,0.19870161175527407,0.07562039544877386,0.31965857160898725,0.9992904290152484,0.20773094216855997,0.9992904290152484,0.30176214692293307,87.5020276153363,327.1568125107784,76.7167017923747,264.4753373038937,45.125547715799165
ID_18_ri_OA_gaitinitiation_0_bl3_GO0008,18,OA,False,late,365.5,06_le_tib_ant,0.5122432009022307,0.09288519881846898,0.353176270600611,0.2861269214100139,0.48968856433063795,0.9997369903380806,0.9997369903380806,0.7112727635216497,0.9933329583600241,0.710495555794192,455.04164198508636,559.3375221477984,259.91047603252173,380.33605908838905,292.95120331862046
ID_18_ri_OA_gaitinitiation_0_bl3_GO0008,18,OA,False,late,365.5,07_le_soleus,0.11865993538074587,0.06942750081582723,0.009856968232390689,0.03200551107729707,0.1005910247497216,0.5488792014617749,0.5453912624026336,0.06650630919057673,0.10667963142091971,0.5487361199669847,105.60500117348376,417.7863350221588,7.220772320688241,42.563501750538705,59.973133401793135
ID_18_ri_OA_gaitinitiation_0_bl3_GO0008,18,OA,False,late,365.5,08_le_gastroc_med,0.2566056373823566,0.019639269999859738,0.0018004904816075209,0.0006449726732287416,0.2748300894382446,0.9995991687832021,0.9237476463217,0.03125537923760961,0.004392207027996757,0.9995991687832021,228.38972520214276,117.77808425107503,1.3084695207186479,0.8693505303158733,164.14912336281577
ID_18_ri_OA_gaitinitiation_0_bl3_GO0016,18,OA,False,early,376.0,01_ri_soleus,0.10943533246837349,0.04540407480095367,0.3503282218239557,0.03250011269916962,0.14939802498600727,0.557870506566376,0.15286489239770537,0.9996212648703426,0.12637640174104678,0.557870506566376,47.19067547190408,539.4022739730252,445.59005813149486,43.9043837535895,45.27228767130228
ID_18_ri_OA_gaitinitiation_0_bl3_GO0016,18,OA,False,early,376.0,02_ri_gastroc_med,0.12716164687706974,0.02655728334196429,0.43124767344149373,0.06900271876484247,0.1550519830875871,0.6804604900810207,0.45010412613200035,0.9997075425771145,0.45010412613200035,0.6804604900810207,54.73479418821686,315.5051464062939,548.4939108383334,93.18024289993694,46.949927621304326
ID_18_ri_OA_gaitinitiation_0_bl3_GO0016,18,OA,False,early,376.0,03_ri_tib_ant,0.24551386733672098,0.03302605299649899,0.07062937322655256,0.22282824413185964,0.2764913375171468,0.45676723047007795,0.9996504938548414,0.3205728704302213,0.9996504938548414,0.45676723047007795,106.5136489938551,392.1940477267653,89.8706297464725,301.25174880897805,84.11317356270925
ID_18_ri_OA_gaitinitiation_0_bl3_GO0016,18,OA,False,early,376.0,06_le_tib_ant,0.240418471206316,0.04180316256778084,0.540920993897269,0.3383260106027248,0.2419328691767153,0.8721158970080168,0.9351031102213223,0.9999287990933101,0.9351031102213223,0.8721158970080168,103.66869887638282,496.6434277764872,688.0317474776707,457.1841134493979,73.32708697238134
ID_18_ri_OA_gaitinitiation_0_bl3_GO0016,18,OA,False,early,376.0,07_le_soleus,0.4262763618835451,0.05103593773859603,0.009152866320786157,0.013952945371302082,0.52742288554777,0.9990928743252047,0.5264063120620642,0.043462108850083316,0.09375374118981225,0.9990928743252047,185.0077141759527,606.0590433362169,11.621238999898637,18.827076532253823,160.57234748999363
ID_18_ri_OA_gaitinitiation_0_bl3_GO0016,18,OA,False,early,376.0,08_le_gastroc_med,0.45971059967896044,0.019591189744899245,0.014974086406050354,0.00781291378499499,0.6085461625917309,0.9541410812605926,0.35837759662430857,0.31789308133073363,0.05867621957779627,0.9541410812605926,199.48909975346652,232.54626982058946,18.857567124633604,10.577833959369979,185.3686781214414
ID_18_ri_OA_gaitinitiation_0_bl4_GO0002,18,OA,False,late,390.0,01_ri_soleus,0.11492894902699943,0.054953847437898454,0.45105743881754556,0.0867497559582752,0.14784765525087448,0.5378227446866466,0.3737012200560628,0.9996472691280129,0.3737012200560628,0.5378227446866466,46.96319233645731,658.4785013290411,608.9330323911948,119.58965058990398,30.609784118523464
ID_18_ri_OA_gaitinitiation_0_bl4_GO0002,18,OA,False,late,390.0,02_ri_gastroc_med,0.08724844238910598,0.0335609569380659,0.38386350825938087,0.09135297929823631,0.13567782497622868,0.45530543126235007,0.5386901123648971,0.9997709150519668,0.5386901123648971,0.45530543126235007,35.61407425069543,402.16762145265847,518.2640967047628,125.95387749637118,28.130602045134367
ID_18_ri_OA_gaitinitiation_0_bl4_GO0002,18,OA,False,late,390.0,03_ri_tib_ant,0.3312761971969192,0.036250390924315874,0.03823724096965225,0.22046012607773494,0.37773937852584966,0.6011567123034476,0.9997785481571888,0.1072785611202625,0.9997785481571888,0.6009103249058176,136.42752710499522,434.08496873559574,51.59301788577072,304.2323378002208,78.58793747641158
ID_18_ri_OA_gaitinitiation_0_bl4_GO0002,18,OA,False,late,390.0,06_le_tib_ant,0.39081517169174784,0.03814416607059901,0.33957816543623703,0.2527454006627965,0.28312946058396127,0.7593098637736031,0.7593098637736031,0.9994117535552596,0.7288492190661461,0.6777815673685913,160.30255018586024,457.0395360863447,458.34249561743957,348.41957293904113,58.789770896658126
ID_18_ri_OA_gaitinitiation_0_bl4_GO0002,18,OA,False,late,390.0,07_le_soleus,0.46605897756076353,0.06679482741390169,0.016089275931399815,0.020162020667977624,0.46937118403201367,0.9991669442584474,0.9985976874217597,0.05782343101938209,0.07233900847272295,0.9937147396368052,192.00524058596767,799.8912915839398,21.717914684897448,27.796589241745245,97.5854880699291
ID_18_ri_OA_gaitinitiation_0_bl4_GO0002,18,OA,False,late,390.0,08_le_gastroc_med,0.5016301492726207,0.020528329835389332,0.02648721679622014,0.004949140400090282,0.6478072012735535,0.9995790542257069,0.9288204170585421,0.09883398113659356,0.03285327755992895,0.9995790542257069,206.6331465457303,245.51686984746348,35.72316699756622,6.828062832879534,134.8638031860999
ID_18_ri_OA_gaitinitiation_0_bl4_GO0006,18,OA,False,early,324.0,01_ri_soleus,0.442350032956216,0.034228838854012546,0.08118385303591995,0.01685601291562354,0.5420668899977859,0.9994906627376545,0.4591592482187889,0.43096135297313626,0.04392049300524494,0.9994906627376545,224.71103963210237,197.61048943843437,89.72293608612962,21.020533255272255,203.01675539170358
ID_18_ri_OA_gaitinitiation_0_bl4_GO0006,18,OA,False,early,324.0,02_ri_gastroc_med,0.43291094659023904,0.007158296291052729,0.09149218770362078,0.002951229988649783,0.5482453036674494,0.9995323302019505,0.37315387705663045,0.4015552783307757,0.021228521915740654,0.9995323302019505,219.93931413005916,41.166423569347586,101.17237921530982,3.6936135604508102,205.39036689624106
ID_18_ri_OA_gaitinitiation_0_bl4_GO0006,18,OA,False,early,324.0,03_ri_tib_ant,0.25236439908665215,0.07607792915606723,0.37988242743404216,0.29903562361159447,0.2205054067254338,0.8154376851792507,0.9992489211126626,0.8211324195908126,0.9992489211126626,0.8154376851792507,127.49403864886085,439.75415304778585,420.49884787113876,372.89515051974246,82.2315776838245
ID_18_ri_OA_gaitinitiation_0_bl4_GO0006,18,OA,False,early,324.0,06_le_tib_ant,0.14771944323424205,0.08948277665427892,0.12480272593123017,0.3720024934991494,0.06742631111854692,0.41527502525024024,0.9997835158824697,0.36813860602083603,0.9997835158824697,0.29054747759679156,74.83759965221157,517.1477252347757,138.19076137215853,464.1056189836229,25.08484037685633
ID_18_ri_OA_gaitinitiation_0_bl4_GO0006,18,OA,False,early,324.0,07_le_soleus,0.20725436519371973,0.025327769429488306,0.25074698937634127,0.01575777478589845,0.2794975213265584,0.9058768957160375,0.09250775557034482,0.9993266412551192,0.046918952000588925,0.9058768957160375,104.81955043927294,146.40739459284828,277.31240279443136,19.65118590633735,104.35198704129714
ID_18_ri_OA_gaitinitiation_0_bl4_GO0006,18,OA,False,early,324.0,08_le_gastroc_med,0.2958503183912764,0.04311984054730796,0.26886286407006893,0.13825319142094208,0.29183984796185675,0.8086931902708878,0.9993574662266738,0.8207725385684104,0.9993574662266738,0.8086931902708878,149.5280185804034,249.25605686315603,297.4418929081366,172.17052173077167,109.02217166573433
ID_18_ri_OA_gaitinitiation_0_bl4_GO0008,18,OA,True,early,392.5,01_ri_soleus,0.22467925458579788,0.06314920566914856,0.463534168307742,0.05520099729514864,0.21395370686778017,0.7644580712091911,0.38351778177058293,0.9998560260460299,0.3811833779460162,0.7644580712091911,124.5632081535508,375.30079839719224,555.3248574902553,76.23713794408917,84.72354973720101
ID_18_ri_OA_gaitinitiation_0_bl4_GO0008,18,OA,True,early,392.5,02_ri_gastroc_med,0.3841706477856464,0.032806188106824084,0.4388624891474864,0.03487830796380363,0.3469533681532245,0.6912015220722008,0.6787757649198375,0.7041618195218864,0.6216113472801007,0.6912015220722008,213.31604362006956,194.9279325521125,525.7425235281224,47.97245585353805,137.6718381217348
ID_18_ri_OA_gaitinitiation_0_bl4_GO0008,18,OA,True,early,392.5,03_ri_tib_ant,0.37538933397520424,0.07381295186910121,0.2275551126566629,0.24060773784088293,0.3665128852071621,0.999224458176555,0.9259530139026632,0.6377229411236462,0.7784318146596674,0.999224458176555,209.0438108051849,438.2642770746019,272.7887539570697,333.22978082356383,145.35404474626483
ID_18_ri_OA_gaitinitiation_0_bl4_GO0008,18,OA,True,early,392.5,06_le_tib_ant,0.165018584093632,0.05363049835999665,0.2242825631771618,0.22454238791207665,0.2211056353562811,0.42284332638639954,0.7291346980531255,0.6305209785398678,0.7291346980531255,0.42284332638639954,91.60593048744482,318.7916936510372,268.61729213085,310.8954894753318,87.79616034004127
ID_18_ri_OA_gaitinitiation_0_bl4_GO0008,18,OA,True,early,392.5,07_le_soleus,0.4264907268954952,0.060656735029439975,0.08438225546289603,0.02605510105283311,0.25894181075077305,0.9995762020158846,0.9995762020158846,0.19978641429477026,0.3924321776704268,0.8236105470863189,237.28614076882835,360.09123993988595,101.11235329972605,35.8463032423859,102.58279519825649
ID_18_ri_OA_gaitinitiation_0_bl4_GO0008,18,OA,True,early,392.5,08_le_gastroc_med,0.6449155554166282,0.0438501324591259,0.2188483603098402,0.008724266340636238,0.6066239813528689,0.9998026545371955,0.9998026545371955,0.49352862236770434,0.22753118410593515,0.9932108859334516,358.9320073722039,260.14261525716404,262.2137363612469,11.940818162824847,240.78158461318168
ID_18_ri_OA_gaitinitiation_0_bl4_GO0011,18,OA,False,late,455.0,01_ri_soleus,0.22234671642271875,0.060404630778654725,0.5604532371086478,0.06923265246017554,0.5225153986341949,0.8359301218856876,0.3689737399753301,0.9999047749950382,0.3689737399753301,0.8359301218856876,99.76302614612115,373.9188136063674,613.6460683371093,104.42229899868524,87.80646916488841
ID_18_ri_OA_gaitinitiation_0_bl4_GO0011,18,OA,False,late,455.0,02_ri_gastroc_med,0.17212172364041556,0.037819446700659246,0.5619699279273311,0.09943687482478338,0.3265675816172942,0.6112817719261022,0.6753818324384531,0.9998486410381011,0.6753818324384531,0.6112817719261022,77.09598391926635,234.138192449791,615.3928223131227,149.91674841417566,54.843113943695926
ID_18_ri_OA_gaitinitiation_0_bl4_GO0011,18,OA,False,late,455.0,03_ri_tib_ant,0.5423973843243584,0.06759162388462993,0.057659543354021195,0.13531464418881292,0.41269598083295966,0.9993880612734174,0.9993880612734174,0.1553692953780163,0.7068967968036982,0.6649279617308063,244.5314961300292,418.1814235191148,63.09158973842901,204.31544633714682,69.322119058004
ID_18_ri_OA_gaitinitiation_0_bl4_GO0011,18,OA,False,late,455.0,06_le_tib_ant,0.39384385564170377,0.0637618143379123,0.5011878432916146,0.2296911448809397,0.7853995177500313,0.9597137099579326,0.735350573741746,0.9997570207181103,0.735350573741746,0.9597137099579326,176.94371493703267,394.63192445354196,548.6091189006352,346.6337971471794,132.06729332535136
ID_18_ri_OA_gaitinitiation_0_bl4_GO0011,18,OA,False,late,455.0,07_le_soleus,0.34249981893124776,0.05212291505298421,0.008478076955756397,0.008999523918542971,0.04578435839543552,0.8743473515557619,0.8743473515557619,0.01760546470843107,0.055662407412248836,0.2497634488856051,154.45944026041337,322.5851173020636,9.294206167701255,13.542580988322017,7.612098846641823
ID_18_ri_OA_gaitinitiation_0_bl4_GO0011,18,OA,False,late,455.0,08_le_gastroc_med,0.5065205270363805,0.05116181656667606,0.03077786794169742,0.019564204263717522,0.2869844081116907,0.9994897234739974,0.9994897234739974,0.13139490608172172,0.13453942248378034,0.6747842639233502,228.42880875108267,316.4139502420993,33.66496861973974,29.46969228382253,48.150806304702094
ID_19_ri_OA_gaitinitiation_0_bl2_GO0010,19,OA,False,early,288.5,01_ri_soleus,0.5261086633186655,0.26277797742284487,0.2856983202745862,0.26173219115283675,0.5869129857923586,0.9994470924206323,0.4173769427269275,0.5691030442002085,0.3523170527847339,0.9994470924206323,276.7831888679211,2031.5198377425936,313.27696166372095,307.7495995315056,217.8890140220334
ID_19_ri_OA_gaitinitiation_0_bl2_GO0010,19,OA,False,early,288.5,02_ri_gastroc_med,0.43789562590731784,0.017523119536599782,0.13369500992273559,0.03693808799127672,0.4793659553535691,0.9994543162488748,0.5206834814259012,0.7387651619270208,0.5071501870528649,0.9994543162488748,230.13387755028833,135.44738842520198,146.4184010020706,43.21771013938444,177.9088938098672
ID_19_ri_OA_gaitinitiation_0_bl2_GO0010,19,OA,False,early,288.5,03_ri_tib_ant,0.353194494359389,0.04564847500315757,0.10888679142354632,0.273026553361073,0.4234772198995069,0.9577820824936001,0.9996965125103511,0.4271809145268686,0.9996965125103511,0.9577820824936001,186.16603515351798,352.6327989502665,119.51116436567314,321.37617538084316,157.21709880416466
ID_19_ri_OA_gaitinitiation_0_bl2_GO0010,19,OA,False,early,288.5,06_le_tib_ant,0.5489325751538419,0.04063065289253469,0.09371358501696112,0.24105879157314494,0.6999727080117757,0.9997451144652171,0.798645723792546,0.5929688640970966,0.798645723792546,0.9997451144652171,288.81344635892833,314.0856927048824,102.58225336204816,283.5604969958276,260.00911078968
ID_19_ri_OA_gaitinitiation_0_bl2_GO0010,19,OA,False,early,288.5,07_le_soleus,0.2989206959976556,0.029035399260666908,0.09223136501386116,0.020267857900505625,0.08224774194860923,0.9989499821192844,0.9989499821192844,0.2654638632223693,0.466800996683043,0.5403286181733666,157.2729204822108,224.20172720774764,101.26263150765229,23.596957627593017,30.305520258967565
ID_19_ri_OA_gaitinitiation_0_bl2_GO0010,19,OA,False,early,288.5,08_le_gastroc_med,0.3868991410084423,0.03244673999312612,0.17127682979897388,0.014153787095893225,0.2004987355212019,0.9994327155953631,0.9994327155953631,0.5520071504629502,0.3809595833893138,0.8291525806667028,203.6875237518713,250.44217370586188,188.035944908724,16.450581907737558,74.16324489637421
ID_19_ri_OA_gaitinitiation_0_bl1_GO0011,19,OA,False,late,436.0,01_ri_soleus,0.505753761940554,0.2553091911548482,0.3361956469841812,0.2618164764849045,0.6783207722264006,0.999481040263454,0.35862337421885293,0.7529733453417572,0.35862337421885293,0.999481040263454,228.5513933362287,3077.005946430543,390.8082761312591,385.0998846282104,184.00410293340417
ID_19_ri_OA_gaitinitiation_0_bl1_GO0011,19,OA,False,late,436.0,02_ri_gastroc_med,0.38259986105009575,0.009311168375722415,0.1987842023270355,0.04712633643261727,0.6250530105823074,0.99963348248387,0.4184387989635835,0.8920156086342749,0.4184387989635835,0.99963348248387,172.77230307103744,112.21351590782356,230.9252133469447,69.27621721927656,169.54325685926847
ID_19_ri_OA_gaitinitiation_0_bl1_GO0011,19,OA,False,late,436.0,03_ri_tib_ant,0.2142652762407783,0.033107787820731094,0.03860119935307989,0.23895304667242612,0.1969340497199127,0.2481394003990382,0.9996896479984111,0.3664244529573303,0.9996896479984111,0.2411920602858252,96.87218139496008,398.92679980992716,44.65991168501686,351.6361153883629,53.35844874121361
ID_19_ri_OA_gaitinitiation_0_bl1_GO0011,19,OA,False,late,436.0,06_le_tib_ant,0.5637181835891039,0.027479656409296276,0.13910244374844116,0.20735507028910127,0.8508191049921489,0.9999499356127393,0.6608815252111596,0.9257297829781482,0.6608815252111596,0.9999499356127393,254.7723548969119,331.0390879315806,161.41719480710287,305.1022218461393,230.77693774357422
ID_19_ri_OA_gaitinitiation_0_bl1_GO0011,19,OA,False,late,436.0,07_le_soleus,0.4437303862129576,0.029865788321383726,0.33649430345947606,0.019764907865562734,0.22235160734468906,0.9994903042765596,0.9994903042765596,0.9575319322527379,0.2658022311749752,0.8229947754810814,200.85947169208066,359.53722384286186,391.3580382217499,28.93966558728273,60.05193484490274
ID_19_ri_OA_gaitinitiation_0_bl1_GO0011,19,OA,False,late,436.0,08_le_gastroc_med,0.38146907807279273,0.04243758318209655,0.28820385416865624,0.05236054618451666,0.10972600456339451,0.9993314121718854,0.9993314121718854,0.5670110114252085,0.3032203911841348,0.6260783524577407,172.6401983616245,511.08983117297976,335.3288611057381,76.80971320933735,29.518755265485023
ID_19_ri_OA_gaitinitiation_0_bl1_GO0012,19,OA,False,early,594.5,01_ri_soleus,0.5852372001077686,0.4104588647897444,0.4839269284641274,0.4136701015695348,0.5220685292242455,0.9812566974288466,0.8344342497275132,0.9994547985579383,0.7637159703992235,0.9812566974288466,264.2268348921503,4241.232066828488,415.0026604147395,739.4650924603478,160.05552332387222
ID_19_ri_OA_gaitinitiation_0_bl1_GO0012,19,OA,False,early,594.5,02_ri_gastroc_med,0.30420965937668404,0.008107493608617263,0.10681695957686228,0.02154831988280906,0.3655471036956445,0.9992013333074358,0.365303099494348,0.8947696912937291,0.365303099494348,0.9992013333074358,137.16581068817072,83.78222253957964,91.29762135263056,38.36910433314406,112.12776588970077
ID_19_ri_OA_gaitinitiation_0_bl1_GO0012,19,OA,False,early,594.5,03_ri_tib_ant,0.434403510282806,0.03513384700254555,0.0893749415046774,0.16475776688303434,0.4281888195787902,0.9093416785959398,0.9995477870320786,0.2640015314646075,0.9995477870320786,0.9093416785959398,196.7607460728766,362.63172696123416,76.7324481284254,294.7220898630603,131.4462000240682
ID_19_ri_OA_gaitinitiation_0_bl1_GO0012,19,OA,False,early,594.5,06_le_tib_ant,0.43939176879406266,0.028712411985979472,0.11997950720823375,0.15339391659900967,0.5779923318732871,0.9995306272955062,0.8618593686025668,0.8684003012656012,0.8618593686025668,0.9995306272955062,198.43123656460727,296.6871495007382,102.61624804935911,274.2514702207909,177.5499938908414
ID_19_ri_OA_gaitinitiation_0_bl1_GO0012,19,OA,False,early,594.5,07_le_soleus,0.3616699683457454,0.024691880712001256,0.15524604453291885,0.026711348222275787,0.13326426572202615,0.9992092349587127,0.9992092349587127,0.39484885270381814,0.701913218688202,0.4972861997956729,163.45747334364245,254.89496511063882,133.31205295682622,47.41363892110974,40.77755410652649
ID_19_ri_OA_gaitinitiation_0_bl1_GO0012,19,OA,False,early,594.5,08_le_gastroc_med,0.4343582947565239,0.01687392226657137,0.20416566314404738,0.01583254230561735,0.21824027077390912,0.9994884845674006,0.9994884845674006,0.36454913942090855,0.606391768849577,0.719975151271343,196.44064237362414,173.99996097334275,175.29869028947473,28.001891519346387,66.84851332095252
ID_19_ri_OA_gaitinitiation_0_bl1_GO0013,19,OA,False,late,408.0,01_ri_soleus,0.5610445881693539,0.32271488435685075,0.4158354866852049,0.32263054045092515,0.661413908215299,0.9995972974732247,0.5557188328183094,0.9239671021194524,0.5138221846312601,0.9995972974732247,255.1038298143191,1941.1516669965126,412.3075214959932,456.42413748697334,168.7074679539296
ID_19_ri_OA_gaitinitiation_0_bl1_GO0013,19,OA,False,late,408.0,02_ri_gastroc_med,0.46127816385028025,0.031214387278968116,0.3221138325254677,0.0659555062484296,0.5614312120437476,0.9996809778411855,0.8931822724834335,0.9520647024256487,0.8931822724834335,0.9996809778411855,209.41863037634664,187.78523442948563,319.37473108977997,92.94360791881876,143.24406699770861
ID_19_ri_OA_gaitinitiation_0_bl1_GO0013,19,OA,False,late,408.0,03_ri_tib_ant,0.4028079113940428,0.07505378943651637,0.09971273128073085,0.22836426517448388,0.294748513706808,0.9993166192220281,0.9993166192220281,0.5023840855199682,0.9543737199083264,0.9594380046376811,183.66711864725255,451.02317122552046,98.93333050906777,323.33657033015226,74.98239840551533
ID_19_ri_OA_gaitinitiation_0_bl1_GO0013,19,OA,False,late,408.0,06_le_tib_ant,0.5076176067629816,0.06407732866621241,0.14122398983177192,0.23029412377341427,0.6766886858927942,0.9997162733452155,0.7300852057172537,0.9884640858506415,0.7300852057172537,0.9997162733452155,230.6310323661507,385.3969843885044,139.65556910520016,325.74977865482185,172.64107974432255
ID_19_ri_OA_gaitinitiation_0_bl1_GO0013,19,OA,False,late,408.0,07_le_soleus,0.3887171074666492,0.04070619174937588,0.23007956556483905,0.013736554637695806,0.11074225561319112,0.9992029209233328,0.9992029209233328,0.5398926672253801,0.23742267379689447,0.5091733162698018,177.11635900142022,244.61103551253342,228.4189011422788,19.306143448667783,28.07488795021303
ID_19_ri_OA_gaitinitiation_0_bl1_GO0013,19,OA,False,late,408.0,08_le_gastroc_med,0.4325374190837737,0.03497059301360347,0.15228701448324367,0.005924284085698861,0.1952609287274046,0.9994955639790962,0.9994955639790962,0.4612051162842984,0.1612841696107798,0.8029436835315862,197.15582183088483,209.9612624592491,151.11836884654056,8.275713756757597,49.5840224992989
ID_19_ri_OA_gaitinitiation_0_bl2_GO0006,19,OA,False,late,529.5,01_ri_soleus,0.4569574156836238,0.2483626982203329,0.3184545615899804,0.24921030688589807,0.5366400196168125,0.999541326144219,0.4436635960785395,0.42263785904398554,0.3329282399334331,0.999541326144219,326.43103005068764,1564.3282323662258,220.7755745108749,413.14913770134217,254.00723938815543
ID_19_ri_OA_gaitinitiation_0_bl2_GO0006,19,OA,False,late,529.5,02_ri_gastroc_med,0.3622851752283469,0.011641702253293503,0.1254555529078594,0.02250696527177506,0.48705290347865043,0.9994561291732016,0.33309346028943276,0.2506532817129478,0.33309346028943276,0.9994561291732016,258.7891838224767,73.193571934496,86.97433715851452,37.181911648783085,230.62263503438794
ID_19_ri_OA_gaitinitiation_0_bl2_GO0006,19,OA,False,late,529.5,03_ri_tib_ant,0.21580020431197167,0.08332483574298992,0.13603251586261603,0.24717854422531382,0.09729590567215238,0.491789885689211,0.9997410879517575,0.4424751371910155,0.9997410879517575,0.46273795614631386,154.0995705255066,524.7094960665808,94.27465328138473,409.87452476753725,45.87986585612155
ID_19_ri_OA_gaitinitiation_0_bl2_GO0006,19,OA,False,late,529.5,06_le_tib_ant,0.455217623270258,0.043180878973031966,0.03847888944947503,0.12407381037262313,0.5484479367555013,0.9997123014268035,0.5416968976860967,0.14895461182700775,0.4594463358600501,0.9997123014268035,325.27605786177276,271.75383201775077,26.63225852171732,205.63009028771927,259.6786745220227
ID_19_ri_OA_gaitinitiation_0_bl2_GO0006,19,OA,False,late,529.5,07_le_soleus,0.19392224636677055,0.02921507006329717,0.2662099117876766,0.006350012153560823,0.03964535756954998,0.7533454036406033,0.7533454036406033,0.9989875301044078,0.07074178545450055,0.3340915027568493,138.606179256941,183.87016988819934,184.73130006276466,10.490869893742756,18.60721343660873
ID_19_ri_OA_gaitinitiation_0_bl2_GO0006,19,OA,False,late,529.5,08_le_gastroc_med,0.27339197120235254,0.03605601904010969,0.2566144941335999,0.0044925357412019026,0.06977954209968915,0.9993587418905758,0.9993587418905758,0.6082353571986674,0.07882533392820251,0.5840040561498465,195.419270039431,226.84285268831212,177.97955698675446,7.405918127295819,32.76218994146675
ID_19_ri_OA_gaitinitiation_0_bl2_GO0012,19,OA,False,early,332.5,01_ri_soleus,0.5529542802926656,0.33442707228828006,0.39915011706471765,0.34174013637395734,0.6075248770205975,0.9996493425068435,0.5378463827413746,0.9295448161934058,0.5336627204465207,0.9996493425068435,248.08647304099918,4618.784232862871,444.41686571473,431.8677530236449,183.45014911423328
ID_19_ri_OA_gaitinitiation_0_bl2_GO0012,19,OA,False,early,332.5,02_ri_gastroc_med,0.40388549030485804,0.012901684135416128,0.14440803390167994,0.06273656933445675,0.4630429914139347,0.9993573399870991,0.7157869948289148,0.8373724697388688,0.7157869948289148,0.9993573399870991,180.9822149576131,178.19984567575708,160.58237853694064,79.02570395210793,139.87212839735312
ID_19_ri_OA_gaitinitiation_0_bl2_GO0012,19,OA,False,early,332.5,03_ri_tib_ant,0.40730420955171653,0.029117190559810255,0.1427060363181756,0.24826419922428217,0.33536319306997253,0.7319446637793072,0.9997183517399136,0.48959049735552423,0.9997183517399136,0.7319446637793072,183.10655633979223,401.8043204343888,159.01825711522338,313.9182543413423,101.2103170162997
ID_19_ri_OA_gaitinitiation_0_bl2_GO0012,19,OA,False,early,332.5,06_le_tib_ant,0.5704765644744482,0.023716824981090703,0.1330195574493413,0.2015611054829793,0.6181788460568176,0.9998515359097853,0.6662686441791056,0.9453002102122683,0.6409440905000865,0.9998515359097853,255.90997147655926,327.49473405266843,147.7993478323761,254.64985880831176,186.74879467879362
ID_19_ri_OA_gaitinitiation_0_bl2_GO0012,19,OA,False,early,332.5,07_le_soleus,0.3709169217395429,0.017883578893616046,0.1223383205370624,0.004818780938835287,0.2552556771519568,0.9989167717006021,0.9989167717006021,0.4041196152317374,0.10817981853833558,0.9765360287465921,166.8558739740065,246.50894984381608,136.36818737649475,6.030760199315672,76.85618944219542
ID_19_ri_OA_gaitinitiation_0_bl2_GO0012,19,OA,False,early,332.5,08_le_gastroc_med,0.47232428179536745,0.034075549920305793,0.15621105219392314,0.006028093933112617,0.4919227515339253,0.9994363180003528,0.900809806793714,0.3685629777226434,0.04107468647507727,0.9994363180003528,212.53767432765542,470.1903349369604,174.08638414026836,7.59127377171518,148.6004318539454
ID_19_ri_OA_gaitinitiation_0_bl2_GO0013,19,OA,False,late,572.5,01_ri_soleus,0.7282905156701635,0.4214983999560414,0.43392495620965077,0.4147925591667846,0.7026757047116569,0.9996359748219461,0.9851403616667204,0.8904857151727976,0.5742071449862889,0.9996359748219461,361.933962785866,4377.26599257332,440.1994807840247,723.3079661442403,179.92371993837133
ID_19_ri_OA_gaitinitiation_0_bl2_GO0013,19,OA,False,late,572.5,02_ri_gastroc_med,0.5048935494651113,0.014657725561692264,0.12592182785608308,0.013868197622354257,0.6079670208992934,0.9993853950690699,0.6646546806872891,0.7639840319027287,0.41144120785115323,0.9993853950690699,250.81947235596812,152.20854618830475,127.54038040572547,23.979790785470712,155.82591546436856
ID_19_ri_OA_gaitinitiation_0_bl2_GO0013,19,OA,False,late,572.5,03_ri_tib_ant,0.36895698895854634,0.03942204162565988,0.03472645823535701,0.15921302099919268,0.2141640059751281,0.9992218533929036,0.9992218533929036,0.2959185905918165,0.6937608704656204,0.8532782262275787,183.70360371474231,408.99381049546656,35.14391052498598,277.7787496581426,54.61015508231588
ID_19_ri_OA_gaitinitiation_0_bl2_GO0013,19,OA,False,late,572.5,06_le_tib_ant,0.5502357577235079,0.03803455234657986,0.1624401606350413,0.19587511016168005,0.8689600192009705,0.9997814250272776,0.7851859452229863,0.8921005993244393,0.7851859452229863,0.9997814250272776,273.2452076177918,394.8258915067617,164.5881140623381,341.4763561637033,222.6689869914867
ID_19_ri_OA_gaitinitiation_0_bl2_GO0013,19,OA,False,late,572.5,07_le_soleus,0.3208312986113768,0.025437515074763387,0.16083481394249838,0.015562159303720707,0.014305060050838002,0.9992197005474239,0.9992197005474239,0.5560480942894179,0.47805111423230595,0.10278569411521118,159.50859540654506,264.1312907388824,163.3534279802965,26.895489298419278,3.614204934280222
ID_19_ri_OA_gaitinitiation_0_bl2_GO0013,19,OA,False,late,572.5,08_le_gastroc_med,0.4213653354447261,0.030694108428996086,0.09843692614622905,0.008496703951545585,0.07582293625594382,0.9996205297410308,0.9996205297410308,0.19257787833810397,0.32076870752676345,0.4687460165886718,209.6686803675253,318.53295582238604,99.92463495380403,14.642381062062958,19.24395348535134
ID_19_ri_OA_gaitinitiation_0_bl3_GO0003,19,OA,True,late,1607.5,01_ri_soleus,0.3955742321126493,0.3740575667084922,0.37731953560200476,0.3922242245600828,nan,0.3986323635097975,0.9993267571868139,0.4403201374461445,0.9993267571868139,nan,60.92298888852646,3882.3479714569303,435.0401906801121,1495.9541764319652,0.0
ID_19_ri_OA_gaitinitiation_0_bl3_GO0003,19,OA,True,late,1607.5,02_ri_gastroc_med,0.10027765143096136,0.032993272871579535,0.042374932084460776,0.068055312513717,nan,0.125534100239227,0.998934307417987,0.15962759904000912,0.998934307417987,nan,15.461654226068754,342.416554759561,48.79475177795875,259.59810054807906,0.0
ID_19_ri_OA_gaitinitiation_0_bl3_GO0003,19,OA,True,late,1607.5,03_ri_tib_ant,0.04203998013580778,0.022944982782868543,0.07689085204338236,0.05916310896545156,nan,0.06014638080886501,0.8045545676839566,0.22269321495224154,0.8045545676839566,nan,6.459804473986974,238.13520642040456,88.67740965636253,225.68140723418486,0.0
ID_19_ri_OA_gaitinitiation_0_bl3_GO0003,19,OA,True,late,1607.5,06_le_tib_ant,0.035165991679291846,0.025614195256548775,0.030934010011108952,0.06726707731982884,nan,0.0907883991929448,0.8724530126090478,0.16565286759843137,0.8724530126090478,nan,5.393948723752859,265.86578743468755,35.688323946946916,256.5745398749894,0.0
ID_19_ri_OA_gaitinitiation_0_bl3_GO0003,19,OA,True,late,1607.5,07_le_soleus,0.023300028399906404,0.049607719115388624,0.06670105182379218,0.07115780756367497,nan,0.0544931000282308,0.32357778131230175,0.14657129649939846,0.32357778131230175,nan,3.5734615784560217,514.8847794190629,76.93891759659871,271.43058394056254,0.0
ID_19_ri_OA_gaitinitiation_0_bl3_GO0003,19,OA,True,late,1607.5,08_le_gastroc_med,0.010056641662520743,0.13393492550141425,0.35790870949644343,0.1829764417010482,nan,0.07696311684964123,0.647748628286869,0.9993783205969669,0.647748628286869,nan,1.4838754649543984,1390.1264166415726,412.90734857962,697.9355460635942,0.0
ID_19_ri_OA_gaitinitiation_0_bl3_GO0006,19,OA,False,late,364.0,01_ri_soleus,0.2501831534468254,0.25728919877942336,0.3360823592626314,0.26723629563117474,0.2719981118516255,0.3031991415796602,0.35441383563700546,0.4181727161744367,0.35441383563700546,0.3031991415796602,102.52972528230482,1558.9219649056113,100.45209825764292,354.6200289652224,21.20974449825883
ID_19_ri_OA_gaitinitiation_0_bl3_GO0006,19,OA,False,late,364.0,02_ri_gastroc_med,0.11007149637371164,0.024318098653090273,0.4414746033277452,0.08645001395162892,0.3973333155334397,0.6341194828364364,0.5902737098171972,0.8672414378850508,0.5902737098171972,0.6341194828364364,44.74406166150107,147.2851330346276,131.88194005357713,114.63937289990334,30.973448771215566
ID_19_ri_OA_gaitinitiation_0_bl3_GO0006,19,OA,False,late,364.0,03_ri_tib_ant,0.6343891361791988,0.058142845496170104,0.2757971317538485,0.06950225124489814,0.2563963960562898,0.9996218926217768,0.9996218926217768,0.46507599194241045,0.319117845697649,0.37104566338802936,260.51297582365805,352.1442978578715,82.54859450028832,92.15046956626591,19.991265504440168
ID_19_ri_OA_gaitinitiation_0_bl3_GO0006,19,OA,False,late,364.0,06_le_tib_ant,0.6955351760595436,0.054820206887011155,0.09749488891720809,0.05636679098990843,0.36853776135510896,0.9998331099194127,0.9998331099194127,0.3479949861251746,0.3268591026210219,0.5296704456877646,285.62767364018623,331.93261527998106,28.972257143004235,74.71948927412816,28.73981992477013
ID_19_ri_OA_gaitinitiation_0_bl3_GO0006,19,OA,False,late,364.0,07_le_soleus,0.030080576652962116,0.01732450149701426,0.577068721901853,0.05158125965475759,0.18391714679872642,0.3751385418247128,0.3422574545423474,0.9992627877692991,0.3422574545423474,0.3751385418247128,12.133777812149996,104.96730755919069,172.8724273739238,68.47122657798295,14.311064972402436
ID_19_ri_OA_gaitinitiation_0_bl3_GO0006,19,OA,False,late,364.0,08_le_gastroc_med,0.01570117389883137,0.034028376110693676,0.6581617772959651,0.10103856030059631,0.1393249479133959,0.306293563282488,0.6653135689310121,0.9993682998712711,0.6653135689310121,0.306293563282488,6.23232718408632,206.2023507457929,197.19459858095524,134.11738099560543,10.834196919140423
ID_19_ri_OA_gaitinitiation_0_bl3_GO0013,19,OA,False,early,462.0,01_ri_soleus,0.6099110793720202,0.32371237946229453,0.3608763745933728,0.3404319133072101,0.6965260040110532,0.9994900441396556,0.5513400212582329,0.4612499312929151,0.5513400212582329,0.9994900441396556,264.1985273509162,3900.412295989434,287.5849591845825,518.3960254984429,214.12351715553785
ID_19_ri_OA_gaitinitiation_0_bl3_GO0013,19,OA,False,early,462.0,02_ri_gastroc_med,0.44598080442194116,0.012173813386049061,0.15867315968343002,0.041068901056314513,0.6189124796089753,0.9994059899659644,0.29767726446375403,0.37870793837373806,0.29767726446375403,0.9994059899659644,193.30704114202777,146.66997455026993,126.41577577748716,62.53191635915964,190.40106360461857
ID_19_ri_OA_gaitinitiation_0_bl3_GO0013,19,OA,False,early,462.0,03_ri_tib_ant,0.4068924559547774,0.031119114629432953,0.005287582809032255,0.1834135537740406,0.27311599574358575,0.9993175501937586,0.9993175501937586,0.03704427609937215,0.8294476289617828,0.9774244616431341,176.44441430424237,374.48989872622013,4.200009521831849,279.37721645377553,83.6266049512021
ID_19_ri_OA_gaitinitiation_0_bl3_GO0013,19,OA,False,early,462.0,06_le_tib_ant,0.38779899458060957,0.03509235451106196,0.061170984482292357,0.2725314679662562,0.5292363685156525,0.7499831571791656,0.9996049514190082,0.3491621760616541,0.9996049514190082,0.7499831571791656,168.10808462136643,422.78752822890937,48.62886742660385,415.32326034703595,162.74519376428546
ID_19_ri_OA_gaitinitiation_0_bl3_GO0013,19,OA,False,early,462.0,07_le_soleus,0.1880612923692258,0.03612799207684353,0.3552233467359698,0.09643043374659571,0.03077072311730004,0.9282481947620977,0.9991623943161487,0.9084724425861511,0.9991623943161487,0.19532041005928186,81.15534142685831,435.22939184814845,283.16230663717135,146.46500026588524,9.381881336781658
ID_19_ri_OA_gaitinitiation_0_bl3_GO0013,19,OA,False,early,462.0,08_le_gastroc_med,0.33855536229521316,0.04835301356542029,0.19944263727787634,0.07877645151666665,0.11609043699938174,0.9995883490573453,0.9995883490573453,0.45146032930006336,0.9667762979180976,0.6053773633295936,146.44918099095514,582.3310447343531,158.96090355264002,119.54766894809188,35.447353800002496
ID_19_ri_OA_gaitinitiation_0_bl4_GO0004,19,OA,False,late,543.0,01_ri_soleus,0.5839715796182874,0.27226350491843393,0.35565708418393077,0.29000885386108327,0.7915917498748428,0.9995450862134303,0.6025060530947954,0.5113513189329639,0.6025060530947954,0.9995450862134303,255.25485759251114,2801.232091713111,313.6701060112131,488.55563383731726,184.74180134848558
ID_19_ri_OA_gaitinitiation_0_bl4_GO0004,19,OA,False,late,543.0,02_ri_gastroc_med,0.5143521918205316,0.020878581948466948,0.2683067513658371,0.08593414425157878,0.8052191261074488,0.9995944061378405,0.8762840710349019,0.6146462686564617,0.8762840710349019,0.9995944061378405,224.69420541615432,214.66776523269402,236.6013243720859,144.6037923858867,187.92982095034657
ID_19_ri_OA_gaitinitiation_0_bl4_GO0004,19,OA,False,late,543.0,03_ri_tib_ant,0.3191292327618307,0.04804504150807889,0.15072628042737188,0.21982948648342293,0.08601283756383121,0.7767001221372902,0.9997280485010588,0.7045049021236417,0.9997280485010588,0.39790938027666684,139.65429938016015,494.1681254151793,132.8007470097381,370.52636490024344,19.89883781301954
ID_19_ri_OA_gaitinitiation_0_bl4_GO0004,19,OA,False,late,543.0,06_le_tib_ant,0.4635789918098592,0.02460949793153038,0.06590420953938939,0.13855346167076735,0.7899886105297644,0.9995136014541481,0.4433385495244816,0.5445576432356253,0.4433385495244816,0.9995136014541481,202.66890255942508,253.05542233143916,57.90573902509114,233.50693947257162,184.39142316576428
ID_19_ri_OA_gaitinitiation_0_bl4_GO0004,19,OA,False,late,543.0,07_le_soleus,0.32516462115453615,0.037208773820348616,0.2427373589334736,0.048539266205101045,0.021767997740528205,0.9993227080989836,0.9993227080989836,0.6094398821541946,0.796663812269882,0.1420999327713645,142.00288635324088,382.79576231454575,214.26329108609687,81.40909903587753,5.0153868179280625
ID_19_ri_OA_gaitinitiation_0_bl4_GO0004,19,OA,False,late,543.0,08_le_gastroc_med,0.38068493337253556,0.037910220255023545,0.24560125729824664,0.040431033863810674,0.03774284263691335,0.9993795463804668,0.9993795463804668,0.6201327110608097,0.6050599105242364,0.29016683460884524,166.42230799416515,389.93525842868723,216.64821897222257,67.84197753740588,8.681029274641105
ID_19_ri_OA_gaitinitiation_0_bl4_GO0009,19,OA,True,late,624.0,01_ri_soleus,0.6296906889031378,0.35095921127929564,0.37923828264476617,0.3590020107992565,0.6041739854300227,0.9996058874424557,0.8990270618601407,0.8217520008759827,0.7554323673744344,0.9996058874424557,359.368948789453,5069.248881318534,421.8602958532815,662.8735552032708,225.95683202408344
ID_19_ri_OA_gaitinitiation_0_bl4_GO0009,19,OA,True,late,624.0,02_ri_gastroc_med,0.3290887643705714,0.00652584007187693,0.12253037511222825,0.015192620643937985,0.42167656383950675,0.9994240860490831,0.24939146440065785,0.7321354790307956,0.23391336904032042,0.9994240860490831,187.73548375656893,94.24484924546175,136.0522348470946,27.9541387424797,157.7263025583939
ID_19_ri_OA_gaitinitiation_0_bl4_GO0009,19,OA,True,late,624.0,03_ri_tib_ant,0.247137069419868,0.029548436172185583,0.13107760234602073,0.20962802862141192,0.32941745190076277,0.6565849196088376,0.9994480844150411,0.24498282821897543,0.9994480844150411,0.6565849196088376,141.29654987823082,426.7473546358063,145.95717880095094,387.3475981970993,123.43541082319283
ID_19_ri_OA_gaitinitiation_0_bl4_GO0009,19,OA,True,late,624.0,06_le_tib_ant,0.2497311921668962,0.019254965876972084,0.048435130964509514,0.14830437317354958,0.3786642743763529,0.9993091640800019,0.6356850524005004,0.7449456584465287,0.6356850524005004,0.9993091640800019,142.4114522136577,278.14920131793906,53.563531392013694,274.02264114268456,141.61837858887625
ID_19_ri_OA_gaitinitiation_0_bl4_GO0009,19,OA,True,late,624.0,07_le_soleus,0.3177446169433396,0.02219763266508695,0.3017809134940817,0.04411809235377157,0.17781947862546776,0.9991246710480652,0.9991246710480652,0.6359046942203532,0.9321319567647276,0.30686680719591336,181.2640554768572,320.55134529541016,335.9896054623241,81.04857723280531,66.58754380077004
ID_19_ri_OA_gaitinitiation_0_bl4_GO0009,19,OA,True,late,624.0,08_le_gastroc_med,0.43409667096753446,0.042806028551341115,0.3444909335995657,0.059056933629833025,0.2414687677135502,0.9993935506423292,0.9993935506423292,0.7408845261629654,0.8462111606944382,0.5691121328885379,247.84219174125036,618.0329097961168,383.6601228358204,108.66272510166874,90.24420297423607
ID_19_ri_OA_gaitinitiation_0_bl4_GO0011,19,OA,True,early,453.0,01_ri_soleus,0.4131610997778954,0.3261912402168791,0.4267448367075314,0.34456120267254575,0.39802134919044535,0.7893119034164704,0.6207075943001714,0.9995631068879074,0.6207075943001714,0.7893119034164704,158.77763513210442,4579.407673482403,516.6346786135769,518.4506999373193,99.73570756077953
ID_19_ri_OA_gaitinitiation_0_bl4_GO0011,19,OA,True,early,453.0,02_ri_gastroc_med,0.16071876258964002,0.005858505356715464,0.22263383757723554,0.016327222888756328,0.22011844485037696,0.8487308518979099,0.1429924395066389,0.9993136167413701,0.1429924395066389,0.8487308518979099,61.541130381220995,82.25419900310558,269.3428075814034,24.527505593294944,55.036044005438285
ID_19_ri_OA_gaitinitiation_0_bl4_GO0011,19,OA,True,early,453.0,03_ri_tib_ant,0.5126205877918903,0.024673597933164954,0.06677927879990983,0.2102218878342608,0.6884221054825015,0.9992088490943309,0.8052922492704649,0.17095575814476086,0.8052922492704649,0.9992088490943309,197.76250182608135,346.19543584079275,80.84382140912945,316.5665352277461,173.17594477884154
ID_19_ri_OA_gaitinitiation_0_bl4_GO0011,19,OA,True,early,453.0,06_le_tib_ant,0.07604972887650126,0.03156731142528944,0.1304984726408197,0.29267517480277777,0.12316017686467,0.6415101188566475,0.9995861505074217,0.9798537918153054,0.9995861505074217,0.6415101188566475,28.97863755407316,443.2226768626589,157.82021065239823,440.7289274210392,30.71573627903885
ID_19_ri_OA_gaitinitiation_0_bl4_GO0011,19,OA,True,early,453.0,07_le_soleus,0.3748565191059792,0.027187990630234055,0.27589709228342363,0.0712451625413871,0.17681774409584833,0.9988119894580926,0.9993427262813428,0.7914075691944744,0.9950610075192999,0.4293430370323044,144.19623033496566,381.486938981846,334.2680649725447,106.7853424784847,44.336774271005524
ID_19_ri_OA_gaitinitiation_0_bl4_GO0011,19,OA,True,early,453.0,08_le_gastroc_med,0.48586322449950103,0.042873220473308216,0.23516382550498158,0.08274653589280284,0.3149985526511161,0.9830949969184191,0.9994104228167752,0.7544776826444205,0.9994104228167752,0.6395654942186433,187.04263420980203,601.6005421322959,284.90176142641224,124.09990240232108,79.04955436381404
ID_19_ri_OA_gaitinitiation_0_bl4_GO0016,19,OA,True,early,479.0,01_ri_soleus,0.6129567638858762,0.4981364754362352,0.5765071191496284,0.506446274690806,0.5985631464168545,0.9996457527398611,0.7554407335814671,0.9956609377220109,0.7554407335814671,0.9996457527398611,318.47452049711893,3050.089562549352,469.6882909368776,788.4250754147697,211.73507712856073
ID_19_ri_OA_gaitinitiation_0_bl4_GO0016,19,OA,True,early,479.0,02_ri_gastroc_med,0.4121528803334048,0.030095622214950764,0.33078254142505276,0.05075690465392166,0.37460934724923456,0.9994983524979089,0.7154453326195819,0.9162930939373988,0.714894866373459,0.9994983524979089,213.90534738343587,184.23282631387224,269.39720437941344,78.7188709218999,132.44954764185266
ID_19_ri_OA_gaitinitiation_0_bl4_GO0016,19,OA,True,early,479.0,03_ri_tib_ant,0.4297395614002282,0.055599619071761294,0.22596711725206872,0.19779851560739825,0.5460896097040626,0.9994038259463022,0.973670883753706,0.5352490120941689,0.973670883753706,0.9994038259463022,223.89316462293405,340.26567944374096,184.30677902416613,308.16065504684,193.64230560076447
ID_19_ri_OA_gaitinitiation_0_bl4_GO0016,19,OA,True,early,479.0,06_le_tib_ant,0.042791605187274505,0.03594988660989765,0.07074280089284933,0.14031157530019717,0.06255817092137567,0.178462284285467,0.9993721030668417,0.17312038309326377,0.9993721030668417,0.178462284285467,22.21514915004932,220.1408092917803,57.58900865983872,218.61394175190588,22.10374143979159
ID_19_ri_OA_gaitinitiation_0_bl4_GO0016,19,OA,True,early,479.0,07_le_soleus,0.21661942936273768,0.04734549232884436,0.09297083100464885,0.0957487086211516,0.158151701165722,0.7517252200215514,0.9991017444428426,0.34470926742546315,0.9991017444428426,0.28595357796955856,112.43821356116857,289.8717607764025,75.82539188020813,148.77618553260453,56.04810458178423
ID_19_ri_OA_gaitinitiation_0_bl4_GO0016,19,OA,True,early,479.0,08_le_gastroc_med,0.28082073296289206,0.05067299010521982,0.2182062065739333,0.0869203684060627,0.23988858015769216,0.8540323597531234,0.9990285109560387,0.43292035021544273,0.9990285109560387,0.4887673325945971,145.86073641802147,310.22915674707815,178.04226563850278,134.95792008903845,85.08418929534707
ID_20_le_OA_gaitinitiation_0_bl1_GO0002,20,OA,False,late,3345.5,01_ri_soleus,0.19805892752930856,0.0016990921275294607,0.050814667347809345,0.001107887267356782,0.2718894028905124,0.9991871401371224,0.021949246796369594,0.20740366654776965,0.004271002366270644,0.9991871401371224,170.92448205692503,23.66522057258429,41.30031891546022,8.074093195153822,172.9412968317264
ID_20_le_OA_gaitinitiation_0_bl1_GO0002,20,OA,False,late,3345.5,02_ri_gastroc_med,0.15499214372867007,0.024560376282402215,0.05807187271353753,0.003129921844138851,0.21018420669878649,0.7604017701821598,0.9993394208169815,0.17063371587204407,0.012448173684872974,0.7604017701821598,133.75048761512213,341.83118140180454,47.201757111617205,22.811526669837093,133.6891104317741
ID_20_le_OA_gaitinitiation_0_bl1_GO0002,20,OA,False,late,3345.5,03_ri_tib_ant,0.2812396289280744,0.03748395010926927,0.19461728978039505,0.045874778110634444,0.273621279173739,0.7570697425766829,0.7669601285096392,0.9795788755878256,0.7669601285096392,0.7570697425766829,242.39164983364964,521.6058284646798,157.61101941418963,334.2780118232228,173.82428997153033
ID_20_le_OA_gaitinitiation_0_bl1_GO0002,20,OA,False,late,3345.5,06_le_tib_ant,0.1790168106269194,0.0695380782492068,0.15800670985378948,0.05927926147281304,0.09612405947647219,0.5724616696032214,0.9996266687489739,0.3286907707177522,0.9996266687489739,0.4326394483552094,154.34522849315974,967.4505969650074,128.26603431754373,432.1626219303268,60.8122913468664
ID_20_le_OA_gaitinitiation_0_bl1_GO0002,20,OA,False,late,3345.5,07_le_soleus,0.3295569065154407,0.011405525802179156,0.11421211869345729,0.013065230858634348,0.3925086900081786,0.9996851512606657,0.5187888592221839,0.25487380694739614,0.5187888592221839,0.9996851512606657,284.0571882919947,158.70217400716442,92.66687670592616,95.04455763735236,249.48184336829303
ID_20_le_OA_gaitinitiation_0_bl1_GO0002,20,OA,False,late,3345.5,08_le_gastroc_med,0.42321378056593567,0.013655840729963833,0.15224390239275265,0.016757569572131002,0.5397004141653258,0.9995309132194476,0.6728140184135366,0.2697893675830657,0.6728140184135366,0.9995309132194476,364.88188521264703,190.03539870626844,123.60955113789205,121.94316585077613,343.1152967251882
ID_20_le_OA_gaitinitiation_0_bl1_GO0003,20,OA,False,late,-2655.5,01_ri_soleus,0.25937394868118574,0.012003471053191939,0.09142750805301396,nan,nan,0.4717142088879195,0.4717142088879195,0.40986857091123297,nan,nan,68.83485896638682,95.36583003803352,108.72444960517078,0.0,0.0
ID_20_le_OA_gaitinitiation_0_bl1_GO0003,20,OA,False,late,-2655.5,02_ri_gastroc_med,0.23791623126389305,0.015305240025387037,0.0628058947302527,nan,nan,0.4107752155583482,0.4107752155583482,0.2655003797320523,nan,nan,63.14110851766931,121.65925978732534,74.61909837722776,0.0,0.0
ID_20_le_OA_gaitinitiation_0_bl1_GO0003,20,OA,False,late,-2655.5,03_ri_tib_ant,0.0718539185567375,0.05188343441363717,0.4831072079072429,nan,nan,0.135012136148797,0.9995079313977211,0.9307187213423814,nan,nan,18.985871713333083,412.81749858696264,575.5159141790905,0.0,0.0
ID_20_le_OA_gaitinitiation_0_bl1_GO0003,20,OA,False,late,-2655.5,06_le_tib_ant,0.230420836851914,0.0547111892968261,0.05406624107096049,nan,nan,0.3769390765977323,0.9998143923556521,0.15963278289702892,nan,nan,61.069509220834334,435.3567681773902,64.40423009271552,0.0,0.0
ID_20_le_OA_gaitinitiation_0_bl1_GO0003,20,OA,False,late,-2655.5,07_le_soleus,0.03335523436594663,0.02454949624803023,0.34709977415286525,nan,nan,0.07642986404149542,0.6463664665544969,0.9997351433689925,nan,nan,8.808414538395837,195.33765419317322,413.7150886973146,0.0,0.0
ID_20_le_OA_gaitinitiation_0_bl1_GO0003,20,OA,False,late,-2655.5,08_le_gastroc_med,0.16480286436557673,0.017082587571741765,0.2881725045912878,nan,nan,0.4080213397664815,0.4101741224310501,0.9997013399815502,nan,nan,43.63700104248004,135.73538487307076,343.2933207128825,0.0,0.0
ID_20_le_OA_gaitinitiation_0_bl1_GO0012,20,OA,False,late,471.0,01_ri_soleus,0.06512347944697766,0.0017913853626805025,0.1635161682799815,0.0014751583351005637,0.30964393166542714,0.38369352224978537,0.20005299015904043,0.999291188532365,0.0035505871116181752,0.38369352224978537,19.987597910317266,18.175579172965463,228.22637032483624,2.2752391302380834,13.621890584534919
ID_20_le_OA_gaitinitiation_0_bl1_GO0012,20,OA,False,late,471.0,02_ri_gastroc_med,0.08043187116265678,0.008773614247707675,0.1962142534535725,0.009094947534521346,0.36251148507874453,0.44988270005592695,0.23381230707043416,0.9992973430024759,0.019575809265383787,0.44988270005592695,24.69561464861225,89.42208938721728,273.86387062968595,14.019633217761607,15.947749060858209
ID_20_le_OA_gaitinitiation_0_bl1_GO0012,20,OA,False,late,471.0,03_ri_tib_ant,0.1180202840445966,0.04637752262107544,0.28180453978203857,0.27504885068547325,-0.01841228478503449,0.48902681514489965,0.9992539839376761,0.7488791653673657,0.9992539839376761,-0.01823130706249832,36.34351426467359,473.3834631681216,393.3189359676097,423.87111919750015,-0.8102650142086499
ID_20_le_OA_gaitinitiation_0_bl1_GO0012,20,OA,False,late,471.0,06_le_tib_ant,0.6306393871796571,0.05737219897730014,0.08724816235034061,0.25741706481201365,0.2111349003091521,0.9993666427754544,0.9993666427754544,0.2977626623809928,0.7467448228987167,0.25259362346077385,195.1214566189576,585.4642246557228,121.78483074441577,396.6455881555488,9.286487697235307
ID_20_le_OA_gaitinitiation_0_bl1_GO0012,20,OA,False,late,471.0,07_le_soleus,0.052359164337742584,0.00789112609055129,0.20012780863892793,0.03253299420969819,0.01848308581719154,0.14314940156857112,0.19580140634109447,0.9995533574188805,0.19580140634109447,0.02451166135194937,16.15195047969188,80.53042683098562,279.55586249628567,50.08974769874284,0.8139966806622414
ID_20_le_OA_gaitinitiation_0_bl1_GO0012,20,OA,False,late,471.0,08_le_gastroc_med,0.019050279390644305,0.007289087705731977,0.2138870983822349,0.03737610492586817,0.04960155345445523,0.068868479173683,0.25709832009600286,0.9994912214091055,0.25709832009600286,0.06089021697951419,5.836458092230556,74.38152983786388,298.74376706817213,57.59504361890392,2.182544200492448
ID_20_le_OA_gaitinitiation_0_bl2_GO0006,20,OA,False,late,-1710.5,01_ri_soleus,0.04231691874535195,0.00047671563711738235,0.1486769443570967,nan,0.1405357961881043,0.44350190098514747,0.003172349381336722,0.9992896800010487,nan,0.44350190098514747,15.629679660238741,4.6932938290494945,193.45768987861365,0.0,19.311124336413602
ID_20_le_OA_gaitinitiation_0_bl2_GO0006,20,OA,False,late,-1710.5,02_ri_gastroc_med,0.05453083730341268,0.002440757431480521,0.18988018988582822,nan,0.16164108258530982,0.4519881335990026,0.006401857099540843,0.9993088393602532,nan,0.4519881335990026,20.20528879641178,23.95856216166133,247.1006625735007,0.0,22.230261864866613
ID_20_le_OA_gaitinitiation_0_bl2_GO0006,20,OA,False,late,-1710.5,03_ri_tib_ant,0.15149742790111786,0.022056537189914578,0.11829765208252638,nan,0.023719877509616395,0.2790594506772906,0.5529286884508301,0.36359552519526667,nan,0.09065025155519264,56.70818868967445,216.43489755821366,154.06570273030206,0.0,3.2560547228477064
ID_20_le_OA_gaitinitiation_0_bl2_GO0006,20,OA,False,late,-1710.5,06_le_tib_ant,0.5951853967488356,0.048627758042633355,0.06615493846337754,nan,0.4686866627400197,0.9993493566640839,0.9993493566640839,0.24839431694441996,nan,0.7537229691301068,223.00269104967097,476.8899319266695,86.07110032941536,0.0,64.62971933555082
ID_20_le_OA_gaitinitiation_0_bl2_GO0006,20,OA,False,late,-1710.5,07_le_soleus,0.08121178655017673,0.014131650517567282,0.22041998152084896,nan,0.022617951712830712,0.32359534859247335,0.45063817213912916,0.9993489280632074,nan,0.029187871164717095,30.283282065417577,138.69300204202088,287.1701727261805,0.0,3.1322392432854547
ID_20_le_OA_gaitinitiation_0_bl2_GO0006,20,OA,False,late,-1710.5,08_le_gastroc_med,0.11498390315242182,0.02406972719745021,0.3120410878283155,nan,0.016476771223258142,0.6429431069592759,0.8997089650172982,0.9995739368053214,nan,0.030400233331236738,42.76856269836657,236.2465505595655,406.5463420438326,0.0,2.2787268992678817
ID_20_le_OA_gaitinitiation_0_bl3_GO0004,20,OA,False,late,-727.0,01_ri_soleus,0.5324609331931156,0.01389871231341682,0.02851201080797384,nan,0.5099648693223681,0.6421645062379133,0.6421645062379133,0.4254941259412603,nan,0.5456930984513807,90.67704215773239,106.61049660449814,32.903659386862614,0.0,12.750977368791569
ID_20_le_OA_gaitinitiation_0_bl3_GO0004,20,OA,False,late,-727.0,02_ri_gastroc_med,0.8439925718676401,0.03257887776528109,0.05310299946855694,nan,0.6886329563006748,0.9993832276570483,0.9993832276570483,0.5781442544076348,nan,0.7389669825732421,143.7326350250283,250.1752990112135,61.38910127954208,0.0,17.21535416597181
ID_20_le_OA_gaitinitiation_0_bl3_GO0004,20,OA,False,late,-727.0,03_ri_tib_ant,-0.0034637767380527778,0.08192586136624044,0.3223056767659591,nan,0.056719152167837086,0.08006959019650392,0.9996394864385936,0.8560328729010633,nan,0.08006959019650392,-0.6698375756000182,630.0802696629053,374.37143357067,0.0,1.4155619716086691
ID_20_le_OA_gaitinitiation_0_bl3_GO0004,20,OA,False,late,-727.0,06_le_tib_ant,0.3118337312604868,0.07923414494917642,0.03305526251717032,nan,0.09239761687954047,0.5268883971788153,0.9997758574555802,0.09628836367266184,nan,0.11036324081778814,53.023477906064926,609.3064598638682,38.37825636410776,0.0,2.3083997169797907
ID_20_le_OA_gaitinitiation_0_bl3_GO0004,20,OA,False,late,-727.0,07_le_soleus,-0.0024982827458037613,0.020047401139554256,0.2191695082998353,nan,0.019988580137333338,0.026640195641979246,0.5806397815318627,0.9993596060881964,nan,0.026640195641979246,-0.43495422089015445,154.17836713868357,254.60274267783922,0.0,0.49877207064426765
ID_20_le_OA_gaitinitiation_0_bl3_GO0004,20,OA,False,late,-727.0,08_le_gastroc_med,-0.013079501952610198,0.03810401717870148,0.27229860328441996,nan,0.025428205554574534,0.036409002493073134,0.9994482496473747,0.9628750761082893,nan,0.036409002493073134,-2.2422346640948247,293.05080593823266,316.3534460016245,0.0,0.634294070973111
ID_20_le_OA_gaitinitiation_0_bl3_GO0007,20,OA,False,late,1319.5,01_ri_soleus,0.5551887853384828,0.006866082751656104,0.01414457406435558,0.0005727536528269263,0.6238858297936201,0.9993907186978159,0.8286165085922887,0.05060825120414495,0.05875945500251156,0.9993907186978159,205.35280568465782,66.66787677151235,14.435096830142632,1.818444950748701,147.40266888991394
ID_20_le_OA_gaitinitiation_0_bl3_GO0007,20,OA,False,late,1319.5,02_ri_gastroc_med,0.5419832433182756,0.011126079849803022,0.02991521197744817,0.0063061787657517875,0.5862173999620441,0.9994324469072733,0.8901795429749557,0.051186577289306104,0.07716822298403506,0.9994324469072733,200.4617255691503,108.26353859390305,30.567070373996337,20.37880955720737,138.44783130015463
ID_20_le_OA_gaitinitiation_0_bl3_GO0007,20,OA,False,late,1319.5,03_ri_tib_ant,0.05706807914899082,0.04694372568732391,0.04336518249992696,0.1365009567484922,0.05851929551488979,0.19586060097340166,0.9994530111080895,0.17358378535681393,0.9994530111080895,0.1713955828898017,20.922552825763184,458.7431818592165,44.26925637475346,442.0175185102053,13.792617708200313
ID_20_le_OA_gaitinitiation_0_bl3_GO0007,20,OA,False,late,1319.5,06_le_tib_ant,0.5000652913087452,0.05197517918834827,0.055692082032118256,0.13047561381460263,0.430725942757875,0.7723726461578041,0.9998693763097117,0.18152788384908966,0.9998693763097117,0.7039893642112178,184.77777832955616,507.54145284212143,56.87752508660021,422.46297343471065,101.62740504928898
ID_20_le_OA_gaitinitiation_0_bl3_GO0007,20,OA,False,late,1319.5,07_le_soleus,0.10584302481123521,0.025881940563105117,0.20712325717111582,0.06137216137436618,0.09034167389365239,0.4126977452126641,0.9993639928614033,0.827445722764376,0.9993639928614033,0.37289024020311784,38.74361902452509,252.9255284244452,211.67528619408557,198.55707232008422,21.2253610442788
ID_20_le_OA_gaitinitiation_0_bl3_GO0007,20,OA,False,late,1319.5,08_le_gastroc_med,0.04757504509209659,0.023963735530557313,0.1631502415363052,0.06143971696329334,0.00776132189789946,0.3894990389327731,0.9993859005714218,0.6464686089005487,0.9993859005714218,0.07883549589218548,17.350654640972405,234.1875485090239,166.8529808915508,198.78761792650616,1.8133659859507292
ID_20_le_OA_gaitinitiation_0_bl3_GO0016,20,OA,False,late,-2716.0,01_ri_soleus,0.5665996456117735,0.008777399956110642,0.013858997001962942,nan,0.6690268188753113,0.9992980706753686,0.7242487406497765,0.09451982663182723,nan,0.9992980706753686,201.05281138504313,49.56686380293481,14.602190253345007,0.0,155.44807707133543
ID_20_le_OA_gaitinitiation_0_bl3_GO0016,20,OA,False,late,-2716.0,02_ri_gastroc_med,0.6069675429194744,0.01787254197506812,0.05385005242536609,nan,0.638424705051023,0.9995531247872315,0.9220556293871441,0.12287581491390953,nan,0.9995531247872315,215.34379173127684,101.221907044315,56.92981451697784,0.0,148.23156532252165
ID_20_le_OA_gaitinitiation_0_bl3_GO0016,20,OA,False,late,-2716.0,03_ri_tib_ant,0.0720170653502451,0.08218344600647844,0.09300696045033383,nan,0.0901132046449274,0.3437340505307945,0.9996870001636484,0.4185868259617199,nan,0.3437340505307945,25.3036320061639,467.63583651603005,98.31496730852213,0.0,20.831817221273887
ID_20_le_OA_gaitinitiation_0_bl3_GO0016,20,OA,False,late,-2716.0,06_le_tib_ant,0.5803614443399787,0.07871035174606657,0.06168439026864143,nan,0.4948649904829298,0.9440744321609349,0.9998476133127353,0.17262471752676584,nan,0.9277517507417035,205.7909911515248,447.3934714593196,65.18200753887498,0.0,114.78369941444255
ID_20_le_OA_gaitinitiation_0_bl3_GO0016,20,OA,False,late,-2716.0,07_le_soleus,0.08143734898186572,0.011147020822998533,0.17677220955869177,nan,0.1040104429147011,0.5553952412024767,0.2161931304637906,0.999324964012642,nan,0.5553952412024767,28.552878477512525,63.43581770319395,186.9013343371074,0.0,23.949750847571263
ID_20_le_OA_gaitinitiation_0_bl3_GO0016,20,OA,False,late,-2716.0,08_le_gastroc_med,0.08161325566926937,0.023318318375499126,0.1894931565205043,nan,0.08202830244905991,0.5290740966345493,0.5121938414507274,0.9993680444449431,nan,0.5290740966345493,28.5660886780294,132.69399268891286,200.38580587591065,0.0,18.84446253947111
ID_20_le_OA_gaitinitiation_0_bl4_GO0004,20,OA,False,late,2320.0,01_ri_soleus,0.7272829873082179,0.007899031472936921,0.03738795618320067,0.0016503334427201448,0.7418075716747196,0.9991622659406121,0.9991622659406121,0.383611473659671,0.2527338615851125,0.9829412566102087,161.10395281557027,108.27183418971168,41.46669052344875,8.507586550468185,67.53929742735684
ID_20_le_OA_gaitinitiation_0_bl4_GO0004,20,OA,False,late,2320.0,02_ri_gastroc_med,0.656539529089103,0.01062874640299871,0.046132049504381524,0.006274825563099046,0.60881860428335,0.8695293459037613,0.8695293459037613,0.3259908102532073,0.29403724992087943,0.8228203647048714,145.41161235173104,145.93573221290987,51.23595995921765,32.71832695445111,55.41546002663396
ID_20_le_OA_gaitinitiation_0_bl4_GO0004,20,OA,False,late,2320.0,03_ri_tib_ant,0.04046132535458131,0.03655580442843388,0.20910570243165522,0.09144442156682067,0.06259641418403562,0.21326372459208734,0.9996278170646964,0.9334493900592754,0.9996278170646964,0.2109725207289393,8.762885753056231,503.3906483223056,233.03065413411258,479.0631780895091,5.659336842727079
ID_20_le_OA_gaitinitiation_0_bl4_GO0004,20,OA,False,late,2320.0,06_le_tib_ant,0.3338243190667831,0.03384260239109153,0.12849595393121996,0.07674824361914753,0.18929004050528936,0.5205061479601858,0.9997619233066594,0.3996830261023255,0.9997619233066594,0.28723888342542747,73.79649661810298,465.8612700086198,143.02131500795807,401.8982128352734,17.2144072063699
ID_20_le_OA_gaitinitiation_0_bl4_GO0004,20,OA,False,late,2320.0,07_le_soleus,0.0527780777526528,0.013524017719061372,0.2690640880894939,0.02602829589816006,0.14855436145274623,0.3288985631977833,0.42542614391994793,0.9991795788867943,0.42542614391994793,0.3288985631977833,11.540369083331864,186.21180941333358,299.82138787569295,136.38672897327547,13.479928663233434
ID_20_le_OA_gaitinitiation_0_bl4_GO0004,20,OA,False,late,2320.0,08_le_gastroc_med,0.0030486210842246685,0.013274729926855187,0.21499435980307427,0.030375542983406462,0.06209286079271322,0.19525083327056555,0.7647275749360529,0.9991646919541781,0.7647275749360529,0.19525083327056555,0.5849845754194547,182.79898218263597,239.6062515370588,159.18347319219512,5.616702267456977
ID_20_le_OA_gaitinitiation_0_bl4_GO0016,20,OA,False,late,286.0,01_ri_soleus,0.5620743196553858,0.006780774004877421,0.06372189793460077,0.0006456824662350716,0.6007194022391428,0.9994389965609219,0.8898712873702275,0.14525534595008321,0.08738346003750452,0.9994389965609219,213.50692841473472,92.53596847688516,63.22255635071376,0.7048073905605653,142.4855451652611
ID_20_le_OA_gaitinitiation_0_bl4_GO0016,20,OA,False,late,286.0,02_ri_gastroc_med,0.5579533964125716,0.013683449154804581,0.12648111753678953,0.041701281547738354,0.533239383557508,0.9993650740183366,0.9779117077871711,0.242884941655693,0.18825321767443143,0.9993650740183366,211.87603644796837,187.15821408219068,125.49132850724908,48.780834668072394,126.3624076164557
ID_20_le_OA_gaitinitiation_0_bl4_GO0016,20,OA,False,late,286.0,03_ri_tib_ant,0.037737735669363594,0.033551179073693614,0.027279348644826118,0.3588259437201627,0.012428875984788559,0.2363791380024601,0.999606674303236,0.11655483004119116,0.999606674303236,0.06255791294685081,14.180844798629062,460.12282344100345,27.054086302650482,420.41409047102394,2.9285305622927242
ID_20_le_OA_gaitinitiation_0_bl4_GO0016,20,OA,False,late,286.0,06_le_tib_ant,0.4852208166650509,0.031493490712998624,0.07288759441759089,0.2662677499930052,0.2890574798016622,0.9239160454822312,0.999627021322721,0.2251746071488953,0.999627021322721,0.602715111707621,183.96866260241936,431.5840683765561,72.26983086825344,311.7533177275406,68.38123707388984
ID_20_le_OA_gaitinitiation_0_bl4_GO0016,20,OA,False,late,286.0,07_le_soleus,0.35510514411385685,0.0037353402908801066,0.07189367450956985,0.02889205913114068,0.576997792814417,0.9992628079188787,0.16911317945647258,0.7437197609726882,0.16911317945647258,0.9992628079188787,134.53235055871338,51.22330598915306,71.00051281756112,33.84612932102381,136.9286496131764
ID_20_le_OA_gaitinitiation_0_bl4_GO0016,20,OA,False,late,286.0,08_le_gastroc_med,0.3714918861766782,0.012534727239254266,0.08102866844059636,0.1159812799992035,0.5924150922299292,0.9991465636545735,0.6488971369400913,0.673283304801388,0.6488971369400913,0.9991465636545735,140.74454641718177,171.89645781085437,80.1020640556753,135.8638798721326,140.63125514551444
ID_21_le_YA_gaitinitiation_0_bl2_GO0010,21,YA,False,early,303.5,01_ri_soleus,0.336514282920251,0.020020554531542237,0.05333617510055272,0.006782301702796952,0.26451049807861254,0.9992672417908816,0.9969576803237153,0.12167976777794234,0.019235475645629795,0.9970493984780449,196.45523596034607,195.4159881862359,38.05796568059492,8.16667544742452,106.57253358869676
ID_21_le_YA_gaitinitiation_0_bl2_GO0010,21,YA,False,early,303.5,02_ri_gastroc_med,0.3771071783655568,0.039999060543216655,0.16704939874917585,0.027149645770575388,0.3279162491991703,0.9993515403990075,0.9867956649359592,0.337520727823156,0.03508778028062026,0.9993515403990075,220.0926679900386,390.91730006122316,119.27999972735483,32.73291049689774,132.19089191133617
ID_21_le_YA_gaitinitiation_0_bl2_GO0010,21,YA,False,early,303.5,03_ri_tib_ant,0.6485336997236383,0.5782547079081437,0.6848614297830903,0.6353461988975029,0.6935052407830328,0.8766829699580032,0.8235666646336488,0.9412598605633024,0.8235666646336488,0.8766829699580032,378.2209829525236,5658.225747999795,489.08390729434734,766.2955879958085,280.3352569189034
ID_21_le_YA_gaitinitiation_0_bl2_GO0010,21,YA,False,early,303.5,06_le_tib_ant,0.5450036877438806,0.03988348806414312,0.34665833601263274,0.26021060446141914,0.6020804500555975,0.9994710127960076,0.9813252998039571,0.6304264735945629,0.9813252998039571,0.9994710127960076,317.78889071379007,390.0992608509448,247.4534586798187,313.7784853710606,243.4418698058877
ID_21_le_YA_gaitinitiation_0_bl2_GO0010,21,YA,False,early,303.5,07_le_soleus,0.6285121216824009,0.017176470886209924,0.08112082735250961,0.0037929362573673546,0.707347488145073,0.9992326378271494,0.9706845796751236,0.2609979891238548,0.01538888807741729,0.9992326378271494,366.90868710685504,167.59250690517308,57.85273255825578,4.566267643154317,285.84787571791924
ID_21_le_YA_gaitinitiation_0_bl2_GO0010,21,YA,False,early,303.5,08_le_gastroc_med,0.5270899739257456,0.012473158661239353,0.08757817283234288,-0.000817911942316622,0.5258498198318974,0.9993035113473739,0.9988896555067293,0.12250396749179653,0.026029893631822454,0.9941765572189327,307.74058037543097,121.56117364634781,62.52829707989436,-1.0070107303243248,212.4091514241095
ID_21_le_YA_gaitinitiation_0_bl1_GO0004,21,YA,True,early,304.0,01_ri_soleus,0.350512532113488,0.008488419474333925,0.0909581336987643,0.0029386999640156693,0.3929044677655699,0.9991487365100129,0.5096435942898443,0.32596089030365444,0.010697199420620388,0.9991487365100129,207.15808120093936,116.27804183916788,69.74948599569976,3.5542025895642997,183.60020776843854
ID_21_le_YA_gaitinitiation_0_bl1_GO0004,21,YA,True,early,304.0,02_ri_gastroc_med,0.4117510104542744,0.03974445184874144,0.3285930824042654,0.03726892695103182,0.4687317283749542,0.999280565488702,0.48606040687858004,0.8262273847878843,0.051667088739724774,0.999280565488702,243.3129776939095,545.4522031321876,251.90345943773062,44.99300884682007,219.07833354997393
ID_21_le_YA_gaitinitiation_0_bl1_GO0004,21,YA,True,early,304.0,03_ri_tib_ant,0.6449181380785872,0.48003824674936035,0.6835871179785006,0.6161342560551266,0.6311974747225191,0.9873554673291208,0.9996287837011717,0.9798269519936644,0.9996287837011717,0.9873554673291208,380.3435405896955,6590.8154383179135,523.4539892858052,743.7469572973257,294.5518108573247
ID_21_le_YA_gaitinitiation_0_bl1_GO0004,21,YA,True,early,304.0,06_le_tib_ant,0.2615726007383117,0.04108901559204793,0.3206176162217352,0.4218106634557277,0.21988061575861145,0.6075029473498279,0.9997400089776068,0.5159902620929956,0.9997400089776068,0.37795419454475876,154.0832796007029,564.0279604911822,245.60231729891646,509.2311111028073,102.54651375513569
ID_21_le_YA_gaitinitiation_0_bl1_GO0004,21,YA,True,early,304.0,07_le_soleus,0.35022903295148833,0.001627348552308961,0.027324922489173,0.002719524609584953,0.4473496677572208,0.9993710126182462,0.006704371383133402,0.15599600101356223,0.006704371383133402,0.9993710126182462,206.9030594737004,22.36110441286453,20.872408952862745,3.2856534075268007,209.2925709776805
ID_21_le_YA_gaitinitiation_0_bl1_GO0004,21,YA,True,early,304.0,08_le_gastroc_med,0.35765990657043173,0.006560057101508514,0.1878789072320444,0.004663838198717207,0.45775335446224424,0.9992661777712065,0.01925942352139761,0.3216796725143648,0.006864914148514881,0.9992661777712065,211.28581048350534,90.08394471511045,143.97812839157743,5.63565610217942,214.14439691878732
ID_21_le_YA_gaitinitiation_0_bl1_GO0011,21,YA,False,late,326.5,01_ri_soleus,0.25311504482404934,0.0227916488177539,0.05033369014331831,0.020543221280120323,0.3625224101297452,0.999019619065346,0.03701665882345366,0.66515557414277,0.035873412851577836,0.999019619065346,149.98505086229076,133.1483623349057,51.93435101879119,25.71864058811343,146.0936610791652
ID_21_le_YA_gaitinitiation_0_bl1_GO0011,21,YA,False,late,326.5,02_ri_gastroc_med,0.29368234382704883,0.0327517022432705,0.04220754751032576,0.03115720045698864,0.4204229214898473,0.9992181882028947,0.038933132053038236,0.3859090074237595,0.034599837711353595,0.9992181882028947,174.21934621927792,191.3493159321688,43.630618559470754,39.00687804391269,169.63819470506533
ID_21_le_YA_gaitinitiation_0_bl1_GO0011,21,YA,False,late,326.5,03_ri_tib_ant,0.4875517692795141,0.2486323952023928,0.448149751856004,0.30559409065389653,0.4081802917479983,0.8459598867718597,0.8459598867718597,0.8164929316833989,0.48027930457304385,0.842922528113118,289.19466319817525,1452.2288827151829,465.03194354540227,382.56637726687285,164.3066427071114
ID_21_le_YA_gaitinitiation_0_bl1_GO0011,21,YA,False,late,326.5,06_le_tib_ant,0.42563427688772837,0.10428285557666275,0.33787407678836245,0.3760878440600615,0.2855405510832833,0.960743193078704,0.9998871306379609,0.7739833720297592,0.9998871306379609,0.48673211271570926,252.32521754784108,609.0770029292336,350.9225919890174,470.75269665878216,115.09447965689701
ID_21_le_YA_gaitinitiation_0_bl1_GO0011,21,YA,False,late,326.5,07_le_soleus,0.03836555051501812,0.00503358562298854,0.25891305229936123,0.007214687561233119,0.05376452893060883,0.5274430307949186,0.014994502136978985,0.9995440103431262,0.014994502136978985,0.5274430307949186,22.504124101160663,29.406987207570893,268.7054043557963,9.034232392639456,21.437177799855448
ID_21_le_YA_gaitinitiation_0_bl1_GO0011,21,YA,False,late,326.5,08_le_gastroc_med,0.0464069300278403,0.003480748681871246,0.3345107784889079,0.003524829160668299,0.06606843036036048,0.5864913723327637,0.005267556852009468,0.9997454343700453,0.004297596025165315,0.5864913723327637,27.253670665726865,20.33395849672067,347.15945676340255,4.413229189425463,26.378951066992897
ID_21_le_YA_gaitinitiation_0_bl1_GO0012,21,YA,False,early,382.5,01_ri_soleus,0.19783489433704074,0.013557189660156007,0.22217482039509387,0.009894993956041405,0.21271032916976096,0.4154803092819609,0.300294579436668,0.9993661571870289,0.0326437952244658,0.4154803092819609,96.12895438821617,133.94655767916646,332.9435836607628,13.482716810305305,76.20571850381609
ID_21_le_YA_gaitinitiation_0_bl1_GO0012,21,YA,False,early,382.5,02_ri_gastroc_med,0.37469428085498696,0.03979875421339438,0.2531306823624341,0.03428839355191015,0.4079777139194049,0.6982231576268502,0.5226766632029226,0.9995167950467924,0.06291597415774747,0.6982231576268502,182.04915366732496,393.40319283683493,379.38569286052297,46.74892787363454,146.17644572092806
ID_21_le_YA_gaitinitiation_0_bl1_GO0012,21,YA,False,early,382.5,03_ri_tib_ant,0.6882281084897701,0.4775540078827852,0.567029715321545,0.5820888748200554,0.6842151819816913,0.9996662873133945,0.8147827224676911,0.9199084266399895,0.8147827224676911,0.9996662873133945,333.61824437481835,4723.450965689029,849.2577961456857,793.9311957765192,244.88370042259524
ID_21_le_YA_gaitinitiation_0_bl1_GO0012,21,YA,False,early,382.5,06_le_tib_ant,0.34432183830230423,0.047559372357600466,0.3159896707664118,0.3236317698834177,0.3903286750295948,0.6827350621348611,0.9917045070806341,0.5950127353098624,0.9917045070806341,0.6827350621348611,167.10636639950653,470.37914029199436,473.49571177643224,441.58573426816173,139.98611299757818
ID_21_le_YA_gaitinitiation_0_bl1_GO0012,21,YA,False,early,382.5,07_le_soleus,0.1944645116790501,0.0020554949463877704,0.1040043786834268,0.0022806071809466024,0.26395404725915456,0.9915480803354881,0.006364940741635584,0.9994751414224675,0.006364940741635584,0.9915480803354881,94.01025476603208,20.336716786635666,155.39466532644025,3.1107540300161842,94.26540555941335
ID_21_le_YA_gaitinitiation_0_bl1_GO0012,21,YA,False,early,382.5,08_le_gastroc_med,0.22970233004648757,0.0031231346053393417,0.16707102894749673,0.0025691659689400345,0.31224525132100095,0.9982766279050294,0.005698540267581021,0.9971091272204949,0.0050803295047323555,0.9982766279050294,111.13507245618294,30.89685818284004,249.91099877478862,3.50521503680815,111.59988055668244
ID_21_le_YA_gaitinitiation_0_bl1_GO0013,21,YA,False,late,293.0,01_ri_soleus,0.29442922857185916,0.03107880571454579,0.30983568765047087,0.01660299250808413,0.21850288971276108,0.999259698328277,0.999259698328277,0.9330082770097625,0.02613733846401977,0.8879061154452585,198.14399312015922,245.64896226338033,243.7673178109045,19.68684162867263,73.82540184734178
ID_21_le_YA_gaitinitiation_0_bl1_GO0013,21,YA,False,late,293.0,02_ri_gastroc_med,0.29959904774639634,0.05038288624711917,0.29220101830778633,0.034951800799552575,0.24762674558452966,0.9993628258091428,0.9993628258091428,0.8799536023950212,0.04276401678004813,0.9448616070145002,201.620048851982,398.4821297385237,229.89224012313485,41.42792382162649,83.7063123799199
ID_21_le_YA_gaitinitiation_0_bl1_GO0013,21,YA,False,late,293.0,03_ri_tib_ant,0.6961944320041719,0.3888052279798712,0.4548877416319644,0.46294112165122236,0.5812059197352212,0.999847738029724,0.999847738029724,0.6501726062938842,0.8901076219671527,0.6638393147240877,467.76966552690277,3078.550564069753,357.48260496858313,548.4253925686935,197.06793043713188
ID_21_le_YA_gaitinitiation_0_bl1_GO0013,21,YA,False,late,293.0,06_le_tib_ant,0.34470536344241914,0.07136107725636694,0.2429457710026971,0.34483048811280265,0.23308118215217796,0.8072324727850079,0.999950582232235,0.2978909433547519,0.999950582232235,0.4005353166192302,231.50259754624415,564.9089273587557,191.01999166680974,408.5562058335433,78.97489299398632
ID_21_le_YA_gaitinitiation_0_bl1_GO0013,21,YA,False,late,293.0,07_le_soleus,0.3165573245781602,0.0016955906649508544,0.11124079060445285,0.002355888602931164,0.6345959013161604,0.9993763307692805,0.06321622873978153,0.3992117108523314,0.0037797974774621225,0.9993763307692805,212.83797086393528,13.388202330171389,87.33144886917356,2.791527730603999,215.51941092737448
ID_21_le_YA_gaitinitiation_0_bl1_GO0013,21,YA,False,late,293.0,08_le_gastroc_med,0.35195347878884065,0.01046114113426405,0.15552021190179563,0.0064768169908534755,0.687715810147003,0.9995827849129906,0.18672942876492943,0.305122367170559,0.012444637493790984,0.9995827849129906,236.7017831844776,82.73433106258412,122.19141488986173,7.674312953352622,233.5569042509829
ID_21_le_YA_gaitinitiation_0_bl2_GO0006,21,YA,False,late,314.0,01_ri_soleus,0.29798368318554314,0.007755874809301093,0.14870209713231555,0.006919980533137576,0.46113168351757083,0.9990948332137541,0.11573680950256235,0.5852227885820767,0.010794321193604944,0.9990948332137541,182.67641786607282,107.30251856995318,145.13543443098482,8.494339822680793,183.01233363883654
ID_21_le_YA_gaitinitiation_0_bl2_GO0006,21,YA,False,late,314.0,02_ri_gastroc_med,0.36311035736920694,0.031322279208454894,0.24782113534415445,0.03060967862379015,0.5419300172879836,0.9994700859624712,0.2105162256488416,0.8656570270330504,0.03410254494604182,0.9994700859624712,222.56006006516026,433.49455235961887,241.8230353978017,37.56434178711929,215.00865648442812
ID_21_le_YA_gaitinitiation_0_bl2_GO0006,21,YA,False,late,314.0,03_ri_tib_ant,0.7083180442388312,0.5483071260980513,0.7078717165561242,0.6115634285663298,0.6493539841765602,0.8906139159725628,0.9113699568247341,0.9997509640782318,0.9113699568247341,0.877912036724323,433.3350924954858,7590.172510343571,690.1669089240283,750.2845774068944,257.05502912570523
ID_21_le_YA_gaitinitiation_0_bl2_GO0006,21,YA,False,late,314.0,06_le_tib_ant,0.5824275947335052,0.03859445998420227,0.21109654950413306,0.2947582659962605,0.4700491876958101,0.9994885079781932,0.9994885079781932,0.3956575534260433,0.9289609091974995,0.8740517952655538,356.5949506711012,534.1462205395032,205.88356773823108,361.6076301264883,186.38075567741095
ID_21_le_YA_gaitinitiation_0_bl2_GO0006,21,YA,False,late,314.0,07_le_soleus,0.11916554401867711,0.0018669439737476609,0.1704528694428018,0.00149817875913743,0.18227339892124664,0.8811906002853112,0.013407186020406987,0.9995192737030907,0.0028572578806847293,0.8811906002853112,72.59619156791892,25.838029228417945,165.90183903698104,1.8385258614038058,71.90330064037742
ID_21_le_YA_gaitinitiation_0_bl2_GO0006,21,YA,False,late,314.0,08_le_gastroc_med,0.29398025369571423,0.0047419698205227526,0.31346249648594093,0.0031300019614928475,0.44647707758494226,0.8482565068976227,0.14000722451674863,0.9996484532848988,0.004753710580794197,0.8482565068976227,179.78324642745795,65.56887822634178,305.4625820650161,3.845185775743156,176.74234319637702
ID_21_le_YA_gaitinitiation_0_bl2_GO0012,21,YA,True,early,315.0,01_ri_soleus,0.34550758294882217,0.03150248057142868,0.05538125227720725,0.038978228711666486,0.13293057588372068,0.9993586461124057,0.9993586461124057,0.07823456706750867,0.6687623344414108,0.6700936144941808,155.0991157002855,306.94485947178214,32.5798459562759,47.57917892927946,42.82680226791635
ID_21_le_YA_gaitinitiation_0_bl2_GO0012,21,YA,True,early,315.0,02_ri_gastroc_med,0.49398970215952126,0.0620131539409525,0.11748268236719152,0.07655725813879524,0.3317152610669707,0.999441683226799,0.999441683226799,0.24121242429539072,0.7491078874559174,0.69606767603522,221.77451681551116,604.5484579201873,69.03268038148164,93.74890633312798,107.31578296342249
ID_21_le_YA_gaitinitiation_0_bl2_GO0012,21,YA,True,early,315.0,03_ri_tib_ant,0.7955595429773848,0.671122631461303,0.74318312050747,0.7543460981946295,0.8506792939999552,0.999757761637681,0.8807522973001106,0.7974116555026418,0.8807522973001106,0.999757761637681,357.30608563444423,6546.133419931972,436.99555970719143,927.1716674105544,275.7811768900111
ID_21_le_YA_gaitinitiation_0_bl2_GO0012,21,YA,True,early,315.0,06_le_tib_ant,0.32884371747460023,0.05648678131188648,0.21267992794883145,0.41870169399321877,0.350901167362399,0.45194397625979166,0.9999158944835441,0.45612877108392846,0.9999158944835441,0.45194397625979166,147.73778569076143,550.8160841015278,124.88772075024607,514.9119600693626,113.67850948475373
ID_21_le_YA_gaitinitiation_0_bl2_GO0012,21,YA,True,early,315.0,07_le_soleus,0.3985597440449925,0.02118557496236793,0.02886081224534382,0.023066299767865266,0.2173027358773274,0.999140432490357,0.999140432490357,0.05107796328877638,0.523821885914878,0.741439396329647,179.04335928675897,206.2723650798277,16.96809423817902,28.0876662805878,70.21230970838336
ID_21_le_YA_gaitinitiation_0_bl2_GO0012,21,YA,True,early,315.0,08_le_gastroc_med,0.3682467748366487,0.016657056684644487,0.050886526959720145,0.02461425367162743,0.16907851551263897,0.9992328621059068,0.9992328621059068,0.07880418572033031,0.6280325613993551,0.6684221370364158,165.3407301098731,162.13330739813824,29.923937958232052,29.940876686964202,54.56517699769114
ID_21_le_YA_gaitinitiation_0_bl2_GO0013,21,YA,False,late,293.0,01_ri_soleus,0.4416501302561236,0.041444778967944094,0.11118914830246297,0.023343916671942175,0.2246168302416371,0.9993230612813576,0.9993230612813576,0.3260275225880166,0.4450144006270733,0.497695007663668,242.0540501176931,239.6485870324169,139.21710182265218,27.443900591652977,77.28045900330318
ID_21_le_YA_gaitinitiation_0_bl2_GO0013,21,YA,False,late,293.0,02_ri_gastroc_med,0.42899099054519113,0.060848190139258886,0.19195423476081502,0.04071894546354722,0.22233644090446714,0.9991839099606017,0.9991839099606017,0.3094661681021874,0.4549944868452093,0.4022957600323843,235.18107906231376,352.0180673681351,240.56737359091022,48.034078553209284,76.62626166797014
ID_21_le_YA_gaitinitiation_0_bl2_GO0013,21,YA,False,late,293.0,03_ri_tib_ant,0.5612308697681714,0.4862464197397814,0.5795894977435163,0.5844936741004588,0.6238593537218546,0.7037282544874992,0.9070548661628809,0.6432870742360685,0.9070548661628809,0.7037282544874992,307.5972659230464,2814.3859516799694,726.2608155286264,692.7528012312346,215.29645265896576
ID_21_le_YA_gaitinitiation_0_bl2_GO0013,21,YA,False,late,293.0,06_le_tib_ant,0.2449981943519764,0.06317787917243077,0.16069607596303562,0.2789644126284585,0.2897631990360671,0.40079801096056816,0.8103857568088542,0.4624098574364293,0.8103857568088542,0.40079801096056816,134.2659163329936,365.5600535315647,201.11332615620313,330.81854706116724,99.87516314928132
ID_21_le_YA_gaitinitiation_0_bl2_GO0013,21,YA,False,late,293.0,07_le_soleus,0.5748421526001902,0.03808760431709988,0.40980536156724456,0.015307315588886448,0.5328225937556639,0.9995584154404128,0.9995584154404128,0.6890211244178049,0.09227196636168072,0.969813460789409,315.3139292510248,219.99673701718245,513.4172995289125,18.09531090750743,183.6479442801177
ID_21_le_YA_gaitinitiation_0_bl2_GO0013,21,YA,False,late,293.0,08_le_gastroc_med,0.4700587972013781,0.031314982359962426,0.24284835245194236,0.006458730181186242,0.28813999183973105,0.9995590664999346,0.9995590664999346,0.45109323104654847,0.23244214192239204,0.7870947492152824,257.8375825330737,180.87632643900872,304.24920634311906,7.529339102233505,99.20094945432099
ID_21_le_YA_gaitinitiation_0_bl3_GO0003,21,YA,True,late,352.5,01_ri_soleus,0.16019250509643687,0.1322403581754716,0.17905498702299277,0.14026474981767956,nan,0.3244564835635315,0.3247438049471795,0.29267905125700644,0.32473744446955805,nan,73.8022224317227,556.3535101432781,71.68951730978662,182.80898836969874,0.0
ID_21_le_YA_gaitinitiation_0_bl3_GO0003,21,YA,True,late,352.5,02_ri_gastroc_med,0.13723182479857335,0.13258362976582708,0.1403299007970777,0.13905860135547063,nan,0.1878824802619896,0.24802129191346506,0.1473483239073917,0.24802129191346506,nan,63.24146397033568,557.7727674371995,56.13919291536692,181.31187350531889,0.0
ID_21_le_YA_gaitinitiation_0_bl3_GO0003,21,YA,True,late,352.5,03_ri_tib_ant,0.7085733778914707,0.705237718546657,0.7040763156369454,0.7099754803557348,nan,0.7544895722286004,0.7771075201779709,0.7511400614117688,0.7771075201779709,nan,326.63810636675964,2966.920566976716,281.6080335443468,925.8211777878684,0.0
ID_21_le_YA_gaitinitiation_0_bl3_GO0003,21,YA,True,late,352.5,06_le_tib_ant,0.0036092110821159184,0.020163450885049974,0.003030536629685617,0.06252798292642321,nan,0.016695273108035657,0.49324668195652854,0.01537631719521738,0.49324668195652854,nan,1.6641143321496796,84.84199210780127,1.2070841493101478,81.60349068356241,0.0
ID_21_le_YA_gaitinitiation_0_bl3_GO0003,21,YA,True,late,352.5,07_le_soleus,0.12515528410387672,0.13178599077759115,0.23528142507839003,0.16974798971448843,nan,0.6765295023387915,0.999287445309245,0.4613268227315232,0.999287445309245,nan,57.4543756781441,554.451320726118,94.28865687536279,221.1015172336026,0.0
ID_21_le_YA_gaitinitiation_0_bl3_GO0003,21,YA,True,late,352.5,08_le_gastroc_med,0.09416538499494778,0.06565830504278519,0.12887832021057088,0.11306333592781527,nan,0.7339413967461909,0.9992040379330402,0.23801791043995008,0.9992040379330402,nan,43.115049654534,276.24612370398563,51.637274975330094,147.15382332062515,0.0
ID_21_le_YA_gaitinitiation_0_bl3_GO0006,21,YA,False,late,290.5,01_ri_soleus,0.3153196423808277,0.02884447531308511,0.036090398853514026,0.00453997210097332,0.14293583267760016,0.9994124162392618,0.9994124162392618,0.07640136790171037,0.11608287122972567,0.8521029142773205,193.20519251921203,166.10454809882611,24.517459571485798,5.290292938197238,59.57852928661702
ID_21_le_YA_gaitinitiation_0_bl3_GO0006,21,YA,False,late,290.5,02_ri_gastroc_med,0.3429159145888509,0.058367924369198174,0.13179461585386265,0.03469382892485912,0.18161727025199004,0.9994307387975683,0.9994307387975683,0.23846538685905797,0.14043458678819842,0.8770700057731486,210.07074320562091,336.545515608048,89.52949843186413,40.87514450756896,75.7727245192989
ID_21_le_YA_gaitinitiation_0_bl3_GO0006,21,YA,False,late,290.5,03_ri_tib_ant,0.6895553250896391,0.4782597540782889,0.5470856575650754,0.5938623107547685,0.7441767012020846,0.9997542766053448,0.9218270378551976,0.6721794014560083,0.9218270378551976,0.9997542766053448,422.0658962948328,2761.0028459262467,371.5302352483785,700.7488748521353,312.0532754853085
ID_21_le_YA_gaitinitiation_0_bl3_GO0006,21,YA,False,late,290.5,06_le_tib_ant,0.3942751035347977,0.0840481736119119,0.1337096221221112,0.32071030792980876,0.3237331876346906,0.999525254401281,0.9686459737313917,0.18103139846917055,0.7492254772432301,0.999525254401281,241.4457675427181,484.8037911235142,90.81826193798244,378.56080647068296,135.42854219335823
ID_21_le_YA_gaitinitiation_0_bl3_GO0006,21,YA,False,late,290.5,07_le_soleus,0.38178332966057515,0.00787732614778639,0.039266443150342834,0.002141174026489647,0.478400150256968,0.9992956514197315,0.23771264178652193,0.07026684110030106,0.041210815754148526,0.9992956514197315,233.98458536125568,45.40053319086556,26.669413316957915,2.5042057570469947,200.82196633207496
ID_21_le_YA_gaitinitiation_0_bl3_GO0006,21,YA,False,late,290.5,08_le_gastroc_med,0.3964552300464805,0.027800634535708375,0.09621325883920051,0.00406704601132019,0.24229025651793928,0.9990615800208846,0.9990615800208846,0.2426021957121395,0.21088095989319874,0.5411427173955361,242.78291413068078,160.2267942526978,65.28145330048343,4.6832765044627305,101.3497157193953
ID_21_le_YA_gaitinitiation_0_bl3_GO0009,21,YA,False,early,300.0,01_ri_soleus,0.22265361252940452,0.005733490118385586,0.008618235414012005,0.004361837780763419,0.265501656943689,0.9991581599379709,0.08912651496561236,0.01785124198093696,0.009239292040129986,0.9991581599379709,172.34658669605352,55.690972539952,6.900685884979245,5.247551896620207,172.7834030747913
ID_21_le_YA_gaitinitiation_0_bl3_GO0009,21,YA,False,early,300.0,02_ri_gastroc_med,0.26619077536350955,0.036922276031833325,0.03749147547942645,0.03559904008618715,0.3130874908139473,0.9994224309680856,0.08669145832081752,0.044691881181401695,0.04066584527003171,0.9994224309680856,206.01086155936918,358.9276214911939,30.026124383357157,42.69858280016456,203.7489233921441
ID_21_le_YA_gaitinitiation_0_bl3_GO0009,21,YA,False,early,300.0,03_ri_tib_ant,0.7402487350475727,0.49044379083843814,0.6068705367734654,0.6142735213734994,0.7049031111647591,0.9947030631582502,0.9998911698253412,0.9194609088445598,0.9998911698253412,0.8873039904038709,572.0076565728425,4767.9446480375045,486.0083893037281,736.3945444462703,458.0408554260444
ID_21_le_YA_gaitinitiation_0_bl3_GO0009,21,YA,False,early,300.0,06_le_tib_ant,0.359861481798567,0.049770949450265195,0.16561229730317958,0.3306003595355047,0.30015790919360325,0.8520071795911923,0.9997052932500319,0.39182192370708246,0.9997052932500319,0.4824128448851589,277.9059123833799,483.6878857008741,132.59439790303168,396.285202813516,194.9762605789949
ID_21_le_YA_gaitinitiation_0_bl3_GO0009,21,YA,False,early,300.0,07_le_soleus,0.37105343373842853,0.008771905712503681,0.08003084603444427,0.007096246300802428,0.4409091176911578,0.9994949902568353,0.024371984433844838,0.3162024436623863,0.012267020599158853,0.9994949902568353,287.0288794924596,85.26690615340928,63.99986656756048,8.513786337903571,286.84841699793566
ID_21_le_YA_gaitinitiation_0_bl3_GO0009,21,YA,False,early,300.0,08_le_gastroc_med,0.4933764687651154,0.005857518221363362,0.08855333101163686,0.004373642250930169,0.5881593571471757,0.9998003087485966,0.0683362843200785,0.5281857369659823,0.01235205657622768,0.9998003087485966,381.6055537319486,56.90990693747471,70.72102444977543,5.259466227278471,382.5664002473727
ID_21_le_YA_gaitinitiation_0_bl3_GO0013,21,YA,False,early,390.0,01_ri_soleus,0.37093031572789426,0.027887377811334487,0.07885973817780802,0.029873207826040846,0.21066815294635902,0.9994466028185668,0.9994466028185668,0.1322572642747708,0.5852509425037885,0.838131737860078,193.6269653516734,275.6969086538898,80.43262550161715,40.9073955141054,83.98841140995339
ID_21_le_YA_gaitinitiation_0_bl3_GO0013,21,YA,False,early,390.0,02_ri_gastroc_med,0.4169156756973425,0.04385142086233091,0.10604588025810288,0.05275327834300659,0.2640270871002889,0.9994517373675859,0.9994517373675859,0.2207981396527788,0.7162874386086019,0.7409113774695368,217.55635595297434,433.8143131215941,108.12663541143704,72.40880018184384,105.37855680474777
ID_21_le_YA_gaitinitiation_0_bl3_GO0013,21,YA,False,early,390.0,03_ri_tib_ant,0.6677857943307807,0.5669956847139588,0.6003580403720735,0.657713225208383,0.710837086329133,0.8892997525503288,0.9997803486235123,0.7515687633989515,0.9997803486235123,0.8892997525503288,348.5715142126052,5613.868107279037,612.2809813379372,907.069045962972,284.4153199677266
ID_21_le_YA_gaitinitiation_0_bl3_GO0013,21,YA,False,early,390.0,06_le_tib_ant,0.5926215819429529,0.049354334741396104,0.36179491808034986,0.28413518737031984,0.6114999437500104,0.9993554472269508,0.9713469385098701,0.544546625470171,0.9713469385098701,0.9993554472269508,309.56994387145687,488.24873448923296,368.8715995783116,391.9836268192826,244.50374348253024
ID_21_le_YA_gaitinitiation_0_bl3_GO0013,21,YA,False,early,390.0,07_le_soleus,0.4057208695324196,0.0031551846263736974,0.047078410509595936,0.0022919210825848055,0.534656149406401,0.999598627611762,0.0417668348917232,0.23870631013320232,0.004536201084381448,0.999598627611762,212.06868875594253,31.24566596092766,47.93491825428355,3.166645452144754,214.27222277263832
ID_21_le_YA_gaitinitiation_0_bl3_GO0013,21,YA,False,early,390.0,08_le_gastroc_med,0.41992624670898776,0.008403003859880348,0.13784177488349644,0.005419650741478718,0.5462840386882339,0.9994561214284617,0.10490366773534723,0.2899224441631674,0.010176413497956352,0.9994561214284617,219.53239519852457,83.1847323614166,140.6091943353307,7.471813711113825,218.95395830457676
ID_21_le_YA_gaitinitiation_0_bl4_GO0004,21,YA,False,late,286.0,01_ri_soleus,0.39227073438028437,0.023714174053139678,0.031799865758467494,0.02545122339821903,0.6285460057769247,0.9992060425548621,0.09469535944037946,0.285265617254117,0.044027991960516225,0.9992060425548621,169.67782162085794,230.93432820867275,32.17469708127329,29.79950848499869,165.72078980819265
ID_21_le_YA_gaitinitiation_0_bl4_GO0004,21,YA,False,late,286.0,02_ri_gastroc_med,0.44230724330052423,0.05248026793801815,0.06401821335226449,0.05109529320982878,0.6862217253986901,0.9993476455258126,0.21894439992827824,0.27882108820481283,0.05404794829173505,0.9993476455258126,191.35323559067143,511.06364847637855,64.9878910552221,59.843918980844606,180.8875599877914
ID_21_le_YA_gaitinitiation_0_bl4_GO0004,21,YA,False,late,286.0,03_ri_tib_ant,0.46318725273043604,0.23388130191469372,0.3492659127486312,0.33965242669698037,0.25214946904258867,0.999581142599582,0.999581142599582,0.4522443999825653,0.9587560756833076,0.4213497833688365,199.90666119046114,2277.912758620416,355.21990722993326,397.4820264729393,66.18193580016678
ID_21_le_YA_gaitinitiation_0_bl4_GO0004,21,YA,False,late,286.0,06_le_tib_ant,0.14020181754156097,0.053479251466512445,0.19899824673453906,0.4196710951113491,0.12339322731181285,0.2652526788070026,0.9996375154371904,0.4763374410306972,0.9996375154371904,0.17699018714513523,60.55774738121214,520.8742978774601,202.53566235232393,491.71492042752055,32.49691276805042
ID_21_le_YA_gaitinitiation_0_bl4_GO0004,21,YA,False,late,286.0,07_le_soleus,0.09912494364543462,0.02093249613938325,0.2892122943106816,0.019639927692917804,0.16147248475046438,0.7316714174122201,0.04710952293755868,0.9994972808327096,0.02540205484426599,0.7316714174122201,42.53259822608047,203.90450155894263,294.0059966751418,22.99809850923232,42.25717743545312
ID_21_le_YA_gaitinitiation_0_bl4_GO0004,21,YA,False,late,286.0,08_le_gastroc_med,0.14756200632648728,0.0153805064598653,0.27169727904217417,0.011543792198908817,0.2456872904587619,0.9051158666186252,0.042830682338290696,0.9996216797672435,0.021445968340646028,0.9051158666186252,63.42849472219708,149.82722786289307,276.0860722991465,13.517430190799637,64.41392829416606
ID_21_le_YA_gaitinitiation_0_bl4_GO0009,21,YA,False,late,289.0,01_ri_soleus,0.457765732793363,0.02976887077755346,0.17610486559871602,0.05240724646841412,0.21513803152630193,0.9994704307430304,0.9994704307430304,0.3028595269353639,0.7890411746183672,0.505660129253088,199.07085139548852,408.7785936537753,245.1456077361435,61.31930406121491,58.36402339965363
ID_21_le_YA_gaitinitiation_0_bl4_GO0009,21,YA,False,late,289.0,02_ri_gastroc_med,0.5184508276552525,0.046960396127949965,0.1932791870583877,0.06650161610564133,0.35305472400206855,0.8806336509589832,0.8806336509589832,0.4335596904329296,0.6917157161737599,0.553336119292937,225.51000897939088,644.9788067488904,269.02591317089724,77.9593949282131,95.9225999058229
ID_21_le_YA_gaitinitiation_0_bl4_GO0009,21,YA,False,late,289.0,03_ri_tib_ant,0.5576169584576133,0.4790414841139774,0.556148858257442,0.6171133619005817,0.6087225792380773,0.7063828466081085,0.9997898228262828,0.7235650917350313,0.9997898228262828,0.7063828466081085,242.510597586661,6582.007353861594,774.0910513081022,726.4699712381376,165.55608524047753
ID_21_le_YA_gaitinitiation_0_bl4_GO0009,21,YA,False,late,289.0,06_le_tib_ant,0.2536733947813338,0.025426878513297706,0.31091567765042927,0.2523635982817016,0.22094596442045553,0.3571794602060079,0.6358206187265413,0.613867833273966,0.6358206187265413,0.2802017605012782,110.41701466821254,349.2457680903525,432.80953316716074,297.1888199584509,60.08608277245307
ID_21_le_YA_gaitinitiation_0_bl4_GO0009,21,YA,False,late,289.0,07_le_soleus,0.46896816849046913,0.009016199792524736,0.19297573292730638,0.006895176404324267,0.6803580061254593,0.9993286579321732,0.43792305691480077,0.3724749615298834,0.022667964969841775,0.9993286579321732,204.32394591510896,123.65362788443115,268.61200178879943,8.126853252928257,185.34497103238377
ID_21_le_YA_gaitinitiation_0_bl4_GO0009,21,YA,False,late,289.0,08_le_gastroc_med,0.48298407979240104,0.007908155675563619,0.21228345748702424,0.004398656993243393,0.6866643397484283,0.9993683210301952,0.47632838923124526,0.4259088701483703,0.00618530125174164,0.9993683210301952,210.43566843636762,108.40941609938781,295.5230113578583,5.179035374125853,187.05593395825883
ID_21_le_YA_gaitinitiation_0_bl4_GO0011,21,YA,True,early,238.0,01_ri_soleus,0.26419808643488274,0.05487991914267388,0.06432451154395172,0.08856412586417552,0.11830767450540138,0.9988501814719519,0.9990943507576793,0.08333298589739997,0.9913141062237265,0.14847112664581358,147.6721745710685,310.70146736166157,35.362443597734895,94.78427465364196,44.13428594634208
ID_21_le_YA_gaitinitiation_0_bl4_GO0011,21,YA,True,early,238.0,02_ri_gastroc_med,0.4749860100479768,0.08095718846707595,0.1406393424144811,0.0928204614557149,0.30895784229005374,0.9995459174190442,0.9995459174190442,0.3042120395510864,0.8928767661128036,0.40516959143754916,265.852362215335,458.21949969867177,77.28208331960195,99.39571247571392,115.18298002560147
ID_21_le_YA_gaitinitiation_0_bl4_GO0011,21,YA,True,early,238.0,03_ri_tib_ant,0.7276126354726495,0.6689368980396447,0.7548454130133583,0.7613423557474269,0.7513098640779832,0.8610772110116509,0.9336607806244857,0.8259669904749305,0.9336607806244857,0.8610772110116509,407.54377942991107,3787.4496910074204,415.2341897001441,818.5482892703478,280.255965488929
ID_21_le_YA_gaitinitiation_0_bl4_GO0011,21,YA,True,early,238.0,06_le_tib_ant,0.4451389210518062,0.07282217323188692,0.2257214222678919,0.3618029994431078,0.6086691972884405,0.999437173728867,0.9453241160514994,0.30370240584691444,0.9453241160514994,0.999437173728867,249.61383536695104,412.2258587684838,124.15351875948745,389.2651969792393,227.39929305444025
ID_21_le_YA_gaitinitiation_0_bl4_GO0011,21,YA,True,early,238.0,07_le_soleus,0.48116843078620614,0.049642732952069855,0.06584946999846662,0.06171546325591696,0.37910173454172064,0.998947841491281,0.998947841491281,0.13800800446308784,0.8817080057353126,0.5444809046609513,269.4048119844781,280.93798986785623,36.1922834736249,65.94048802220641,141.54754833832072
ID_21_le_YA_gaitinitiation_0_bl4_GO0011,21,YA,True,early,238.0,08_le_gastroc_med,0.4899177039758624,0.046587792069108076,0.1636718404282395,0.06721524880235268,0.3854273750484097,0.999213349246741,0.999213349246741,0.36438952527535007,0.9465628129150783,0.4268971270816307,274.17066818998865,263.59500645738956,89.94537695438873,71.83590490415345,143.74995308838643
ID_21_le_YA_gaitinitiation_0_bl4_GO0016,21,YA,True,early,319.0,01_ri_soleus,0.34418371486168864,0.03202360909895398,0.1008714000142698,0.05378912949067327,0.14520001482687372,0.9992542224509412,0.9992542224509412,0.15429398668744337,0.8197504195735164,0.5160881272973564,154.73710502504792,440.41789745423785,114.39224679417757,66.14957673701463,47.145804756852804
ID_21_le_YA_gaitinitiation_0_bl4_GO0016,21,YA,True,early,319.0,02_ri_gastroc_med,0.48491426973309415,0.049768416460271483,0.1598492042792278,0.07627768338964389,0.32895192372343407,0.9994703896095769,0.9994703896095769,0.3420536713351538,0.8728745453366662,0.606688421686131,218.07123483935146,684.5757593089925,181.2158852740707,93.96405690004252,107.0771686328095
ID_21_le_YA_gaitinitiation_0_bl4_GO0016,21,YA,True,early,319.0,03_ri_tib_ant,0.7876234208054216,0.6519308026051525,0.7007821629445402,0.7265570158697688,0.8387165736482797,0.9448377146818345,0.9850369811951604,0.8690473349697324,0.9850369811951604,0.9448377146818345,354.43399512313636,8971.209805833503,794.6232121369285,898.799073515557,273.49353436276397
ID_21_le_YA_gaitinitiation_0_bl4_GO0016,21,YA,True,early,319.0,06_le_tib_ant,0.49082089000866597,0.035707474565523305,0.22968298852925403,0.3162498328567028,0.3796424948894047,0.9645229616739094,0.9645229616739094,0.4032208523530665,0.9029913916186796,0.8922975486378043,221.0175025325682,490.94830284448295,260.44802775211554,391.3089680598673,123.55548743789566
ID_21_le_YA_gaitinitiation_0_bl4_GO0016,21,YA,True,early,319.0,07_le_soleus,0.5167779326555895,0.01010758364136922,0.06304131478699367,0.027553998098597893,0.5919792054945512,0.9993047752822569,0.40408877796430503,0.12797107579923583,0.39413830503443215,0.9993047752822569,232.7971666349485,138.97073486810515,71.45815355730232,33.90854756314172,193.37857106181931
ID_21_le_YA_gaitinitiation_0_bl4_GO0016,21,YA,True,early,319.0,08_le_gastroc_med,0.5182649566053256,0.02097152904317847,0.15523889347446104,0.07356372646039644,0.4520175127715118,0.9976880757204365,0.999215193463319,0.3425319322688283,0.9957244449783399,0.5931089173277648,233.0618506132434,288.42905064429556,175.97184410235627,90.5670777140269,147.45651075307015
ID_22_ri_OA_gaitinitiation_0_bl2_GO0005,22,OA,False,late,263.5,01_ri_soleus,0.12014830099968432,0.0671853196826674,0.46891671986249367,0.08347700764443299,0.16802689022335085,0.3512002325436775,0.23246952015588412,0.9994183826179805,0.23246952015588412,0.3512002325436775,55.721847247204025,927.2715497647498,556.6308177268777,93.96726488276599,31.686889205593666
ID_22_ri_OA_gaitinitiation_0_bl2_GO0005,22,OA,False,late,263.5,02_ri_gastroc_med,0.3305921758544391,0.15001606379404406,0.42086236239934366,0.21607845132619605,0.39260350651048254,0.4231035919877274,0.5526015186816688,0.9997057267572533,0.5526015186816688,0.4231035919877274,153.69312948915558,2070.4075151428633,499.6958980505565,243.24400650981522,74.24177638329769
ID_22_ri_OA_gaitinitiation_0_bl2_GO0005,22,OA,False,late,263.5,03_ri_tib_ant,0.4063071032169712,0.2618178588982726,0.6041910239526349,0.32626163578678474,0.39546793143791353,0.5683757042358387,0.6192573043091605,0.9994664864473488,0.6192573043091605,0.5683757042358387,188.86632243561075,3613.5744901798525,717.3654115909519,367.392986698091,74.67382184768675
ID_22_ri_OA_gaitinitiation_0_bl2_GO0005,22,OA,False,late,263.5,06_le_tib_ant,0.19222791347030904,0.023591772370829704,0.2728304127266732,0.21234365422993673,0.028248711487582037,0.7051753944905663,0.7051753944905663,0.9995209217761104,0.6540406439704368,0.088526333337649,89.20235934972544,325.6466431133957,324.04276900975975,238.98271738384585,5.330735900862435
ID_22_ri_OA_gaitinitiation_0_bl2_GO0005,22,OA,False,late,263.5,07_le_soleus,0.47212667431828975,0.032847861742750104,0.23187488396325615,0.004713908062849596,0.35217860048035815,0.9991102414722931,0.9991102414722931,0.5574293487020529,0.026534042136993462,0.6588457194315034,219.89936014118814,453.04091945885176,275.3479495418319,5.306843788552575,66.45447102094852
ID_22_ri_OA_gaitinitiation_0_bl2_GO0005,22,OA,False,late,263.5,08_le_gastroc_med,0.5962302211002731,0.022268736831374224,0.21095788831932252,0.004950836199492231,0.7756904063352875,0.9996082905702016,0.9996082905702016,0.5518954688678769,0.021282381837103948,0.9784447758848274,277.5788638034891,306.8795318614821,250.33809135147493,5.583946156386561,146.60947512263283
ID_22_ri_OA_gaitinitiation_0_bl1_GO0002,22,OA,False,early,325.0,01_ri_soleus,0.02298272219185736,0.0319820866945555,0.38019018312131525,0.03091313230094379,0.02136308988825958,0.026884531139774265,0.05639182907804572,0.999629599236705,0.04109699020576094,0.02377144601231523,7.217347221107737,248.56724791715624,439.7541373397563,38.614763335072965,4.081048093959986
ID_22_ri_OA_gaitinitiation_0_bl1_GO0002,22,OA,False,early,325.0,02_ri_gastroc_med,0.07067203062446085,0.06306191673049738,0.1991108516930755,0.06282997783950212,0.0760140592160377,0.0814892761478755,0.0810128648787747,0.8057686641881275,0.06783836387951085,0.0814892761478755,22.192219912999768,490.11636779282037,230.11964958660735,78.47575147379088,14.52296709794676
ID_22_ri_OA_gaitinitiation_0_bl1_GO0002,22,OA,False,early,325.0,03_ri_tib_ant,0.40077968488413346,0.21351979615460265,0.19936243155335553,0.4283573927745493,0.4164076984665826,0.5251107209963533,0.9995683232590965,0.30909789491233,0.9995683232590965,0.5251107209963533,125.94860371154104,1659.3697941392838,230.64184181673238,535.2017062958212,79.57916724648368
ID_22_ri_OA_gaitinitiation_0_bl1_GO0002,22,OA,False,early,325.0,06_le_tib_ant,0.4036280337705339,0.08662650796464318,0.04951727412936072,0.4695790678554809,0.22497135927579612,0.8776685682101288,0.9997893265926219,0.16344874893481803,0.9997893265926219,0.4181178508250598,126.64635829773806,673.1293334456116,57.26746016830442,586.5288211778312,42.92518624469932
ID_22_ri_OA_gaitinitiation_0_bl1_GO0002,22,OA,False,early,325.0,07_le_soleus,0.051509230333106386,0.01558553122112311,0.06780248851937172,0.0054414811034720605,0.08295199710131113,0.18375167403010112,0.05190157301626328,0.25621770465401006,0.014430805159707225,0.18375167403010112,16.131670715819727,121.12711944705663,78.41874572944533,6.795352040829344,15.824821855159426
ID_22_ri_OA_gaitinitiation_0_bl1_GO0002,22,OA,False,early,325.0,08_le_gastroc_med,0.007780748262148796,0.02845290605609905,0.18171886724808,0.009367361141301803,0.013574302401586602,0.15563329758156452,0.09932907356283757,0.8934494611835703,0.024193011406418916,0.15563329758156452,2.3616728268801044,221.156533249564,210.33114770730683,11.69504036854044,2.5258733446222243
ID_22_ri_OA_gaitinitiation_0_bl1_GO0003,22,OA,False,late,239.5,01_ri_soleus,0.0860125176273058,0.06485630633772042,0.22971910588576572,0.07047142950467958,0.05084728517075224,0.18568180965380893,0.18568180965380893,0.7400223708758846,0.1695108659154983,0.06562464455277407,44.18487469053992,888.3990573450241,290.8910464509677,75.92595717526243,14.94184803884254
ID_22_ri_OA_gaitinitiation_0_bl1_GO0003,22,OA,False,late,239.5,02_ri_gastroc_med,0.34516111664410826,0.27475567085577046,0.4202857881618895,0.29187303763981476,0.2821893990309532,0.5690279727191851,0.5719604651660999,0.9997556422193055,0.5719507859077713,0.3051930985438235,177.3310574510315,3763.588593034406,531.9989252704117,314.5110228547205,82.95023784420353
ID_22_ri_OA_gaitinitiation_0_bl1_GO0003,22,OA,False,late,239.5,03_ri_tib_ant,0.33587715110737854,0.21677692182251704,0.41506376396685374,0.5068559871313084,0.3117629264279484,0.45893487272935285,0.9998909341849904,0.9611536163268823,0.9998909341849904,0.45893487272935285,172.68151669412313,2969.3250936256195,525.6901593068919,546.6089548688536,91.66012422377565
ID_22_ri_OA_gaitinitiation_0_bl1_GO0003,22,OA,False,late,239.5,06_le_tib_ant,0.208223614802599,0.03521696142463505,0.06301772628154864,0.3746746742881359,0.1016718045317387,0.3785939869816407,0.99975269251883,0.28885609016199637,0.99975269251883,0.2958768458569462,107.02624617731418,482.2816165376318,79.72722458248387,404.0911522822344,29.81219795097194
ID_22_ri_OA_gaitinitiation_0_bl1_GO0003,22,OA,False,late,239.5,07_le_soleus,0.11517076561173542,0.004753215783000155,0.06440173449844322,0.001725258055151009,0.20195727215011444,0.34151755731506805,0.05162279174166538,0.26644831481210113,0.004355834278162725,0.34151755731506805,59.27479428321023,65.08188390226914,81.56594640870753,1.8624951420381954,59.50713974402208
ID_22_ri_OA_gaitinitiation_0_bl1_GO0003,22,OA,False,late,239.5,08_le_gastroc_med,0.022218907281770173,0.019144240578344265,0.19706303464518554,0.0203576126708334,0.03707670482831198,0.07163065387910028,0.11337010173643358,0.9996759067846142,0.11337010173643358,0.07163065387910028,11.400911772115158,262.24224182764453,249.64237490327676,21.960876642783816,10.892849113342535
ID_22_ri_OA_gaitinitiation_0_bl1_GO0008,22,OA,False,late,379.0,01_ri_soleus,0.19181261233898358,0.030239314334785918,0.21243193891590245,0.030970807924057434,nan,0.21999042514767625,0.21999042514767625,0.9995418503634255,0.1319274489303878,nan,26.323730485633096,241.05225261878854,318.2911539010945,41.97637000978513,0.0
ID_22_ri_OA_gaitinitiation_0_bl1_GO0008,22,OA,False,late,379.0,02_ri_gastroc_med,0.5507730972608187,0.14700498245029672,0.3127799017918846,0.14845038203314204,nan,0.6095854864485429,0.6095854864485429,0.7809806886919392,0.4563739043483014,nan,75.55048112505831,1171.8948868122668,468.49680511123705,201.29172432772637,0.0
ID_22_ri_OA_gaitinitiation_0_bl1_GO0008,22,OA,False,late,379.0,03_ri_tib_ant,0.14041699438590455,0.1430664691061856,0.136118656181294,0.2616114767232079,nan,0.20201061269214288,0.9994647732979416,0.21919430707798457,0.9994647732979416,nan,19.18859190687246,1140.500286336554,203.9000535806719,355.10085776695826,0.0
ID_22_ri_OA_gaitinitiation_0_bl1_GO0008,22,OA,False,late,379.0,06_le_tib_ant,0.34465813859923,0.04792967822888144,0.3053991884584223,0.22669760749616188,nan,0.4638372158442303,0.999665268989934,0.6772243200109723,0.999665268989934,nan,47.16556850326711,381.9762286271018,457.53249344931254,307.61136961593127,0.0
ID_22_ri_OA_gaitinitiation_0_bl1_GO0008,22,OA,False,late,379.0,07_le_soleus,0.0005014740584729419,0.03464347948589767,0.22051540216079224,0.03420316125829309,nan,0.003442746806900953,0.17692029996143516,0.5156309627864155,0.17692029996143516,nan,0.07021845053310509,276.1766541736041,330.29393895298017,46.4371799402864,0.0
ID_22_ri_OA_gaitinitiation_0_bl1_GO0008,22,OA,False,late,379.0,08_le_gastroc_med,0.00549302075398242,0.042318136701019644,0.14573150986945446,0.07284343373753144,nan,0.005633867769390853,0.5020689499343364,0.7366474957169576,0.5020689499343364,nan,0.7525600283144539,337.3818187270831,218.17374537383063,98.90366911606384,0.0
ID_22_ri_OA_gaitinitiation_0_bl1_GO0014,22,OA,False,early,279.5,01_ri_soleus,0.03634091911068207,0.03918257854576124,0.2775344082915666,0.042013468036798764,0.030146877253876506,0.04069889822919751,0.08849542401905405,0.9997167291621961,0.08849542401905405,0.030665126110726713,9.52490371727043,383.15143126520763,415.9527895034284,48.654643827598306,1.2359189011374383
ID_22_ri_OA_gaitinitiation_0_bl1_GO0014,22,OA,False,early,279.5,02_ri_gastroc_med,0.06659482553420756,0.08797231499163748,0.35018694374996656,0.09310119756997917,0.05224885591869569,0.08566843443609354,0.14229023649336647,0.9991962202263729,0.14229023649336647,0.05952966543305664,17.439957801134828,860.3036660620942,524.7951385736324,107.81857996548518,2.1393591516889576
ID_22_ri_OA_gaitinitiation_0_bl1_GO0014,22,OA,False,early,279.5,03_ri_tib_ant,0.7279474810656955,0.23195255072127724,0.356711143899922,0.2392649157016868,0.9788884879168988,0.9998555836818588,0.9998555836818588,0.932482811649481,0.33356471941225185,0.99512061427311,190.80738658277156,2267.8870409101037,533.9452462912906,277.0293345530045,40.14093371493695
ID_22_ri_OA_gaitinitiation_0_bl1_GO0014,22,OA,False,early,279.5,06_le_tib_ant,0.5150705858404495,0.0100360867553229,0.4076938114054061,0.0031114019427440844,0.9928286166524606,0.9997695624190717,0.9580017628445703,0.9930870513245844,0.032800945854420956,0.9997695624190717,134.96534901857362,97.66837767729821,610.5067011120304,3.606594719709223,40.71493825635174
ID_22_ri_OA_gaitinitiation_0_bl1_GO0014,22,OA,False,early,279.5,07_le_soleus,0.028318905658886673,0.014500459957302647,0.18260327061894543,0.024453862725988793,0.004294476014484208,0.05078163049290463,0.1256861187422415,0.9991101116565652,0.1256861187422415,0.006184834241411128,7.43334755740527,141.80353016216156,273.66200160850383,28.32495748030427,0.17579952985102906
ID_22_ri_OA_gaitinitiation_0_bl1_GO0014,22,OA,False,early,279.5,08_le_gastroc_med,0.0017029016612786338,0.04517127866696348,0.1979380984309567,0.10391147069331826,0.008837624763578375,0.009206373810413677,0.4472616232995624,0.9995983824970673,0.4472616232995624,0.009206373810413677,0.4444035321284274,441.75100968644824,296.6571621631457,120.42211909319387,0.3624440921652031
ID_22_ri_OA_gaitinitiation_0_bl2_GO0004,22,OA,False,early,321.0,01_ri_soleus,0.05524716448574361,0.0304818733566956,0.3255624130371342,0.038939608523793606,0.08937235521431953,0.27620474451575194,0.1095669626633207,0.9993400582683002,0.1095669626633207,0.27620474451575194,16.35898141792948,237.127862064005,425.95272074549774,48.336009104387436,14.237678898885783
ID_22_ri_OA_gaitinitiation_0_bl2_GO0004,22,OA,False,early,321.0,02_ri_gastroc_med,0.13769534806492925,0.10457998607208906,0.4422959055721537,0.15663592055653508,0.17716935155186594,0.28376604214293166,0.5310329509469466,0.9994300404331062,0.5310329509469466,0.28376604214293166,40.98442272902709,813.5316787684467,578.7361906181543,194.4549923878185,28.32221301996547
ID_22_ri_OA_gaitinitiation_0_bl2_GO0004,22,OA,False,early,321.0,03_ri_tib_ant,0.3957969386804216,0.3481327705423896,0.731527587094141,0.4248268218894298,0.45309660581627315,0.602681254851184,0.7519034676897541,0.9999259794551177,0.7519034676897541,0.602681254851184,117.86430927744169,2708.130382839616,956.9830968725547,527.2954505933185,72.46884280436758
ID_22_ri_OA_gaitinitiation_0_bl2_GO0004,22,OA,False,early,321.0,06_le_tib_ant,0.025346498464482448,0.02921322658055896,0.43693846252736185,0.1720500959552447,-0.006233209519560734,0.21437369030391737,0.5629099086643372,0.9996919578957989,0.5629099086643372,0.058123962224326586,7.4301882923626135,227.29077105585392,571.8326719307264,213.56896926605256,-1.0241267868802297
ID_22_ri_OA_gaitinitiation_0_bl2_GO0004,22,OA,False,early,321.0,07_le_soleus,0.7173204267885926,0.09824230867752468,0.33170021910604275,0.08170054867129273,0.7959954820434296,0.892849384800843,0.998928410220622,0.767826387412806,0.644337532979776,0.892849384800843,213.8254603574893,763.9746879761435,433.81443969201507,101.11741363455087,127.498860320918
ID_22_ri_OA_gaitinitiation_0_bl2_GO0004,22,OA,False,early,321.0,08_le_gastroc_med,0.7759861657469046,0.0466844911548834,0.0934813390843181,0.0204624335616548,0.8599070730741676,0.9994912662278512,0.9193637400122308,0.5456484068990755,0.3226732291197696,0.9994912662278512,231.5594970756935,362.72811355577784,122.05285304925454,25.22691821412699,137.69329766870607
ID_22_ri_OA_gaitinitiation_0_bl2_GO0007,22,OA,False,early,298.0,01_ri_soleus,0.03858089554153191,0.04496507756312017,0.3154637596937344,0.04747625975854002,0.039243332722066204,0.04020583675283686,0.10774057125601784,0.9991004137546543,0.10441973660345123,0.04020583675283686,10.61118294749166,258.15112028757,465.63652806743,56.74307871210411,5.063742241928276
ID_22_ri_OA_gaitinitiation_0_bl2_GO0007,22,OA,False,early,298.0,02_ri_gastroc_med,0.11198706582788662,0.11933383342531154,0.389186608270463,0.1560910097738237,0.11243535848246491,0.11290977835900988,0.4133147741759208,0.9998897921094867,0.4133147741759208,0.11290977835900988,30.79742332792214,685.1041644325303,574.5064188644512,186.57560202745242,14.503884976277003
ID_22_ri_OA_gaitinitiation_0_bl2_GO0007,22,OA,False,early,298.0,03_ri_tib_ant,0.5247338183523866,0.4869001691010971,0.5568935070701041,0.5483610329163067,0.49864325346116156,0.5734132392481722,0.9205802496614218,0.9996421309675384,0.9205802496614218,0.51364754967376,144.29959838470683,2795.2850682342632,822.0556982163858,655.3203151856836,64.32711077245557
ID_22_ri_OA_gaitinitiation_0_bl2_GO0007,22,OA,False,early,298.0,06_le_tib_ant,0.13430411100089581,0.04507030927803659,0.08318201616157946,0.19376290376473193,0.19089497108252304,0.21712054041308537,0.9993609079041688,0.231625174497533,0.9993609079041688,0.21712054041308537,36.97714868113191,258.69446135369765,122.72585979094296,231.7221639998815,24.656703902802093
ID_22_ri_OA_gaitinitiation_0_bl2_GO0007,22,OA,False,early,298.0,07_le_soleus,0.03511635965499755,0.08896973887608843,0.14681312186106843,0.035154242248711345,0.026159266126266453,0.07248378198768506,0.6237737864852433,0.49361090221758286,0.08769434863055316,0.06374746785282956,9.621324292143209,510.8625883429178,216.79778815834553,41.966690422655915,3.3610997051270446
ID_22_ri_OA_gaitinitiation_0_bl2_GO0007,22,OA,False,early,298.0,08_le_gastroc_med,0.003584794072967096,0.040679972370331295,0.22192911744809246,0.02115004649271249,-0.001062125322641198,0.015367730408808938,0.4876045823900802,0.9995991637892825,0.07275315511583998,0.004102060878793902,0.986895352448068,233.58873371958606,327.68397888557286,25.266078135661182,-0.1344719351278376
ID_22_ri_OA_gaitinitiation_0_bl3_GO0003,22,OA,False,early,276.5,01_ri_soleus,0.19554225123523244,0.05141222619254044,0.3281728106625935,0.08327345234234153,0.251686482409104,0.4854769799411162,0.4031218124685333,0.9254177363451941,0.4031218124685333,0.4854769799411162,89.42167503489166,190.22690181637114,408.51489831852234,95.90901726513981,77.99428704500825
ID_22_ri_OA_gaitinitiation_0_bl3_GO0003,22,OA,False,early,276.5,02_ri_gastroc_med,0.11903939541730703,0.05011185225368766,0.22035717265776697,0.14817297533423257,0.1410192375140593,0.2507524148876815,0.9992735557172082,0.7637087151337799,0.9992735557172082,0.20079852124849334,54.40058142454923,185.44716643344069,274.5257134848121,170.7019375002106,43.74021567710591
ID_22_ri_OA_gaitinitiation_0_bl3_GO0003,22,OA,False,early,276.5,03_ri_tib_ant,0.5571070937717378,0.07927243632457238,0.38217615997320464,0.20078807388676861,0.6272141049724862,0.9989681477226121,0.6459211853480958,0.9376256898631301,0.6458622641614079,0.9989681477226121,255.2497514315105,293.0639746972772,476.28491297018667,231.26318834629137,194.51781489494894
ID_22_ri_OA_gaitinitiation_0_bl3_GO0003,22,OA,False,early,276.5,06_le_tib_ant,0.07616439744502544,0.08832525075361784,0.026235811216846254,0.2720897666058506,0.07140631651041868,0.323383002404534,0.9993551183398525,0.0886740314743634,0.9993551183398525,0.1068351510209905,34.759083626165726,326.8875231619899,32.66504786155555,313.5390008444219,22.17930377470859
ID_22_ri_OA_gaitinitiation_0_bl3_GO0003,22,OA,False,early,276.5,07_le_soleus,0.7352230173341319,0.06486064292321067,0.6141338951978957,0.025396344477823653,0.7041574007469812,0.9997744016846568,0.9949866273585561,0.94716689856581,0.4192687738431086,0.9997744016846568,336.8444269474588,239.52478918445556,765.4087765066422,29.042103762780044,218.09732938099964
ID_22_ri_OA_gaitinitiation_0_bl3_GO0003,22,OA,False,early,276.5,08_le_gastroc_med,0.8294947988121971,0.04846405565603537,0.21089194471561246,0.01391360006976101,0.8896791820999225,0.9998979676541486,0.9611951493286337,0.45141565630603975,0.2809727542046,0.9998979676541486,380.34740906282957,178.86463616462873,262.7479671049973,15.878553465914049,275.9719798026157
ID_22_ri_OA_gaitinitiation_0_bl3_GO0005,22,OA,True,late,433.5,01_ri_soleus,0.09853822375649975,0.08739926431509887,0.3332899584911823,0.1076084533494735,0.14954814757369664,0.18045194585518437,0.47029062436521246,0.9993057281458462,0.47029062436521246,0.18045194585518437,30.317116078068903,705.6356770569926,235.5317916278472,157.79272027784393,14.962143482665553
ID_22_ri_OA_gaitinitiation_0_bl3_GO0005,22,OA,True,late,433.5,02_ri_gastroc_med,0.26909743404478914,0.04779318619551796,0.26101144268466303,0.13750486423524705,0.186665250203858,0.866588173249856,0.9988484025526363,0.8518104526056425,0.9988484025526363,0.20436044368254785,82.61325387339602,385.85833054325576,184.40348816606695,201.2594955387982,18.693904753715127
ID_22_ri_OA_gaitinitiation_0_bl3_GO0005,22,OA,True,late,433.5,03_ri_tib_ant,0.24501318128689648,0.04622018636002257,0.0006162396062332892,0.18886282128727902,0.13180075934388663,0.4397943461029944,0.9987159559043258,0.02566436493955488,0.9987159559043258,0.24710969061814625,75.46225032178204,373.09719277306937,0.41932023157454884,276.8276750386041,13.166143249716955
ID_22_ri_OA_gaitinitiation_0_bl3_GO0005,22,OA,True,late,433.5,06_le_tib_ant,0.09565227073580722,0.027756468424369914,0.03434243777145081,0.12758945620784032,-0.022352499575187174,0.6485204937941608,0.9988435531386844,0.12374553340840067,0.9988435531386844,-0.01045828851648031,29.21834641267245,224.1478386913251,24.281741768554994,186.8265204806508,-2.234980646361055
ID_22_ri_OA_gaitinitiation_0_bl3_GO0005,22,OA,True,late,433.5,07_le_soleus,0.5690068672318763,0.08569828847702307,0.3016386675010402,0.13431119278645207,0.1864678012784229,0.999275599072037,0.999275599072037,0.7214281149570467,0.828731815194736,0.3422916167220894,175.55012828238424,691.7835369592399,213.0681081222436,196.80890695855433,18.589232506736373
ID_22_ri_OA_gaitinitiation_0_bl3_GO0005,22,OA,True,late,433.5,08_le_gastroc_med,0.6162317065432209,0.0821689353741166,0.20188163372745493,0.14023158433877836,0.26302681857397153,0.9993403130502392,0.9993403130502392,0.4638553040522832,0.7776207617278816,0.3796167552057862,190.00039408714161,663.2948204340017,142.5741784169389,205.39268122889183,26.26577287613074
ID_22_ri_OA_gaitinitiation_0_bl3_GO0010,22,OA,False,late,335.0,01_ri_soleus,0.008347231257053975,0.018298725276308537,0.26234498649318255,0.017299309457467243,0.006445405026992792,0.019015490362041136,0.04091957180142275,0.9993993162223542,0.03477466331704221,0.006796894519052986,3.0000072469208954,144.41945840257296,393.12052456733414,21.95246550412024,0.883091575143029
ID_22_ri_OA_gaitinitiation_0_bl3_GO0010,22,OA,False,late,335.0,02_ri_gastroc_med,0.04020629363404155,0.013814896402266862,0.30204506606178033,0.06631436520144664,0.009871319945451455,0.1351908635730746,0.3308068550101004,0.999637367878659,0.3308068550101004,0.01159522399109319,14.438761134460234,109.03628441538476,452.75606593504,84.14728742503615,1.3530159303227185
ID_22_ri_OA_gaitinitiation_0_bl3_GO0010,22,OA,False,late,335.0,03_ri_tib_ant,0.11190041165860218,0.021647740555968572,0.35705796443615734,0.10903467545254186,0.10027340572010933,0.14930575538604643,0.46045320399825335,0.9994330425083368,0.46045320399825335,0.10947281581355513,40.26921765541026,170.79942661735123,535.1807623075073,138.39383294933617,13.733643286590109
ID_22_ri_OA_gaitinitiation_0_bl3_GO0010,22,OA,False,late,335.0,06_le_tib_ant,0.08600201877627223,0.0238730887913893,0.14498734664488597,0.13101919367576734,0.08328709938167114,0.11927621430789373,0.7808466013716691,0.9693342417025372,0.7808466013716691,0.08607471687081551,30.99283926005602,188.37976313567256,217.2988871482254,166.3798658062252,11.412118177718494
ID_22_ri_OA_gaitinitiation_0_bl3_GO0010,22,OA,False,late,335.0,07_le_soleus,0.0429049525141756,0.021730407591322116,0.3463949544343286,0.022154219482128493,0.0594156538060527,0.06518803473441367,0.08470694738364785,0.9997954772776694,0.06257013373448053,0.06518803473441367,15.43313360857642,171.4847569325097,519.2076439886571,28.092182147082248,8.140820904656989
ID_22_ri_OA_gaitinitiation_0_bl3_GO0010,22,OA,False,late,335.0,08_le_gastroc_med,0.1845905883002414,0.027112477670858053,0.4308641277613047,0.030971040758810547,0.06436799797498353,0.484332405079113,0.484332405079113,0.9997199289568046,0.40151131659936007,0.10150640360580909,66.37468834604287,213.98465454345745,645.808499459559,39.109056385462075,8.81534119650134
ID_22_ri_OA_gaitinitiation_0_bl3_GO0014,22,OA,False,early,371.5,01_ri_soleus,0.029670494762615646,0.01722663566813141,0.05677767142567315,0.028007311585325868,0.03752455506581874,0.0735356261612283,0.08656710395333897,0.15495108700351476,0.08656710395333897,0.0735356261612283,26.08545531250281,207.18591910292673,54.31413953980453,37.602398405564124,22.304796583833554
ID_22_ri_OA_gaitinitiation_0_bl3_GO0014,22,OA,False,early,371.5,02_ri_gastroc_med,0.05841902088596623,0.0063424557977915024,0.07418814684833304,0.05078654383024292,0.08091695328643761,0.1556093631118649,0.22041391030265647,0.20507719046233733,0.22041391030265647,0.1556093631118649,51.36068825411007,76.27905773676267,70.97062407522314,68.1981807467374,48.097658601111235
ID_22_ri_OA_gaitinitiation_0_bl3_GO0014,22,OA,False,early,371.5,03_ri_tib_ant,0.19311957020616102,0.016793113188430735,0.4339134158506222,0.04268043727324161,0.08913127843251242,0.7553415754370713,0.7553415754370713,0.9995393810069407,0.7233058293405166,0.2659958012377575,169.47450902414963,201.9469117541255,414.9638065098586,56.953229285976875,52.93048766833502
ID_22_ri_OA_gaitinitiation_0_bl3_GO0014,22,OA,False,early,371.5,06_le_tib_ant,0.27456162712129556,0.037844493209046745,0.007682214351212033,0.16947190916955285,0.037860032786408725,0.8858482813092297,0.9995398103126384,0.012194214567792138,0.9995398103126384,0.36568883761956505,241.19611981562414,454.98178635206534,7.349236326199175,227.1851865985221,22.32509558140242
ID_22_ri_OA_gaitinitiation_0_bl3_GO0014,22,OA,False,early,371.5,07_le_soleus,0.3489435103778547,0.03285366875275289,0.7127105642267676,0.03708830193454493,0.4611502096183161,0.6581165936261347,0.37081492171459096,0.9995749822840088,0.24595395720858346,0.6581165936261347,306.82635892624694,394.9660062884809,681.6675849939197,49.800284140985625,273.9471678820878
ID_22_ri_OA_gaitinitiation_0_bl3_GO0014,22,OA,False,early,371.5,08_le_gastroc_med,0.49932856102327977,0.01994036000425845,0.3537055103001933,0.011775282580298259,0.7166273642638427,0.9996176204025963,0.32448428185100003,0.5085079145614464,0.04670880353404117,0.9996176204025963,439.1579861116014,239.66315110343484,337.985898128676,15.80955979095518,425.96391270638253
ID_22_ri_OA_gaitinitiation_0_bl4_GO0009,22,OA,False,late,300.5,01_ri_soleus,0.054562443712722786,0.029041682480726097,0.32504757615681723,0.03271559249847356,0.05327076955193201,0.12241932821745001,0.11092672506494643,0.9991277585535018,0.11092672506494643,0.12241932821745001,20.10907875096384,401.5754048035629,380.2846250184848,39.264257800700584,7.483868284922771
ID_22_ri_OA_gaitinitiation_0_bl4_GO0009,22,OA,False,late,300.5,02_ri_gastroc_med,0.06787031611797847,0.005606195155622025,0.143757791010175,0.03882412406056668,0.061827675691302236,0.12762390422817774,0.24882417364929638,0.46016559557200043,0.24882417364929638,0.12762390422817774,25.03517058498168,77.50842821582195,168.20947277309983,46.61827882779488,8.69322295516264
ID_22_ri_OA_gaitinitiation_0_bl4_GO0009,22,OA,False,late,300.5,03_ri_tib_ant,0.08062822031389447,0.009298715393137117,0.2893288004232043,0.09045751852731687,0.10038395774516147,0.1413529685260076,0.29733515209055883,0.5677544815349547,0.29733515209055883,0.1413529685260076,29.741133701877043,128.5496748873636,338.6539018999704,108.62172054385861,14.138508416094743
ID_22_ri_OA_gaitinitiation_0_bl4_GO0009,22,OA,False,late,300.5,06_le_tib_ant,0.048725327509759796,0.034816939848071056,0.015783268103992748,0.3912922184565086,0.05654128385381093,0.28613516995522337,0.9994711286342017,0.1850480895434023,0.9994711286342017,0.07858485826608513,17.834609067092742,481.4754768017475,18.34507678806349,469.78348006247774,7.98224321610373
ID_22_ri_OA_gaitinitiation_0_bl4_GO0009,22,OA,False,late,300.5,07_le_soleus,0.6849375349967878,0.03958347676558935,0.6809175157820587,0.04865741060700052,0.5558919577912348,0.8761195121199895,0.8761195121199895,0.9995305406163266,0.6081995880748001,0.6693528488707893,252.7678745849781,547.0827504506968,796.7783427194668,58.107531670621185,78.32451540564264
ID_22_ri_OA_gaitinitiation_0_bl4_GO0009,22,OA,False,late,300.5,08_le_gastroc_med,0.7071120754867768,0.029298309532755046,0.2784102805236409,0.024713962633265512,0.48252270526520824,0.9995335273277097,0.9995335273277097,0.46834158482775406,0.4978331261685914,0.6788858916301662,261.2003777208739,404.81339718300165,325.777799646961,29.40934681498384,68.01034599230528
ID_22_ri_OA_gaitinitiation_0_bl4_GO0012,22,OA,True,late,350.0,01_ri_soleus,0.38675094922796793,0.11862278051430393,0.2496734744892613,0.13784726872110403,0.08214081938261515,0.9990293585460008,0.9990293585460008,0.6986413851175026,0.8930306438240561,0.15731287263046725,135.20634051692537,940.1012086901414,223.57598150800177,178.68966853523108,10.147855640149446
ID_22_ri_OA_gaitinitiation_0_bl4_GO0012,22,OA,True,late,350.0,02_ri_gastroc_med,0.18581871745059067,0.03473186083092793,0.13950251980171088,0.12281620014206962,0.09353288753525574,0.70286677470814,0.9991924373540719,0.39282897091330515,0.9991924373540719,0.10992360362727036,64.79686402765479,275.23198808094025,124.89570771306444,159.27323215645958,11.583644290605818
ID_22_ri_OA_gaitinitiation_0_bl4_GO0012,22,OA,True,late,350.0,03_ri_tib_ant,0.5155922056756611,0.03416671190360989,0.14413375827234187,0.09452560611251135,0.34406621325361064,0.9990337635334832,0.9990337635334832,0.7888677108741582,0.48256309537427056,0.7651269239091001,180.83002163907662,270.40122103405315,129.12959187774038,122.75255548149754,42.594644387975855
ID_22_ri_OA_gaitinitiation_0_bl4_GO0012,22,OA,True,late,350.0,06_le_tib_ant,0.11357073160111414,0.03524938352703417,0.45202141584017774,0.19943783923560554,0.18493464629803907,0.3310956014119306,0.7577744581457472,0.9970248457819656,0.7577744581457472,0.272301385754676,39.54696293543433,279.3520702895069,404.67054006695616,259.08801896272155,22.94337602214428
ID_22_ri_OA_gaitinitiation_0_bl4_GO0012,22,OA,True,late,350.0,07_le_soleus,0.5165967206296931,0.04227898235051105,0.1466025450794775,0.0500461408194851,0.14267813553357162,0.9994421428103679,0.9994421428103679,0.2717529387086747,0.6606664335336772,0.21709823157251323,180.91325523773685,334.9775072515247,131.2611388428029,64.70071276373605,17.656530849072308
ID_22_ri_OA_gaitinitiation_0_bl4_GO0012,22,OA,True,late,350.0,08_le_gastroc_med,0.662102993228424,0.0543448520599468,0.17649184935876192,0.0647095936182631,0.3887885265707216,0.999431667541835,0.999431667541835,0.3386404715256429,0.6367131823116804,0.497206201754385,231.9343481175251,430.466521372032,157.96227768445164,83.77529990045223,48.21374947058792
ID_22_ri_OA_gaitinitiation_0_bl4_GO0013,22,OA,True,early,399.5,01_ri_soleus,0.11256698991692854,0.06908504805545268,nan,0.07052227854737168,0.0596510030194973,0.32895373202272,0.32895373202272,nan,0.30977774853946694,0.07561864708194192,61.04740195791839,826.9059607065552,0.0,98.47582881014702,22.119375921529603
ID_22_ri_OA_gaitinitiation_0_bl4_GO0013,22,OA,True,early,399.5,02_ri_gastroc_med,0.06260881441736188,0.005836761810084007,nan,0.01105850340338431,0.013479528755472174,0.23311320655368922,0.23311320655368922,nan,0.2058506164618657,0.04312147333005383,33.951353660466,69.84479844871417,0.0,15.363828614814793,4.989216153990348
ID_22_ri_OA_gaitinitiation_0_bl4_GO0013,22,OA,True,early,399.5,03_ri_tib_ant,-0.0033336230451067633,0.034948938371507955,nan,0.2900986005065463,-0.00030400287692320494,0.09600861108988366,0.9991376213122013,nan,0.9991376213122013,0.003072742671577807,-1.8706071900397248,418.37918268189003,0.0,405.7889911212764,-0.10402397886591175
ID_22_ri_OA_gaitinitiation_0_bl4_GO0013,22,OA,True,early,399.5,06_le_tib_ant,0.004820215516462918,0.02118629989982881,nan,0.17902285085690955,0.0045479716628722845,0.0640198748387025,0.9988688420962714,nan,0.9988688420962714,0.007250162650444353,2.5826156798316955,253.62256294004155,0.0,250.41549173065135,1.6900352804947398
ID_22_ri_OA_gaitinitiation_0_bl4_GO0013,22,OA,True,early,399.5,07_le_soleus,0.34109119836507223,0.06462399686172872,nan,0.08754468707219791,0.15636953375188098,0.9996319442288341,0.9996319442288341,nan,0.9812724323434351,0.3315393055523448,185.00864848946046,773.3999506781253,0.0,121.95900983210163,57.94782370061253
ID_22_ri_OA_gaitinitiation_0_bl4_GO0013,22,OA,True,early,399.5,08_le_gastroc_med,0.24870913131776404,0.03162241933434057,nan,0.08170410890844977,0.12872316644331072,0.9491495927613723,0.9992332447634192,nan,0.9992332447634192,0.1669089816001294,134.78397685668753,378.4616533089883,0.0,113.81315972152844,47.7776008606609
